{"alpha": 0.8, "train_mean": 0.6417316017316017, "train_median": 0.625974025974026, "train_std": 0.026614893238913737, "test_mean": 0.639446366782007, "test_median": 0.6262975778546713, "test_std": 0.02340696820109032}