{"alpha": 0.9, "train_mean": 0.9010398613518198, "train_median": 0.9003466204506065, "train_std": 0.002815957852560145, "test_mean": 0.8903448275862068, "test_median": 0.8862068965517241, "test_std": 0.009605785018747688}