{"alpha": 0.9, "train_mean": 0.677922077922078, "train_median": 0.6796536796536796, "train_std": 0.007076300170286621, "test_mean": 0.7058823529411764, "test_median": 0.698961937716263, "test_std": 0.02064558323899833}