{"alpha": 0.6, "train_mean": 0.6498845265588914, "train_median": 0.6243264049268669, "train_std": 0.03130217839122456, "test_mean": 0.6468965517241381, "test_median": 0.6275862068965518, "test_std": 0.0236502457923893}