{"alpha": 0.9, "train_mean": 0.796883116883117, "train_median": 0.793939393939394, "train_std": 0.0049766607318441234, "test_mean": 0.7944636678200692, "test_median": 0.7923875432525952, "test_std": 0.006033078122547651}