{"alpha": 0.9, "train_mean": 1.0, "train_median": 1.0, "train_std": 0.0, "test_mean": 0.8262068965517241, "test_median": 0.8310344827586207, "test_std": 0.02165561168014839}