{"alpha": 0.9, "train_mean": 0.6043290043290044, "train_median": 0.6043290043290044, "train_std": 0.006170919370114419, "test_mean": 0.5743944636678201, "test_median": 0.5674740484429066, "test_std": 0.012946911372920197}