{"alpha": 0.9, "train_mean": 0.6122943722943723, "train_median": 0.6121212121212121, "train_std": 0.002969078476100805, "test_mean": 0.5799307958477509, "test_median": 0.5709342560553633, "test_std": 0.01394425029730786}