{"alpha": 0.5, "train_mean": 0.9587878787878787, "train_median": 0.9584415584415584, "train_std": 0.001782793098006419, "test_mean": 0.5190311418685122, "test_median": 0.5190311418685121, "test_std": 0.009023117515851409}