{"alpha": 0.9, "train_mean": 0.7017705927636644, "train_median": 0.7020785219399538, "train_std": 0.0026489069336543786, "test_mean": 0.7089655172413794, "test_median": 0.7103448275862069, "test_std": 0.019211570037495337}