{"alpha": 0.9, "train_mean": 0.5956889915319478, "train_median": 0.5958429561200924, "train_std": 0.001131404038237048, "test_mean": 0.5958620689655173, "test_median": 0.6, "test_std": 0.008275862068965488}