{"alpha": 0.8, "train_mean": 1.0, "train_median": 1.0, "train_std": 0.0, "test_mean": 0.8650519031141869, "test_median": 0.8615916955017301, "test_std": 0.010942137232416514}