{"alpha": 0.2, "train_mean": 0.9979220779220779, "train_median": 0.9974025974025974, "train_std": 0.0006926406926406836, "test_mean": 0.8567474048442907, "test_median": 0.8512110726643599, "test_std": 0.02423133757787073}