{"alpha": 0.5, "train_mean": 0.8629715165511932, "train_median": 0.8706697459584296, "train_std": 0.016774369453382412, "test_mean": 0.8455172413793104, "test_median": 0.8275862068965517, "test_std": 0.03532758199962954}