{"alpha": 0.9, "train_mean": 1.0, "train_median": 1.0, "train_std": 0.0, "test_mean": 0.5550173010380623, "test_median": 0.5605536332179931, "test_std": 0.021949829103326948}