{"alpha": 0.4, "train_mean": 0.7430331023864511, "train_median": 0.7428791377983064, "train_std": 0.0114120895828831, "test_mean": 0.7462068965517241, "test_median": 0.7241379310344828, "test_std": 0.04215367390327207}