{"alpha": 0.2, "train_mean": 0.7198268398268398, "train_median": 0.7220779220779221, "train_std": 0.008788625136242076, "test_mean": 0.7044982698961938, "test_median": 0.7058823529411765, "test_std": 0.014615025662244208}