{"alpha": 0.2, "train_mean": 0.9998268398268397, "train_median": 1.0, "train_std": 0.00034632034632036123, "test_mean": 0.8851211072664361, "test_median": 0.889273356401384, "test_std": 0.011029326955369687}