{"alpha": 0.6, "train_mean": 0.8609699769053119, "train_median": 0.8906851424172441, "train_std": 0.041300408870030676, "test_mean": 0.8179310344827586, "test_median": 0.8413793103448276, "test_std": 0.0706820853810701}