{"alpha": 0.4, "train_mean": 0.722247882986913, "train_median": 0.7421093148575828, "train_std": 0.04333057000619282, "test_mean": 0.5889655172413792, "test_median": 0.5724137931034483, "test_std": 0.025656655500328657}