{"alpha": 0.4, "train_mean": 0.7016166281755196, "train_median": 0.7074672825250192, "train_std": 0.01113026609510567, "test_mean": 0.6786206896551724, "test_median": 0.6689655172413793, "test_std": 0.037673104231028036}