{"alpha": 0.2, "train_mean": 0.6631254811393379, "train_median": 0.6712856043110085, "train_std": 0.01754520891616408, "test_mean": 0.6386206896551723, "test_median": 0.6413793103448275, "test_std": 0.009354937907758966}