{"alpha": 0.8, "train_mean": 0.6303310238645112, "train_median": 0.6158583525789069, "train_std": 0.01836894971756025, "test_mean": 0.6027586206896551, "test_median": 0.6137931034482759, "test_std": 0.016085384537504268}