{"alpha": 0.9, "train_mean": 0.9053726169844021, "train_median": 0.9055459272097054, "train_std": 0.0033516602436419025, "test_mean": 0.8786206896551725, "test_median": 0.8862068965517241, "test_std": 0.014032406861638515}