{"alpha": 0.9, "train_mean": 0.9064124783362217, "train_median": 0.9072790294627383, "train_std": 0.0035938373229337487, "test_mean": 0.8689655172413794, "test_median": 0.8551724137931035, "test_std": 0.021917584251131994}