{"alpha": 0.9, "train_mean": 0.6109314857582756, "train_median": 0.6081601231716706, "train_std": 0.00815576451926038, "test_mean": 0.5875862068965517, "test_median": 0.593103448275862, "test_std": 0.019211570037495334}