{"alpha": 0.9, "train_mean": 0.7091608929946113, "train_median": 0.7097767513471901, "train_std": 0.03944138835125616, "test_mean": 0.6620689655172413, "test_median": 0.6551724137931034, "test_std": 0.034344550615141335}