{"alpha": 0.9, "train_mean": 0.6685142417244034, "train_median": 0.6697459584295612, "train_std": 0.004556935669576218, "test_mean": 0.6455172413793103, "test_median": 0.6344827586206897, "test_std": 0.014200869159982046}