{"alpha": 0.9, "train_mean": 0.5967099567099566, "train_median": 0.5965367965367966, "train_std": 0.00034632034632031683, "test_mean": 0.5972318339100346, "test_median": 0.5986159169550173, "test_std": 0.002768166089965396}