{"alpha": 0.9, "train_mean": 1.0, "train_median": 1.0, "train_std": 0.0, "test_mean": 0.8165517241379311, "test_median": 0.8103448275862069, "test_std": 0.0202716392506194}