{"alpha": 0.5, "train_mean": 0.8398768283294842, "train_median": 0.8244803695150116, "train_std": 0.03478713942323326, "test_mean": 0.809655172413793, "test_median": 0.8344827586206897, "test_std": 0.05097853410365884}