{"alpha": 0.8, "train_mean": 0.7622786759045419, "train_median": 0.7729022324865281, "train_std": 0.03299443521783438, "test_mean": 0.7324137931034482, "test_median": 0.7310344827586207, "test_std": 0.03787456611791995}