{"alpha": 0.9, "train_mean": 0.6682842287694973, "train_median": 0.6681109185441941, "train_std": 0.004790389934518278, "test_mean": 0.6593103448275863, "test_median": 0.6655172413793103, "test_std": 0.02412807680625642}