{"alpha": 0.4, "train_mean": 0.6825974025974026, "train_median": 0.677056277056277, "train_std": 0.009430475362209584, "test_mean": 0.6359861591695501, "test_median": 0.6262975778546713, "test_std": 0.026838365992616332}