{"alpha": 0.6, "train_mean": 0.8307929176289454, "train_median": 0.829869130100077, "train_std": 0.013113228237023915, "test_mean": 0.7848275862068965, "test_median": 0.7793103448275862, "test_std": 0.03787456611791996}