{"alpha": 0.9, "train_mean": 0.7059276366435719, "train_median": 0.6905311778290993, "train_std": 0.042257600042430246, "test_mean": 0.7006896551724138, "test_median": 0.696551724137931, "test_std": 0.043748280074906776}