{"alpha": 0.4, "train_mean": 0.44571428571428573, "train_median": 0.44502164502164504, "train_std": 0.0024118421259193253, "test_mean": 0.4422145328719723, "test_median": 0.43252595155709345, "test_std": 0.01742516029344522}