{"alpha": 0.9, "train_mean": 0.6294627383015599, "train_median": 0.6282495667244368, "train_std": 0.0030808299540088435, "test_mean": 0.6103448275862069, "test_median": 0.6206896551724138, "test_std": 0.03190354070681483}