{"alpha": 0.9, "train_mean": 0.6110854503464204, "train_median": 0.6073903002309469, "train_std": 0.012292122344087499, "test_mean": 0.6096551724137931, "test_median": 0.6068965517241379, "test_std": 0.01032181348075572}