{"alpha": 0.6, "train_mean": 0.6489607390300232, "train_median": 0.6243264049268669, "train_std": 0.03020611003679756, "test_mean": 0.6455172413793104, "test_median": 0.6275862068965518, "test_std": 0.02206896551724137}