{"alpha": 0.2, "train_mean": 1.0, "train_median": 1.0, "train_std": 0.0, "test_mean": 0.9044982698961939, "test_median": 0.8996539792387543, "test_std": 0.024132312490190575}