{"alpha": 0.9, "train_mean": 1.0, "train_median": 1.0, "train_std": 0.0, "test_mean": 0.8401384083044983, "test_median": 0.8339100346020761, "test_std": 0.018876376051191496}