{"alpha": 0.9, "train_mean": 0.618008658008658, "train_median": 0.6181818181818182, "train_std": 0.00384867718976501, "test_mean": 0.556401384083045, "test_median": 0.5467128027681661, "test_std": 0.028314564076787226}