{"alpha": 0.5, "train_mean": 1.0, "train_median": 1.0, "train_std": 0.0, "test_mean": 0.6546712802768166, "test_median": 0.6539792387543253, "test_std": 0.01686651571896739}