{"alpha": 0.6, "train_mean": 0.8405545927209704, "train_median": 0.8422876949740035, "train_std": 0.00803606455415572, "test_mean": 0.8096551724137931, "test_median": 0.8, "test_std": 0.022068965517241374}