{"alpha": 0.8, "train_mean": 0.6876058506543495, "train_median": 0.7105465742879138, "train_std": 0.0706031307475182, "test_mean": 0.686896551724138, "test_median": 0.6620689655172414, "test_std": 0.06932321033450517}