{"alpha": 0.9, "train_mean": 0.6820631254811393, "train_median": 0.6820631254811393, "train_std": 0.00548684516742277, "test_mean": 0.6455172413793103, "test_median": 0.6620689655172414, "test_std": 0.030407458875929123}