{"alpha": 0.9, "train_mean": 0.6150649350649351, "train_median": 0.6138528138528139, "train_std": 0.005381911781097868, "test_mean": 0.5702422145328719, "test_median": 0.5743944636678201, "test_std": 0.019377162629757774}