{"alpha": 0.8, "train_mean": 0.7010007698229408, "train_median": 0.6959199384141648, "train_std": 0.0560896185468593, "test_mean": 0.710344827586207, "test_median": 0.6827586206896552, "test_std": 0.07350572465916813}