{"alpha": 0.9, "train_mean": 0.580952380952381, "train_median": 0.5818181818181818, "train_std": 0.010461511665449867, "test_mean": 0.5231833910034601, "test_median": 0.5190311418685121, "test_std": 0.025085908595698075}