{"alpha": 0.9, "train_mean": 0.7063895304080061, "train_median": 0.7036181678214011, "train_std": 0.10901366958535737, "test_mean": 0.6993103448275862, "test_median": 0.7034482758620689, "test_std": 0.12013468462298856}