{"alpha": 0.8, "train_mean": 0.8265164644714039, "train_median": 0.8266897746967071, "train_std": 0.006400757474044833, "test_mean": 0.8055172413793104, "test_median": 0.7896551724137931, "test_std": 0.02631556417701919}