{"alpha": 0.8, "train_mean": 0.8138568129330255, "train_median": 0.8190916089299461, "train_std": 0.029496979251308498, "test_mean": 0.7972413793103449, "test_median": 0.7931034482758621, "test_std": 0.012024548809767357}