{"alpha": 0.9, "train_mean": 0.8253032928942808, "train_median": 0.8275563258232236, "train_std": 0.005386575482814575, "test_mean": 0.8124137931034483, "test_median": 0.8137931034482758, "test_std": 0.01806317359132246}