{"alpha": 0.6, "train_mean": 0.9965367965367966, "train_median": 0.9965367965367965, "train_std": 0.0005475805472152923, "test_mean": 0.8034602076124567, "test_median": 0.8027681660899654, "test_std": 0.015689666503466603}