{"alpha": 0.9, "train_mean": 0.5967099567099567, "train_median": 0.5965367965367966, "train_std": 0.00034632034632031683, "test_mean": 0.5951557093425606, "test_median": 0.5986159169550173, "test_std": 0.006920415224913467}