{"alpha": 0.5, "train_mean": 0.7889177489177489, "train_median": 0.7922077922077922, "train_std": 0.005431822386617567, "test_mean": 0.7875432525951558, "test_median": 0.7854671280276817, "test_std": 0.020009456463392354}