{"alpha": 0.2, "train_mean": 0.6628571428571428, "train_median": 0.6701298701298701, "train_std": 0.01810000144434738, "test_mean": 0.6484429065743944, "test_median": 0.6505190311418685, "test_std": 0.0027681660899653905}