{"alpha": 0.9, "train_mean": 0.9993073593073593, "train_median": 0.9991341991341991, "train_std": 0.000647906040999809, "test_mean": 0.8705882352941176, "test_median": 0.8650519031141869, "test_std": 0.019647155109451062}