{"alpha": 0.9, "train_mean": 0.9013864818024263, "train_median": 0.8994800693240901, "train_std": 0.004294458125949355, "test_mean": 0.8965517241379309, "test_median": 0.8896551724137931, "test_std": 0.016751665933091204}