{"alpha": 0.6, "train_mean": 0.6656277056277056, "train_median": 0.6597402597402597, "train_std": 0.009283065041510089, "test_mean": 0.641522491349481, "test_median": 0.6401384083044983, "test_std": 0.0035287332273998572}