{"alpha": 0.9, "train_mean": 0.6055427251732102, "train_median": 0.6096997690531177, "train_std": 0.0073935071307424036, "test_mean": 0.5917241379310345, "test_median": 0.6, "test_std": 0.017116791235849447}