{"alpha": 0.4, "train_mean": 0.6304849884526559, "train_median": 0.6304849884526559, "train_std": 0.0, "test_mean": 0.6275862068965518, "test_median": 0.6275862068965518, "test_std": 0.0}