{"alpha": 0.6, "train_mean": 0.7501154734411085, "train_median": 0.7598152424942263, "train_std": 0.023072095698142198, "test_mean": 0.7351724137931035, "test_median": 0.7448275862068966, "test_std": 0.03586206896551724}