{"alpha": 0.9, "train_mean": 0.5930715935334874, "train_median": 0.596612779060816, "train_std": 0.004659813995510849, "test_mean": 0.5820689655172414, "test_median": 0.593103448275862, "test_std": 0.01979682771642389}