{"alpha": 0.9, "train_mean": 0.6131601731601732, "train_median": 0.6138528138528139, "train_std": 0.0026488413057624838, "test_mean": 0.5750865051903113, "test_median": 0.5743944636678201, "test_std": 0.009387307935121478}