{"alpha": 0.9, "train_mean": 0.6041570438799075, "train_median": 0.6073903002309469, "train_std": 0.006242689740635346, "test_mean": 0.6055172413793103, "test_median": 0.6, "test_std": 0.011865276230403647}