{"alpha": 0.4, "train_mean": 0.8541955350269438, "train_median": 0.8483448806774442, "train_std": 0.022304150087650625, "test_mean": 0.8303448275862069, "test_median": 0.8206896551724138, "test_std": 0.02744792929949295}