{"alpha": 0.4, "train_mean": 1.0, "train_median": 1.0, "train_std": 0.0, "test_mean": 0.8449826989619378, "test_median": 0.8408304498269896, "test_std": 0.018361936555600856}