{"alpha": 0.4, "train_mean": 0.8724436741767765, "train_median": 0.8708838821490468, "train_std": 0.011102681024642626, "test_mean": 0.8455172413793104, "test_median": 0.8448275862068966, "test_std": 0.02152342970252032}