{"alpha": 0.8, "train_mean": 0.6214718614718614, "train_median": 0.6199134199134199, "train_std": 0.0033932325441152216, "test_mean": 0.5979238754325259, "test_median": 0.5951557093425606, "test_std": 0.010586199682199567}