{"alpha": 0.9, "train_mean": 0.6036951501154736, "train_median": 0.596612779060816, "train_std": 0.008728583700112933, "test_mean": 0.5834482758620689, "test_median": 0.6, "test_std": 0.020735581211548827}