{"alpha": 0.4, "train_mean": 0.7197844495765974, "train_median": 0.7105465742879138, "train_std": 0.015280549069499, "test_mean": 0.6993103448275862, "test_median": 0.7034482758620689, "test_std": 0.025656655500328657}