{"alpha": 0.9, "train_mean": 0.8143187066974595, "train_median": 0.8160123171670516, "train_std": 0.002728259452912902, "test_mean": 0.7999999999999999, "test_median": 0.7862068965517242, "test_std": 0.025804533701889253}