{"alpha": 0.8, "train_mean": 0.48432900432900433, "train_median": 0.4857142857142857, "train_std": 0.00842277853299763, "test_mean": 0.46366782006920415, "test_median": 0.45674740484429066, "test_std": 0.021553510729961835}