{"alpha": 0.5, "train_mean": 0.6922247882986914, "train_median": 0.7036181678214011, "train_std": 0.04587886389594092, "test_mean": 0.686896551724138, "test_median": 0.6482758620689655, "test_std": 0.053170580047990045}