{"alpha": 0.8, "train_mean": 0.8387990762124711, "train_median": 0.8344880677444187, "train_std": 0.01207027382449248, "test_mean": 0.8206896551724137, "test_median": 0.8137931034482758, "test_std": 0.02308027659404343}