{"alpha": 0.4, "train_mean": 0.8178509532062392, "train_median": 0.8206239168110918, "train_std": 0.006137237854289721, "test_mean": 0.783448275862069, "test_median": 0.7862068965517242, "test_std": 0.011205570213291001}