{"alpha": 0.9, "train_mean": 0.7248484848484849, "train_median": 0.7264069264069264, "train_std": 0.005541125541125542, "test_mean": 0.7058823529411764, "test_median": 0.7024221453287197, "test_std": 0.022742805155923845}