{"alpha": 0.9, "train_mean": 0.606158583525789, "train_median": 0.6081601231716706, "train_std": 0.009901730679484877, "test_mean": 0.5779310344827586, "test_median": 0.593103448275862, "test_std": 0.046448160663400656}