{"alpha": 0.5, "train_mean": 0.7187066974595843, "train_median": 0.7190146266358738, "train_std": 0.00885262910636801, "test_mean": 0.6827586206896552, "test_median": 0.6620689655172414, "test_std": 0.05465272484457641}