{"alpha": 0.9, "train_mean": 0.6167965367965368, "train_median": 0.6173160173160173, "train_std": 0.0018649921409989584, "test_mean": 0.5501730103806228, "test_median": 0.5501730103806228, "test_std": 0.006565282339449941}