{"alpha": 0.9, "train_mean": 0.7551963048498845, "train_median": 0.7559661277906081, "train_std": 0.003040556991244284, "test_mean": 0.7448275862068965, "test_median": 0.7310344827586207, "test_std": 0.020918277087038747}