{"alpha": 0.6, "train_mean": 0.8007698229407236, "train_median": 0.8006158583525789, "train_std": 0.004419615117600417, "test_mean": 0.7613793103448276, "test_median": 0.7517241379310344, "test_std": 0.028800845541822186}