{"alpha": 0.9, "train_mean": 1.0, "train_median": 1.0, "train_std": 0.0, "test_mean": 0.8799999999999999, "test_median": 0.8724137931034482, "test_std": 0.019796827716423868}