{"alpha": 0.9, "train_mean": 0.8599134199134199, "train_median": 0.858008658008658, "train_std": 0.0041846046661799564, "test_mean": 0.5349480968858131, "test_median": 0.532871972318339, "test_std": 0.010170891665535718}