{"alpha": 0.8, "train_mean": 0.4611255411255411, "train_median": 0.4614718614718615, "train_std": 0.010253071060147162, "test_mean": 0.45328719723183386, "test_median": 0.4740484429065744, "test_std": 0.03765112943594586}