{"alpha": 0.9, "train_mean": 0.5973826020015396, "train_median": 0.5973826020015397, "train_std": 0.0006885505704387412, "test_mean": 0.5931034482758621, "test_median": 0.6, "test_std": 0.008723524579774822}