{"alpha": 0.8, "train_mean": 0.8358737490377214, "train_median": 0.8352578906851424, "train_std": 0.007438258555307871, "test_mean": 0.8331034482758619, "test_median": 0.8275862068965517, "test_std": 0.020177570811486613}