{"alpha": 0.9, "train_mean": 0.8913344887348353, "train_median": 0.8925476603119584, "train_std": 0.003898517115841263, "test_mean": 0.8820689655172413, "test_median": 0.8827586206896552, "test_std": 0.01501485590143261}