{"alpha": 0.6, "train_mean": 0.8478336221837088, "train_median": 0.8492201039861352, "train_std": 0.007158362713366842, "test_mean": 0.8317241379310344, "test_median": 0.8310344827586207, "test_std": 0.0166662703084063}