{"alpha": 0.9, "train_mean": 0.9927272727272728, "train_median": 0.9922077922077922, "train_std": 0.001174429434307417, "test_mean": 0.8546712802768166, "test_median": 0.8512110726643599, "test_std": 0.022847853313798166}