{"alpha": 0.4, "train_mean": 0.8515781370284834, "train_median": 0.8521939953810623, "train_std": 0.005602280338309565, "test_mean": 0.8441379310344829, "test_median": 0.8344827586206897, "test_std": 0.04524474335684615}