{"alpha": 0.9, "train_mean": 0.8287694974003467, "train_median": 0.8292894280762565, "train_std": 0.00419539633861702, "test_mean": 0.8262068965517242, "test_median": 0.8241379310344827, "test_std": 0.010367790605774441}