{"alpha": 0.9, "train_mean": 0.6658578856152512, "train_median": 0.67157712305026, "train_std": 0.01633718930091435, "test_mean": 0.6579310344827587, "test_median": 0.6689655172413793, "test_std": 0.02174328657990959}