{"alpha": 0.9, "train_mean": 0.6704761904761904, "train_median": 0.6683982683982684, "train_std": 0.007276848966043544, "test_mean": 0.641522491349481, "test_median": 0.6401384083044983, "test_std": 0.02280589211527207}