{"alpha": 0.2, "train_mean": 0.7436489607390301, "train_median": 0.74364896073903, "train_std": 0.0022311588523771337, "test_mean": 0.72, "test_median": 0.7172413793103448, "test_std": 0.01829861953299531}