{"alpha": 0.9, "train_mean": 0.6431168831168831, "train_median": 0.6467532467532467, "train_std": 0.006913407715212879, "test_mean": 0.6276816608996539, "test_median": 0.629757785467128, "test_std": 0.025104992591303877}