{"alpha": 0.9, "train_mean": 1.0, "train_median": 1.0, "train_std": 0.0, "test_mean": 0.5058823529411763, "test_median": 0.4913494809688581, "test_std": 0.03128762506700987}