{"alpha": 0.2, "train_mean": 0.7551963048498844, "train_median": 0.7344110854503464, "train_std": 0.03673918991053885, "test_mean": 0.6924137931034483, "test_median": 0.6896551724137931, "test_std": 0.035327581999629536}