{"alpha": 0.9, "train_mean": 1.0, "train_median": 1.0, "train_std": 0.0, "test_mean": 0.786159169550173, "test_median": 0.7889273356401384, "test_std": 0.024701132591798975}