{"alpha": 0.4, "train_mean": 0.6954112554112555, "train_median": 0.6917748917748918, "train_std": 0.010028351331996697, "test_mean": 0.6498269896193772, "test_median": 0.6332179930795848, "test_std": 0.025838276404975016}