{"alpha": 0.5, "train_mean": 1.0, "train_median": 1.0, "train_std": 0.0, "test_mean": 0.8882758620689655, "test_median": 0.8862068965517241, "test_std": 0.014400422770911131}