{"alpha": 0.8, "train_mean": 0.6354118552732871, "train_median": 0.6451116243264049, "train_std": 0.0627537450095389, "test_mean": 0.6234482758620691, "test_median": 0.6, "test_std": 0.06344827586206897}