{"alpha": 0.9, "train_mean": 0.6891454965357967, "train_median": 0.6882217090069284, "train_std": 0.003132715927540514, "test_mean": 0.6744827586206895, "test_median": 0.6551724137931034, "test_std": 0.0376225701985817}