{"alpha": 0.6, "train_mean": 1.0, "train_median": 1.0, "train_std": 0.0, "test_mean": 0.8337931034482757, "test_median": 0.8310344827586207, "test_std": 0.006686454975746674}