{"alpha": 0.9, "train_mean": 0.9993073593073593, "train_median": 0.9991341991341991, "train_std": 0.00034632034632036123, "test_mean": 0.673356401384083, "test_median": 0.671280276816609, "test_std": 0.014939123283683678}