{"alpha": 0.9, "train_mean": 0.6505627705627706, "train_median": 0.6329004329004329, "train_std": 0.029271752878428346, "test_mean": 0.6657439446366782, "test_median": 0.6608996539792388, "test_std": 0.024132312490190582}