{"alpha": 0.9, "train_mean": 1.0, "train_median": 1.0, "train_std": 0.0, "test_mean": 0.7337931034482759, "test_median": 0.7379310344827587, "test_std": 0.01816819292733723}