{"alpha": 0.5, "train_mean": 0.8659740259740261, "train_median": 0.8658008658008658, "train_std": 0.007147971407982776, "test_mean": 0.5439446366782007, "test_median": 0.5467128027681661, "test_std": 0.019128408250637018}