{"alpha": 0.9, "train_mean": 0.7667244367417678, "train_median": 0.7660311958405546, "train_std": 0.001929900992315458, "test_mean": 0.7737931034482759, "test_median": 0.7689655172413793, "test_std": 0.011865276230403647}