{"alpha": 0.9, "train_mean": 0.6852686308492201, "train_median": 0.6854419410745234, "train_std": 0.0040792382308283606, "test_mean": 0.6793103448275861, "test_median": 0.6724137931034483, "test_std": 0.030140377080568506}