{"alpha": 0.8, "train_mean": 1.0, "train_median": 1.0, "train_std": 0.0, "test_mean": 0.8082758620689656, "test_median": 0.8, "test_std": 0.023750586700306983}