{"alpha": 0.8, "train_mean": 0.9986147186147185, "train_median": 0.9982683982683983, "train_std": 0.000424154068014367, "test_mean": 0.7647058823529412, "test_median": 0.7647058823529411, "test_std": 0.018697932299109064}