{"alpha": 0.6, "train_mean": 0.8220103986135182, "train_median": 0.8206239168110918, "train_std": 0.0037412535779762584, "test_mean": 0.8144827586206898, "test_median": 0.8068965517241379, "test_std": 0.01608538453750428}