{"alpha": 0.9, "train_mean": 0.59153194765204, "train_median": 0.596612779060816, "train_std": 0.010161662817551952, "test_mean": 0.5958620689655173, "test_median": 0.6, "test_std": 0.008275862068965488}