{"alpha": 0.6, "train_mean": 0.7052813852813853, "train_median": 0.7064935064935065, "train_std": 0.00894083507769738, "test_mean": 0.7024221453287197, "test_median": 0.6816608996539792, "test_std": 0.03694490744647513}