{"alpha": 0.8, "train_mean": 0.6935064935064935, "train_median": 0.696969696969697, "train_std": 0.011525237258731579, "test_mean": 0.6761245674740485, "test_median": 0.6643598615916955, "test_std": 0.029409729219205216}