{"alpha": 0.9, "train_mean": 0.596612779060816, "train_median": 0.596612779060816, "train_std": 0.0, "test_mean": 0.5986206896551725, "test_median": 0.6, "test_std": 0.002758620689655178}