{"alpha": 0.9, "train_mean": 0.6517321016166282, "train_median": 0.657428791377983, "train_std": 0.05400975927370262, "test_mean": 0.6331034482758621, "test_median": 0.6275862068965518, "test_std": 0.05626504290861002}