{"alpha": 0.8, "train_mean": 0.8369515011547344, "train_median": 0.8321785989222479, "train_std": 0.00800615858352577, "test_mean": 0.8055172413793104, "test_median": 0.7862068965517242, "test_std": 0.039593655432847784}