{"alpha": 0.9, "train_mean": 0.827097767513472, "train_median": 0.9799846035411856, "train_std": 0.18819209446957658, "test_mean": 0.5751724137931035, "test_median": 0.5586206896551724, "test_std": 0.02027163925061939}