{"alpha": 0.9, "train_mean": 0.5980952380952381, "train_median": 0.5982683982683983, "train_std": 0.001765894203841635, "test_mean": 0.5958477508650519, "test_median": 0.5951557093425606, "test_std": 0.0045904841389001975}