{"alpha": 0.8, "train_mean": 0.9935930735930736, "train_median": 0.9930735930735931, "train_std": 0.0010389610389610394, "test_mean": 0.5750865051903115, "test_median": 0.5743944636678201, "test_std": 0.019865328850390763}