{"alpha": 0.9, "train_mean": 0.8839107005388762, "train_median": 0.9430331023864511, "train_std": 0.14507958226907144, "test_mean": 0.583448275862069, "test_median": 0.5862068965517241, "test_std": 0.029454008971120868}