{"alpha": 0.8, "train_mean": 0.9180908391070055, "train_median": 0.9284064665127021, "train_std": 0.019258502200916204, "test_mean": 0.9048275862068966, "test_median": 0.8827586206896552, "test_std": 0.036336385854674476}