{"alpha": 0.9, "train_mean": 1.0, "train_median": 1.0, "train_std": 0.0, "test_mean": 0.8931034482758621, "test_median": 0.8862068965517241, "test_std": 0.018376431164792043}