{"alpha": 0.9, "train_mean": 0.6783362218370883, "train_median": 0.6811091854419411, "train_std": 0.007381469476272765, "test_mean": 0.6717241379310345, "test_median": 0.6551724137931034, "test_std": 0.036584240578965116}