{"alpha": 0.9, "train_mean": 0.6076982294072363, "train_median": 0.6096997690531177, "train_std": 0.0058547046472152585, "test_mean": 0.5944827586206897, "test_median": 0.6, "test_std": 0.022831648768616337}