{"alpha": 0.9, "train_mean": 0.9998268398268397, "train_median": 1.0, "train_std": 0.00034632034632036123, "test_mean": 0.8941176470588236, "test_median": 0.8961937716262975, "test_std": 0.01703603269908813}