{"alpha": 0.9, "train_mean": 0.5818181818181818, "train_median": 0.5783549783549784, "train_std": 0.017701340519706378, "test_mean": 0.5716262975778548, "test_median": 0.5709342560553633, "test_std": 0.01226300702191648}