{"alpha": 0.9, "train_mean": 0.6138528138528139, "train_median": 0.6138528138528139, "train_std": 0.0012244273267299581, "test_mean": 0.5847750865051904, "test_median": 0.5813148788927336, "test_std": 0.0061898075501724365}