{"alpha": 0.2, "train_mean": 1.0, "train_median": 1.0, "train_std": 0.0, "test_mean": 0.873356401384083, "test_median": 0.8788927335640139, "test_std": 0.014615025662244225}