{"alpha": 0.9, "train_mean": 0.7749037721324095, "train_median": 0.8229407236335643, "train_std": 0.09178484994460488, "test_mean": 0.7641379310344828, "test_median": 0.8206896551724138, "test_std": 0.10101977061296856}