{"alpha": 0.9, "train_mean": 0.6143722943722942, "train_median": 0.6147186147186147, "train_std": 0.00260316820404722, "test_mean": 0.5647058823529412, "test_median": 0.5640138408304498, "test_std": 0.0077062482530519325}