{"alpha": 0.6, "train_mean": 0.7224242424242424, "train_median": 0.7246753246753247, "train_std": 0.004083056665818747, "test_mean": 0.7044982698961937, "test_median": 0.7024221453287197, "test_std": 0.009180968277800426}