{"alpha": 0.9, "train_mean": 0.9053726169844021, "train_median": 0.9055459272097054, "train_std": 0.004188230840067434, "test_mean": 0.8731034482758622, "test_median": 0.8724137931034482, "test_std": 0.023326254517638294}