{"alpha": 0.9, "train_mean": 1.0, "train_median": 1.0, "train_std": 0.0, "test_mean": 0.8413793103448276, "test_median": 0.8310344827586207, "test_std": 0.02369043315492093}