{"alpha": 0.6, "train_mean": 0.8440207972270365, "train_median": 0.8422876949740035, "train_std": 0.008073355077193853, "test_mean": 0.8351724137931035, "test_median": 0.8275862068965517, "test_std": 0.017904489635513336}