{"alpha": 0.4, "train_mean": 0.5991341991341992, "train_median": 0.5948051948051948, "train_std": 0.007743958363635636, "test_mean": 0.5792387543252595, "test_median": 0.5743944636678201, "test_std": 0.020599136423719307}