{"alpha": 0.6, "train_mean": 0.6421862971516551, "train_median": 0.6497305619707467, "train_std": 0.01635506909917105, "test_mean": 0.6303448275862069, "test_median": 0.6275862068965518, "test_std": 0.02490409666933489}