{"alpha": 0.9, "train_mean": 0.7048498845265588, "train_median": 0.7036181678214011, "train_std": 0.006506711811890829, "test_mean": 0.6951724137931035, "test_median": 0.6896551724137931, "test_std": 0.0472602529627912}