{"alpha": 0.9, "train_mean": 0.9060658578856152, "train_median": 0.9055459272097054, "train_std": 0.0050409149297223465, "test_mean": 0.8731034482758622, "test_median": 0.8724137931034482, "test_std": 0.021189367580327207}