{"alpha": 0.8, "train_mean": 0.7347190146266359, "train_median": 0.7259430331023865, "train_std": 0.051603638290412236, "test_mean": 0.686896551724138, "test_median": 0.6827586206896552, "test_std": 0.03040745887592912}