{"alpha": 0.4, "train_mean": 1.0, "train_median": 1.0, "train_std": 0.0, "test_mean": 0.7303448275862069, "test_median": 0.7310344827586207, "test_std": 0.019433107315317763}