{"alpha": 0.9, "train_mean": 0.9025996533795494, "train_median": 0.902946273830156, "train_std": 0.0027182646692128737, "test_mean": 0.886896551724138, "test_median": 0.8862068965517241, "test_std": 0.014531936210831393}