{"alpha": 0.4, "train_mean": 0.8897746967071057, "train_median": 0.8908145580589255, "train_std": 0.001273564857599562, "test_mean": 0.8655172413793103, "test_median": 0.8620689655172413, "test_std": 0.010459138543519356}