{"alpha": 0.9, "train_mean": 1.0, "train_median": 1.0, "train_std": 0.0, "test_mean": 0.8622837370242215, "test_median": 0.8581314878892734, "test_std": 0.01742516029344523}