{"alpha": 0.9, "train_mean": 0.5965367965367965, "train_median": 0.5965367965367966, "train_std": 0.0005475805472152923, "test_mean": 0.5972318339100345, "test_median": 0.5986159169550173, "test_std": 0.0016951486109225862}