{"alpha": 0.9, "train_mean": 1.0, "train_median": 1.0, "train_std": 0.0, "test_mean": 0.8581314878892734, "test_median": 0.8615916955017301, "test_std": 0.018440017431798263}