{"alpha": 0.6, "train_mean": 1.0, "train_median": 1.0, "train_std": 0.0, "test_mean": 0.6927335640138408, "test_median": 0.6782006920415224, "test_std": 0.0377400642337328}