{"alpha": 0.9, "train_mean": 0.5944588744588744, "train_median": 0.593939393939394, "train_std": 0.0016058213845014035, "test_mean": 0.588235294117647, "test_median": 0.5951557093425606, "test_std": 0.019573890136651825}