{"alpha": 0.9, "train_mean": 0.6128138528138528, "train_median": 0.6138528138528139, "train_std": 0.002284139559874079, "test_mean": 0.5875432525951558, "test_median": 0.5847750865051903, "test_std": 0.011455325506745237}