{"alpha": 0.9, "train_mean": 0.7035497835497835, "train_median": 0.7021645021645022, "train_std": 0.0030290659194001242, "test_mean": 0.6685121107266436, "test_median": 0.6608996539792388, "test_std": 0.03357649680472861}