{"alpha": 0.2, "train_mean": 0.7781629116117851, "train_median": 0.7807625649913345, "train_std": 0.00448602395339506, "test_mean": 0.7503448275862068, "test_median": 0.7448275862068966, "test_std": 0.019211570037495324}