{"alpha": 0.4, "train_mean": 0.6431100846805233, "train_median": 0.6304849884526559, "train_std": 0.025250192455735163, "test_mean": 0.6455172413793104, "test_median": 0.6275862068965518, "test_std": 0.035862068965517226}