{"alpha": 0.8, "train_mean": 0.6311008468052348, "train_median": 0.6212471131639723, "train_std": 0.02288537427551709, "test_mean": 0.6303448275862069, "test_median": 0.6206896551724138, "test_std": 0.019796827716423892}