{"alpha": 0.9, "train_mean": 0.6041558441558441, "train_median": 0.6051948051948052, "train_std": 0.002533114950359814, "test_mean": 0.5674740484429066, "test_median": 0.5778546712802768, "test_std": 0.015628497980119303}