{"alpha": 0.9, "train_mean": 0.6157575757575757, "train_median": 0.6147186147186147, "train_std": 0.0044282984770716615, "test_mean": 0.5709342560553633, "test_median": 0.5813148788927336, "test_std": 0.025143117127453225}