{"alpha": 0.9, "train_mean": 0.652686308492201, "train_median": 0.6516464471403813, "train_std": 0.0040422543465132065, "test_mean": 0.6565517241379311, "test_median": 0.6620689655172414, "test_std": 0.023448275862068966}