{"alpha": 0.9, "train_mean": 0.9013864818024263, "train_median": 0.8994800693240901, "train_std": 0.0034834924163330777, "test_mean": 0.8855172413793102, "test_median": 0.8862068965517241, "test_std": 0.0120245488097674}