{"alpha": 0.9, "train_mean": 1.0, "train_median": 1.0, "train_std": 0.0, "test_mean": 0.8304498269896193, "test_median": 0.8235294117647058, "test_std": 0.023263302856708114}