{"alpha": 0.9, "train_mean": 0.5963636363636364, "train_median": 0.5965367965367966, "train_std": 0.0006479060409998091, "test_mean": 0.5937716262975778, "test_median": 0.5951557093425606, "test_std": 0.004693653967560713}