{"alpha": 0.4, "train_mean": 0.6945342571208623, "train_median": 0.7059276366435719, "train_std": 0.05506984244846785, "test_mean": 0.6799999999999999, "test_median": 0.6896551724137931, "test_std": 0.045034007496040016}