{"alpha": 0.6, "train_mean": 0.7729636048526862, "train_median": 0.7772963604852686, "train_std": 0.005369820930616878, "test_mean": 0.7586206896551724, "test_median": 0.7551724137931034, "test_std": 0.011945177983233616}