{"alpha": 0.9, "train_mean": 0.6898701298701299, "train_median": 0.69004329004329, "train_std": 0.001489580132821252, "test_mean": 0.6885813148788926, "test_median": 0.6920415224913494, "test_std": 0.019817053374776974}