{"alpha": 0.9, "train_mean": 0.825996533795494, "train_median": 0.8266897746967071, "train_std": 0.0031673599449735055, "test_mean": 0.8151724137931036, "test_median": 0.8172413793103448, "test_std": 0.02187414003745338}