{"alpha": 0.9, "train_mean": 0.6890043290043291, "train_median": 0.6909090909090909, "train_std": 0.012113788697761179, "test_mean": 0.6844290657439446, "test_median": 0.671280276816609, "test_std": 0.02320145967368889}