{"alpha": 0.9, "train_mean": 0.5846035411855274, "train_median": 0.5958429561200924, "train_std": 0.02175536519670077, "test_mean": 0.5862068965517241, "test_median": 0.6, "test_std": 0.02428526463677105}