{"alpha": 0.2, "train_mean": 0.8378752886836027, "train_median": 0.8414164742109315, "train_std": 0.010161662817551933, "test_mean": 0.8, "test_median": 0.8, "test_std": 0.027586206896551738}