{"alpha": 0.8, "train_mean": 0.7047619047619048, "train_median": 0.703030303030303, "train_std": 0.004988696204636525, "test_mean": 0.669204152249135, "test_median": 0.6678200692041523, "test_std": 0.01493912328368367}