{"alpha": 0.9, "train_mean": 0.6831408775981525, "train_median": 0.6851424172440339, "train_std": 0.026276121851776548, "test_mean": 0.5531034482758621, "test_median": 0.5517241379310345, "test_std": 0.03002971180286514}