{"alpha": 0.8, "train_mean": 0.6616450216450216, "train_median": 0.6701298701298701, "train_std": 0.014768441253832289, "test_mean": 0.6567474048442906, "test_median": 0.6470588235294118, "test_std": 0.01628872290095475}