{"alpha": 0.4, "train_mean": 0.8400346620450607, "train_median": 0.8405545927209706, "train_std": 0.004796655980276605, "test_mean": 0.8165517241379311, "test_median": 0.8137931034482758, "test_std": 0.016232554890951465}