{"alpha": 0.5, "train_mean": 0.7738301559792027, "train_median": 0.7738301559792028, "train_std": 0.005562151312263853, "test_mean": 0.7510344827586207, "test_median": 0.7551724137931034, "test_std": 0.014855627054164131}