{"alpha": 0.9, "train_mean": 0.9043327556325824, "train_median": 0.9046793760831889, "train_std": 0.004572237767165658, "test_mean": 0.8717241379310344, "test_median": 0.8689655172413793, "test_std": 0.012791197924821657}