{"alpha": 0.2, "train_mean": 0.6429561200923788, "train_median": 0.636643571978445, "train_std": 0.01262509622786756, "test_mean": 0.6372413793103449, "test_median": 0.6344827586206897, "test_std": 0.0055172413793103114}