{"alpha": 0.2, "train_mean": 0.7779830638953041, "train_median": 0.783679753656659, "train_std": 0.017800064375861742, "test_mean": 0.743448275862069, "test_median": 0.7448275862068966, "test_std": 0.029389345865741417}