{"alpha": 0.9, "train_mean": 0.8764298093587521, "train_median": 0.8795493934142115, "train_std": 0.005158709208366452, "test_mean": 0.8593103448275862, "test_median": 0.8620689655172413, "test_std": 0.008558395617924697}