{"alpha": 0.2, "train_mean": 0.9946320346320346, "train_median": 0.9948051948051948, "train_std": 0.0006479060409998446, "test_mean": 0.532871972318339, "test_median": 0.5190311418685121, "test_std": 0.024662324818277473}