{"alpha": 0.9, "train_mean": 1.0, "train_median": 1.0, "train_std": 0.0, "test_mean": 0.8387543252595157, "test_median": 0.8373702422145328, "test_std": 0.017724911383897146}