{"alpha": 0.6, "train_mean": 0.726250962278676, "train_median": 0.7821401077752117, "train_std": 0.07188777928360171, "test_mean": 0.5544827586206896, "test_median": 0.5310344827586206, "test_std": 0.03988091667531301}