{"alpha": 0.5, "train_mean": 0.9956709956709957, "train_median": 0.9956709956709957, "train_std": 0.0005475805472152923, "test_mean": 0.8837370242214533, "test_median": 0.8719723183391004, "test_std": 0.024526014043833016}