{"alpha": 0.2, "train_mean": 0.47393939393939394, "train_median": 0.47619047619047616, "train_std": 0.00460098017509487, "test_mean": 0.45121107266435984, "test_median": 0.45674740484429066, "test_std": 0.02291065101349045}