{"alpha": 0.9, "train_mean": 0.6535796766743649, "train_median": 0.651270207852194, "train_std": 0.009466005326521547, "test_mean": 0.646896551724138, "test_median": 0.6275862068965518, "test_std": 0.04961684344442746}