{"alpha": 0.8, "train_mean": 0.8300230946882217, "train_median": 0.8290993071593533, "train_std": 0.00214447856461649, "test_mean": 0.8027586206896551, "test_median": 0.8068965517241379, "test_std": 0.02412807680625642}