{"alpha": 0.9, "train_mean": 0.9653679653679653, "train_median": 0.9653679653679653, "train_std": 0.0023868482687602337, "test_mean": 0.5217993079584774, "test_median": 0.532871972318339, "test_std": 0.02371189162492985}