{"alpha": 0.6, "train_mean": 0.6573160173160172, "train_median": 0.658008658008658, "train_std": 0.009693877057855182, "test_mean": 0.6525951557093425, "test_median": 0.6505190311418685, "test_std": 0.009180968277800426}