{"alpha": 0.9, "train_mean": 0.9998266897746968, "train_median": 1.0, "train_std": 0.0003466204506065829, "test_mean": 0.876551724137931, "test_median": 0.8586206896551725, "test_std": 0.02804786125194863}