{"alpha": 0.6, "train_mean": 0.6685714285714286, "train_median": 0.6735930735930736, "train_std": 0.011787617264150646, "test_mean": 0.6553633217993079, "test_median": 0.6539792387543253, "test_std": 0.025389531249611245}