{"alpha": 0.9, "train_mean": 0.5933795227097768, "train_median": 0.5912240184757506, "train_std": 0.0032074929416473458, "test_mean": 0.5917241379310345, "test_median": 0.5862068965517241, "test_std": 0.017116791235849457}