{"alpha": 0.6, "train_mean": 0.9705627705627705, "train_median": 0.9722943722943723, "train_std": 0.0032395302049990746, "test_mean": 0.5204152249134948, "test_median": 0.5121107266435986, "test_std": 0.03265086813034036}