{"alpha": 0.2, "train_mean": 0.903618167821401, "train_median": 0.9022324865280985, "train_std": 0.0037207223937165772, "test_mean": 0.8882758620689655, "test_median": 0.8758620689655172, "test_std": 0.023650245792389314}