{"alpha": 0.9, "train_mean": 0.957922077922078, "train_median": 0.9575757575757575, "train_std": 0.003531788407683339, "test_mean": 0.5273356401384083, "test_median": 0.5294117647058824, "test_std": 0.02738596392721022}