{"alpha": 0.9, "train_mean": 0.6152380952380951, "train_median": 0.6147186147186147, "train_std": 0.0006926406926407225, "test_mean": 0.5737024221453287, "test_median": 0.5709342560553633, "test_std": 0.009639023029193181}