{"alpha": 0.4, "train_mean": 0.7918398768283295, "train_median": 0.7936874518860662, "train_std": 0.005346806883505877, "test_mean": 0.7586206896551725, "test_median": 0.7448275862068966, "test_std": 0.023488808780588136}