{"alpha": 0.9, "train_mean": 0.606774441878368, "train_median": 0.6104695919938414, "train_std": 0.005386560641889435, "test_mean": 0.5917241379310345, "test_median": 0.593103448275862, "test_std": 0.00804269226875212}