{"alpha": 0.4, "train_mean": 0.7136258660508084, "train_median": 0.7167051578137028, "train_std": 0.028418876935863258, "test_mean": 0.6951724137931035, "test_median": 0.6896551724137931, "test_std": 0.02667459255974306}