{"alpha": 0.6, "train_mean": 0.8655112651646448, "train_median": 0.8622183708838822, "train_std": 0.005963483720653457, "test_mean": 0.8365517241379312, "test_median": 0.8379310344827586, "test_std": 0.011865276230403647}