{"alpha": 0.9, "train_mean": 1.0, "train_median": 1.0, "train_std": 0.0, "test_mean": 0.7689655172413792, "test_median": 0.7586206896551724, "test_std": 0.033432274878733306}