{"alpha": 0.8, "train_mean": 0.6515781370284833, "train_median": 0.611239414934565, "train_std": 0.08239277950543913, "test_mean": 0.663448275862069, "test_median": 0.6137931034482759, "test_std": 0.08749656014981357}