{"alpha": 0.9, "train_mean": 0.6147186147186148, "train_median": 0.6164502164502165, "train_std": 0.014120784788138614, "test_mean": 0.6069204152249135, "test_median": 0.6089965397923875, "test_std": 0.014615025662244206}