{"alpha": 0.9, "train_mean": 0.9967099567099567, "train_median": 0.9974025974025974, "train_std": 0.0008483081360287885, "test_mean": 0.8242214532871973, "test_median": 0.8235294117647058, "test_std": 0.012456747404844272}