{"alpha": 0.9, "train_mean": 0.5984415584415584, "train_median": 0.5974025974025974, "train_std": 0.008751015597224765, "test_mean": 0.5377162629757786, "test_median": 0.5363321799307958, "test_std": 0.023732080552916587}