{"alpha": 0.5, "train_mean": 1.0, "train_median": 1.0, "train_std": 0.0, "test_mean": 0.8096551724137931, "test_median": 0.8137931034482758, "test_std": 0.00935493790775897}