{"alpha": 0.8, "train_mean": 1.0, "train_median": 1.0, "train_std": 0.0, "test_mean": 0.8200000000000001, "test_median": 0.8137931034482758, "test_std": 0.017636843934544042}