{"alpha": 0.9, "train_mean": 0.6417244033872209, "train_median": 0.642802155504234, "train_std": 0.002209807558800196, "test_mean": 0.6013793103448275, "test_median": 0.6068965517241379, "test_std": 0.018194353045893685}