{"alpha": 0.4, "train_mean": 0.8896013864818025, "train_median": 0.8908145580589255, "train_std": 0.002981741860326761, "test_mean": 0.873103448275862, "test_median": 0.8655172413793103, "test_std": 0.017501486262689003}