{"alpha": 0.9, "train_mean": 1.0, "train_median": 1.0, "train_std": 0.0, "test_mean": 0.8373702422145328, "test_median": 0.8408304498269896, "test_std": 0.019203372907282506}