{"alpha": 0.8, "train_mean": 1.0, "train_median": 1.0, "train_std": 0.0, "test_mean": 0.7227586206896552, "test_median": 0.7172413793103448, "test_std": 0.01166312725881917}