{"alpha": 0.4, "train_mean": 1.0, "train_median": 1.0, "train_std": 0.0, "test_mean": 0.82, "test_median": 0.8275862068965517, "test_std": 0.021301303739973094}