{"alpha": 0.6, "train_mean": 1.0, "train_median": 1.0, "train_std": 0.0, "test_mean": 0.7238754325259515, "test_median": 0.7231833910034602, "test_std": 0.019128408250637014}