{"alpha": 0.5, "train_mean": 0.7157712305025996, "train_median": 0.7149046793760832, "train_std": 0.0018985183968983576, "test_mean": 0.6951724137931035, "test_median": 0.696551724137931, "test_std": 0.008333135154203123}