{"alpha": 0.5, "train_mean": 0.8080061585835259, "train_median": 0.8160123171670516, "train_std": 0.026829627217473655, "test_mean": 0.7986206896551724, "test_median": 0.7724137931034483, "test_std": 0.057104114605474335}