{"alpha": 0.8, "train_mean": 1.0, "train_median": 1.0, "train_std": 0.0, "test_mean": 0.8858131487889274, "test_median": 0.8788927335640139, "test_std": 0.017507419571866446}