{"alpha": 0.9, "train_mean": 0.752732871439569, "train_median": 0.783679753656659, "train_std": 0.04945691519732435, "test_mean": 0.7379310344827587, "test_median": 0.7103448275862069, "test_std": 0.04383516850226401}