{"alpha": 0.9, "train_mean": 0.6316883116883117, "train_median": 0.6406926406926406, "train_std": 0.018574203366909615, "test_mean": 0.6235294117647058, "test_median": 0.615916955017301, "test_std": 0.015536293647504256}