{"alpha": 0.9, "train_mean": 0.60846805234796, "train_median": 0.596612779060816, "train_std": 0.023710546574287904, "test_mean": 0.6151724137931035, "test_median": 0.6, "test_std": 0.030344827586206914}