{"alpha": 0.9, "train_mean": 0.5481802426343154, "train_median": 0.5493934142114385, "train_std": 0.00896534984844199, "test_mean": 0.5510344827586208, "test_median": 0.5517241379310345, "test_std": 0.01955509914311425}