{"alpha": 0.9, "train_mean": 1.0, "train_median": 1.0, "train_std": 0.0, "test_mean": 0.8885813148788928, "test_median": 0.889273356401384, "test_std": 0.013736632000885247}