{"alpha": 0.9, "train_mean": 0.8344887348353552, "train_median": 0.8388214904679376, "train_std": 0.0076727707525749474, "test_mean": 0.8234482758620689, "test_median": 0.8206896551724138, "test_std": 0.013157782088509621}