{"alpha": 0.5, "train_mean": 0.5603463203463204, "train_median": 0.5255411255411255, "train_std": 0.05527689337552558, "test_mean": 0.5190311418685122, "test_median": 0.47058823529411764, "test_std": 0.08621404291984741}