{"alpha": 0.8, "train_mean": 0.7809083910700539, "train_median": 0.8144726712856043, "train_std": 0.07964092722287622, "test_mean": 0.7834482758620689, "test_median": 0.8137931034482758, "test_std": 0.09562113110310078}