{"alpha": 0.9, "train_mean": 0.6682063125481139, "train_median": 0.6697459584295612, "train_std": 0.004159894098877986, "test_mean": 0.6496551724137931, "test_median": 0.6620689655172414, "test_std": 0.043267274872712064}