{"alpha": 0.2, "train_mean": 1.0, "train_median": 1.0, "train_std": 0.0, "test_mean": 0.786896551724138, "test_median": 0.7862068965517242, "test_std": 0.012024548809767398}