{"alpha": 0.5, "train_mean": 1.0, "train_median": 1.0, "train_std": 0.0, "test_mean": 0.8588235294117647, "test_median": 0.8546712802768166, "test_std": 0.005085445832767868}