{"alpha": 0.8, "train_mean": 0.9993073593073593, "train_median": 0.9991341991341991, "train_std": 0.00034632034632036123, "test_mean": 0.8366782006920415, "test_median": 0.8408304498269896, "test_std": 0.023098019748482548}