{"alpha": 0.4, "train_mean": 0.848006932409012, "train_median": 0.8474870017331022, "train_std": 0.006093031483967744, "test_mean": 0.826896551724138, "test_median": 0.8310344827586207, "test_std": 0.014694672932870695}