{"alpha": 0.9, "train_mean": 0.9929004329004328, "train_median": 0.9930735930735931, "train_std": 0.0010096886398000499, "test_mean": 0.8588235294117647, "test_median": 0.8581314878892734, "test_std": 0.008862455691948587}