{"alpha": 0.2, "train_mean": 0.9270363951473136, "train_median": 0.9263431542461005, "train_std": 0.0014908709301633956, "test_mean": 0.8882758620689655, "test_median": 0.8862068965517241, "test_std": 0.014400422770911133}