{"alpha": 0.9, "train_mean": 0.828175519630485, "train_median": 0.8260200153964589, "train_std": 0.0046035154388687025, "test_mean": 0.8193103448275861, "test_median": 0.8275862068965517, "test_std": 0.013372909951493315}