{"alpha": 0.2, "train_mean": 0.7712086220169361, "train_median": 0.7282525019245574, "train_std": 0.1191037254361371, "test_mean": 0.7048275862068966, "test_median": 0.6827586206896552, "test_std": 0.04805862452464648}
{"alpha": 0.9, "train_mean": 0.7225558121632025, "train_median": 0.6397228637413395, "train_std": 0.14066382060255575, "test_mean": 0.6634482758620689, "test_median": 0.6620689655172414, "test_std": 0.030656704511576365}
{"alpha": 0.2, "train_mean": 0.7681293302540416, "train_median": 0.7359507313317937, "train_std": 0.11984182623409029, "test_mean": 0.7048275862068966, "test_median": 0.6896551724137931, "test_std": 0.05626504290861001}

{"alpha": 0.6, "train_mean": 0.6871439568899154, "train_median": 0.6689761354888376, "train_std": 0.024790689330495993, "test_mean": 0.6813793103448276, "test_median": 0.6758620689655173, "test_std": 0.020643626961511393}
{"alpha": 0.9, "train_mean": 0.6655889145496536, "train_median": 0.6859122401847575, "train_std": 0.02781011344778052, "test_mean": 0.6813793103448276, "test_median": 0.6827586206896552, "test_std": 0.026315564177019208}
{"alpha": 0.9, "train_mean": 0.6759045419553503, "train_median": 0.6874518860662048, "train_std": 0.02529896339515781, "test_mean": 0.663448275862069, "test_median": 0.6551724137931034, "test_std": 0.02737852860866097}
{"alpha": 0.4, "train_mean": 0.738568129330254, "train_median": 0.674364896073903, "train_std": 0.13072092231415305, "test_mean": 0.6827586206896552, "test_median": 0.6689655172413793, "test_std": 0.039737545630035676}
{"alpha": 0.9, "train_mean": 0.675442648190916, "train_median": 0.6443418013856813, "train_std": 0.04684573427125261, "test_mean": 0.6455172413793103, "test_median": 0.6482758620689655, "test_std": 0.035327581999629536}
{"alpha": 0.9, "train_mean": 0.6705157813702848, "train_median": 0.6874518860662048, "train_std": 0.025891698857062852, "test_mean": 0.6537931034482758, "test_median": 0.6551724137931034, "test_std": 0.017663790999814757}
{"alpha": 0.9, "train_mean": 0.7005388760585065, "train_median": 0.6936104695919938, "train_std": 0.036032319109780456, "test_mean": 0.6717241379310345, "test_median": 0.6689655172413793, "test_std": 0.025656655500328626}
{"alpha": 0.9, "train_mean": 0.6717474980754427, "train_median": 0.6851424172440339, "train_std": 0.02858355792547812, "test_mean": 0.6675862068965517, "test_median": 0.6620689655172414, "test_std": 0.023650245792389286}
{"alpha": 0.9, "train_mean": 0.674364896073903, "train_median": 0.6882217090069284, "train_std": 0.02982703795097079, "test_mean": 0.663448275862069, "test_median": 0.6758620689655173, "test_std": 0.02404909761953476}
{"alpha": 0.5, "train_mean": 0.6917628945342571, "train_median": 0.6705157813702848, "train_std": 0.04482617574730976, "test_mean": 0.6924137931034482, "test_median": 0.6620689655172414, "test_std": 0.05763471011248599}