{"alpha": 0.9, "train_mean": 0.6099120703437251, "train_median": 0.6107114308553158, "train_std": 0.002527799888224139, "test_mean": 0.5761658031088083, "test_median": 0.5751295336787565, "test_std": 0.03427530654619943}
{"alpha": 0.9, "train_mean": 0.6062350119904077, "train_median": 0.6075139888089528, "train_std": 0.0034511643716903097, "test_mean": 0.5917098445595854, "test_median": 0.5803108808290155, "test_std": 0.016515417047159822}

{"alpha": 0.9, "train_mean": 0.6063948840927258, "train_median": 0.6051159072741806, "train_std": 0.0037013067634820707, "test_mean": 0.5730569948186529, "test_median": 0.5751295336787565, "test_std": 0.022128659589702202}
{"alpha": 0.9, "train_mean": 0.607673860911271, "train_median": 0.6091127098321343, "train_std": 0.004088477011205251, "test_mean": 0.5875647668393782, "test_median": 0.5958549222797928, "test_std": 0.01752490624382153}
{"alpha": 0.9, "train_mean": 0.6081534772182253, "train_median": 0.609912070343725, "train_std": 0.0037629423807961125, "test_mean": 0.5689119170984456, "test_median": 0.5906735751295337, "test_std": 0.038411923301244856}
{"alpha": 0.8, "train_mean": 0.6266986410871304, "train_median": 0.627498001598721, "train_std": 0.002144909330935045, "test_mean": 0.583419689119171, "test_median": 0.5803108808290155, "test_std": 0.012943001032950046}
{"alpha": 0.8, "train_mean": 0.625259792166267, "train_median": 0.627498001598721, "train_std": 0.005140826599780489, "test_mean": 0.6155440414507771, "test_median": 0.6113989637305699, "test_std": 0.007614994019015061}
{"alpha": 0.9, "train_mean": 0.6075139888089528, "train_median": 0.6083133493205436, "train_std": 0.0034659445865193998, "test_mean": 0.5917098445595854, "test_median": 0.5958549222797928, "test_std": 0.018362741084631453}
{"alpha": 0.9, "train_mean": 0.6094324540367706, "train_median": 0.6091127098321343, "train_std": 0.0011963732651555572, "test_mean": 0.5906735751295337, "test_median": 0.5803108808290155, "test_std": 0.018824769041020678}
{"alpha": 0.9, "train_mean": 0.6094324540367706, "train_median": 0.6091127098321343, "train_std": 0.0017945598977333157, "test_mean": 0.5813471502590672, "test_median": 0.5854922279792746, "test_std": 0.022561182442567086}
{"alpha": 0.9, "train_mean": 0.6057553956834532, "train_median": 0.6051159072741806, "train_std": 0.0047263774577440175, "test_mean": 0.578238341968912, "test_median": 0.5751295336787565, "test_std": 0.017828653403197166}