{"alpha": 0.9, "train_mean": 0.6843290043290043, "train_median": 0.6848484848484848, "train_std": 0.007500054658946401, "test_mean": 0.6844290657439447, "test_median": 0.671280276816609, "test_std": 0.031743515408109935}
{"alpha": 0.9, "train_mean": 0.6839826839826839, "train_median": 0.6857142857142857, "train_std": 0.004742186645066375, "test_mean": 0.6747404844290658, "test_median": 0.6678200692041523, "test_std": 0.018952337629936554}

{"alpha": 0.9, "train_mean": 0.6817316017316017, "train_median": 0.6891774891774892, "train_std": 0.010569864908766661, "test_mean": 0.6934256055363321, "test_median": 0.6885813148788927, "test_std": 0.034435585618338344}
{"alpha": 0.9, "train_mean": 0.6883116883116884, "train_median": 0.6891774891774892, "train_std": 0.0037540230976067265, "test_mean": 0.6608996539792388, "test_median": 0.657439446366782, "test_std": 0.01237961510034484}
{"alpha": 0.9, "train_mean": 0.6848484848484849, "train_median": 0.6857142857142857, "train_std": 0.006861164590877559, "test_mean": 0.6830449826989619, "test_median": 0.6747404844290658, "test_std": 0.02216694446788509}
{"alpha": 0.9, "train_mean": 0.685887445887446, "train_median": 0.6848484848484848, "train_std": 0.0055140028841872525, "test_mean": 0.6761245674740485, "test_median": 0.6851211072664359, "test_std": 0.022274708566686622}
{"alpha": 0.9, "train_mean": 0.6862337662337663, "train_median": 0.6865800865800866, "train_std": 0.004046171929194103, "test_mean": 0.6844290657439446, "test_median": 0.6851211072664359, "test_std": 0.01506681042012266}
{"alpha": 0.9, "train_mean": 0.6794805194805195, "train_median": 0.6805194805194805, "train_std": 0.0048484848484848285, "test_mean": 0.696885813148789, "test_median": 0.6885813148788927, "test_std": 0.013419182996308168}
{"alpha": 0.9, "train_mean": 0.678961038961039, "train_median": 0.6796536796536796, "train_std": 0.00400146147473294, "test_mean": 0.6989619377162629, "test_median": 0.698961937716263, "test_std": 0.017370104357108843}
{"alpha": 0.9, "train_mean": 0.6832900432900433, "train_median": 0.6831168831168831, "train_std": 0.003729984281997931, "test_mean": 0.6775086505190311, "test_median": 0.6782006920415224, "test_std": 0.01490703060798479}