{"alpha": 0.9, "train_mean": 0.596612779060816, "train_median": 0.596612779060816, "train_std": 0.0, "test_mean": 0.6, "test_median": 0.6, "test_std": 0.0}
{"alpha": 0.9, "train_mean": 0.611855273287144, "train_median": 0.596612779060816, "train_std": 0.01902194945216999, "test_mean": 0.6137931034482759, "test_median": 0.6, "test_std": 0.017447049159549678}

{"alpha": 0.9, "train_mean": 0.596612779060816, "train_median": 0.596612779060816, "train_std": 0.0, "test_mean": 0.6, "test_median": 0.6, "test_std": 0.0}
{"alpha": 0.9, "train_mean": 0.616320246343341, "train_median": 0.596612779060816, "train_std": 0.02725477642907937, "test_mean": 0.6193103448275863, "test_median": 0.6, "test_std": 0.02702885233415922}
{"alpha": 0.9, "train_mean": 0.596612779060816, "train_median": 0.596612779060816, "train_std": 0.0, "test_mean": 0.6, "test_median": 0.6, "test_std": 0.0}
{"alpha": 0.9, "train_mean": 0.596612779060816, "train_median": 0.596612779060816, "train_std": 0.0, "test_mean": 0.6, "test_median": 0.6, "test_std": 0.0}
{"alpha": 0.9, "train_mean": 0.6030792917628945, "train_median": 0.596612779060816, "train_std": 0.012933025404157038, "test_mean": 0.6082758620689656, "test_median": 0.6, "test_std": 0.01655172413793102}
{"alpha": 0.9, "train_mean": 0.6024634334103156, "train_median": 0.596612779060816, "train_std": 0.011701308698999215, "test_mean": 0.6013793103448276, "test_median": 0.6, "test_std": 0.0027586206896551783}
{"alpha": 0.9, "train_mean": 0.596612779060816, "train_median": 0.596612779060816, "train_std": 0.0, "test_mean": 0.6, "test_median": 0.6, "test_std": 0.0}
{"alpha": 0.9, "train_mean": 0.596612779060816, "train_median": 0.596612779060816, "train_std": 0.0, "test_mean": 0.6, "test_median": 0.6, "test_std": 0.0}