{"alpha": 0.2, "train_mean": 0.8479653679653678, "train_median": 0.8476190476190476, "train_std": 0.001174429434307404, "test_mean": 0.8394463667820069, "test_median": 0.8408304498269896, "test_std": 0.004693653967560713}
{"alpha": 0.9, "train_mean": 0.8323809523809522, "train_median": 0.8303030303030303, "train_std": 0.004401130745329466, "test_mean": 0.8020761245674741, "test_median": 0.8027681660899654, "test_std": 0.017148113070399797}

{"alpha": 0.5, "train_mean": 0.8512554112554114, "train_median": 0.8536796536796537, "train_std": 0.0036073881655410748, "test_mean": 0.8435986159169551, "test_median": 0.8339100346020761, "test_std": 0.01441707035017278}
{"alpha": 0.8, "train_mean": 0.8398268398268398, "train_median": 0.8432900432900433, "train_std": 0.008829471019208297, "test_mean": 0.813840830449827, "test_median": 0.8166089965397924, "test_std": 0.017697871076186037}
{"alpha": 0.9, "train_mean": 0.8232034632034633, "train_median": 0.8233766233766234, "train_std": 0.0011486146460105407, "test_mean": 0.8332179930795848, "test_median": 0.8269896193771626, "test_std": 0.010810034153504}
{"alpha": 0.9, "train_mean": 0.8278787878787879, "train_median": 0.8285714285714286, "train_std": 0.0024118421259193123, "test_mean": 0.8145328719723184, "test_median": 0.8166089965397924, "test_std": 0.009438188025595744}
{"alpha": 0.9, "train_mean": 0.8264935064935066, "train_median": 0.8242424242424242, "train_std": 0.002876752852958676, "test_mean": 0.8228373702422145, "test_median": 0.8235294117647058, "test_std": 0.01320331074625528}
{"alpha": 0.9, "train_mean": 0.828051948051948, "train_median": 0.8268398268398268, "train_std": 0.008404960068925743, "test_mean": 0.8228373702422147, "test_median": 0.8269896193771626, "test_std": 0.02788850059461574}
{"alpha": 0.8, "train_mean": 0.842077922077922, "train_median": 0.8432900432900433, "train_std": 0.008616349994545263, "test_mean": 0.8145328719723184, "test_median": 0.8269896193771626, "test_std": 0.02520019578689707}
{"alpha": 0.2, "train_mean": 0.8510822510822511, "train_median": 0.8519480519480519, "train_std": 0.005107491325974952, "test_mean": 0.8269896193771628, "test_median": 0.8235294117647058, "test_std": 0.020412292323533053}