{"alpha": 0.6, "train_mean": 0.649560351718625, "train_median": 0.6506794564348521, "train_std": 0.016023938626156153, "test_mean": 0.6507772020725389, "test_median": 0.6476683937823834, "test_std": 0.023766518012807703}
{"alpha": 0.5, "train_mean": 0.6388489208633092, "train_median": 0.627498001598721, "train_std": 0.014550996326756493, "test_mean": 0.6414507772020726, "test_median": 0.6269430051813472, "test_std": 0.024169748786923524}

{"alpha": 0.5, "train_mean": 0.6722621902478018, "train_median": 0.6554756195043965, "train_std": 0.04460689505452822, "test_mean": 0.6621761658031089, "test_median": 0.6424870466321243, "test_std": 0.03756387349304013}
{"alpha": 0.4, "train_mean": 0.6729016786570743, "train_median": 0.6554756195043965, "train_std": 0.03417824758833015, "test_mean": 0.6715025906735752, "test_median": 0.6528497409326425, "test_std": 0.03477297769028502}
{"alpha": 0.6, "train_mean": 0.6786570743405276, "train_median": 0.6514788169464428, "train_std": 0.03863483924410734, "test_mean": 0.661139896373057, "test_median": 0.6528497409326425, "test_std": 0.01927572563496196}
{"alpha": 0.4, "train_mean": 0.6639488409272583, "train_median": 0.6554756195043965, "train_std": 0.03207657542186271, "test_mean": 0.6715025906735751, "test_median": 0.6735751295336787, "test_std": 0.023310304412853842}
{"alpha": 0.5, "train_mean": 0.6783373301358913, "train_median": 0.6698641087130296, "train_std": 0.025346661784308767, "test_mean": 0.6715025906735752, "test_median": 0.6476683937823834, "test_std": 0.04900141105714774}
{"alpha": 0.4, "train_mean": 0.6697042366107114, "train_median": 0.6522781774580336, "train_std": 0.04047133140706243, "test_mean": 0.6849740932642487, "test_median": 0.6373056994818653, "test_std": 0.06298267937418751}
{"alpha": 0.2, "train_mean": 0.66378896882494, "train_median": 0.636290967226219, "train_std": 0.03398401094714382, "test_mean": 0.6621761658031089, "test_median": 0.6373056994818653, "test_std": 0.03316062176165801}
{"alpha": 0.5, "train_mean": 0.6738609112709832, "train_median": 0.6554756195043965, "train_std": 0.036592904748451976, "test_mean": 0.6538860103626943, "test_median": 0.6476683937823834, "test_std": 0.019497292976400796}