{"alpha": 0.9, "train_mean": 0.6320346320346321, "train_median": 0.6303030303030303, "train_std": 0.010432810619146037, "test_mean": 0.6373702422145329, "test_median": 0.6366782006920415, "test_std": 0.015381391536950052}
{"alpha": 0.8, "train_mean": 0.6564502164502164, "train_median": 0.6536796536796536, "train_std": 0.008239222339996759, "test_mean": 0.6408304498269897, "test_median": 0.6332179930795848, "test_std": 0.02246738142664072}

{"alpha": 0.9, "train_mean": 0.6661471861471862, "train_median": 0.6658008658008658, "train_std": 0.025417412618649497, "test_mean": 0.6387543252595156, "test_median": 0.6332179930795848, "test_std": 0.02423133757787071}
{"alpha": 0.9, "train_mean": 0.6232034632034632, "train_median": 0.6207792207792208, "train_std": 0.005727388886074889, "test_mean": 0.6179930795847751, "test_median": 0.6193771626297578, "test_std": 0.019401862655884002}
{"alpha": 0.9, "train_mean": 0.6391341991341991, "train_median": 0.6329004329004329, "train_std": 0.01397564590405617, "test_mean": 0.6221453287197232, "test_median": 0.6193771626297578, "test_std": 0.02780250439667911}
{"alpha": 0.9, "train_mean": 0.6287445887445887, "train_median": 0.6294372294372295, "train_std": 0.004817464153504262, "test_mean": 0.6131487889273356, "test_median": 0.6089965397923875, "test_std": 0.02602296979510474}
{"alpha": 0.9, "train_mean": 0.6422510822510822, "train_median": 0.6303030303030303, "train_std": 0.025292057286153764, "test_mean": 0.6311418685121107, "test_median": 0.629757785467128, "test_std": 0.010403665313752882}
{"alpha": 0.9, "train_mean": 0.6517748917748918, "train_median": 0.6354978354978355, "train_std": 0.023965017638757677, "test_mean": 0.639446366782007, "test_median": 0.6401384083044983, "test_std": 0.017148113070399814}
{"alpha": 0.9, "train_mean": 0.667012987012987, "train_median": 0.6658008658008658, "train_std": 0.02156243986636859, "test_mean": 0.6422145328719724, "test_median": 0.6505190311418685, "test_std": 0.028161923805364412}
{"alpha": 0.9, "train_mean": 0.6282251082251082, "train_median": 0.6268398268398269, "train_std": 0.004401130745329465, "test_mean": 0.6373702422145329, "test_median": 0.6366782006920415, "test_std": 0.01700789720061524}