{"alpha": 0.9, "train_mean": 0.6357197844495766, "train_median": 0.6220169361046959, "train_std": 0.02079035091903354, "test_mean": 0.6179310344827587, "test_median": 0.6068965517241379, "test_std": 0.03281483380240087}
{"alpha": 0.4, "train_mean": 0.6643571978444958, "train_median": 0.6304849884526559, "train_std": 0.044145167468656384, "test_mean": 0.6524137931034484, "test_median": 0.6275862068965518, "test_std": 0.030407458875929112}

{"alpha": 0.9, "train_mean": 0.624788298691301, "train_median": 0.6243264049268669, "train_std": 0.0253999576625728, "test_mean": 0.6124137931034483, "test_median": 0.6, "test_std": 0.037113445647099896}
{"alpha": 0.5, "train_mean": 0.6387990762124711, "train_median": 0.6274056966897613, "train_std": 0.022786759045419557, "test_mean": 0.6372413793103449, "test_median": 0.6275862068965518, "test_std": 0.0473004915847786}
{"alpha": 0.4, "train_mean": 0.6434180138568129, "train_median": 0.6304849884526559, "train_std": 0.02586605080831408, "test_mean": 0.6331034482758622, "test_median": 0.6275862068965518, "test_std": 0.011034482758620666}
{"alpha": 0.4, "train_mean": 0.6432640492686682, "train_median": 0.6304849884526559, "train_std": 0.025558121632024644, "test_mean": 0.6344827586206897, "test_median": 0.6275862068965518, "test_std": 0.013793103448275845}
{"alpha": 0.5, "train_mean": 0.6398768283294842, "train_median": 0.6274056966897613, "train_std": 0.024942263279445733, "test_mean": 0.6317241379310345, "test_median": 0.6275862068965518, "test_std": 0.00827586206896549}
{"alpha": 0.4, "train_mean": 0.6552732871439569, "train_median": 0.6304849884526559, "train_std": 0.03038373243059342, "test_mean": 0.6427586206896553, "test_median": 0.6275862068965518, "test_std": 0.018709875815517963}
{"alpha": 0.6, "train_mean": 0.6635873749037722, "train_median": 0.6836027713625866, "train_std": 0.029394739171727125, "test_mean": 0.64, "test_median": 0.6413793103448275, "test_std": 0.04520267478116947}
{"alpha": 0.9, "train_mean": 0.651270207852194, "train_median": 0.6581986143187067, "train_std": 0.029623683005044102, "test_mean": 0.6317241379310345, "test_median": 0.6206896551724138, "test_std": 0.026024775536707876}