{"alpha": 0.9, "train_mean": 0.5400865800865801, "train_median": 0.5393939393939394, "train_std": 0.006107425831531928, "test_mean": 0.5363321799307958, "test_median": 0.532871972318339, "test_std": 0.01349037279558337}
{"alpha": 0.9, "train_mean": 0.5560173160173161, "train_median": 0.5601731601731602, "train_std": 0.013975645904056158, "test_mean": 0.558477508650519, "test_median": 0.5640138408304498, "test_std": 0.018901730496536567}

{"alpha": 0.9, "train_mean": 0.5433766233766233, "train_median": 0.5437229437229437, "train_std": 0.01170081101750728, "test_mean": 0.5501730103806228, "test_median": 0.5536332179930796, "test_std": 0.013130564678899847}
{"alpha": 0.9, "train_mean": 0.5535930735930735, "train_median": 0.5541125541125541, "train_std": 0.006161193722825016, "test_mean": 0.5570934256055364, "test_median": 0.5536332179930796, "test_std": 0.020176304134412806}
{"alpha": 0.9, "train_mean": 0.5468398268398269, "train_median": 0.5437229437229437, "train_std": 0.010311393891573616, "test_mean": 0.5432525951557092, "test_median": 0.5397923875432526, "test_std": 0.012946911372920214}
{"alpha": 0.9, "train_mean": 0.5435497835497836, "train_median": 0.5402597402597402, "train_std": 0.005148422076993411, "test_mean": 0.5377162629757786, "test_median": 0.5467128027681661, "test_std": 0.022594917255798624}
{"alpha": 0.9, "train_mean": 0.5340259740259741, "train_median": 0.5255411255411255, "train_std": 0.016108550274711992, "test_mean": 0.5335640138408305, "test_median": 0.5397923875432526, "test_std": 0.020922098903572287}
{"alpha": 0.9, "train_mean": 0.5388744588744588, "train_median": 0.5402597402597402, "train_std": 0.006719864211924624, "test_mean": 0.5439446366782007, "test_median": 0.5501730103806228, "test_std": 0.015381391536950104}
{"alpha": 0.9, "train_mean": 0.5367965367965368, "train_median": 0.5316017316017316, "train_std": 0.016463881314638548, "test_mean": 0.5377162629757786, "test_median": 0.5294117647058824, "test_std": 0.016608996539792375}
{"alpha": 0.9, "train_mean": 0.5466666666666666, "train_median": 0.5454545454545454, "train_std": 0.01927141257967133, "test_mean": 0.5515570934256055, "test_median": 0.5467128027681661, "test_std": 0.012105782480647684}