{"alpha": 0.8, "train_mean": 0.6575827559661278, "train_median": 0.628175519630485, "train_std": 0.06003118582417902, "test_mean": 0.6537931034482758, "test_median": 0.6137931034482759, "test_std": 0.06874447334828752}
{"alpha": 0.9, "train_mean": 0.6190916089299462, "train_median": 0.6481909160892995, "train_std": 0.05411893600040366, "test_mean": 0.6179310344827587, "test_median": 0.6206896551724138, "test_std": 0.07882610792954232}

{"alpha": 0.8, "train_mean": 0.6290993071593534, "train_median": 0.6158583525789069, "train_std": 0.016931905141027277, "test_mean": 0.6289655172413793, "test_median": 0.6137931034482759, "test_std": 0.018709875815517963}
{"alpha": 0.5, "train_mean": 0.6263279445727482, "train_median": 0.6274056966897613, "train_std": 0.02028947188556478, "test_mean": 0.6096551724137932, "test_median": 0.6275862068965518, "test_std": 0.046284032373965556}
{"alpha": 0.6, "train_mean": 0.6337182448036952, "train_median": 0.6474210931485759, "train_std": 0.04151451774313219, "test_mean": 0.6275862068965516, "test_median": 0.6137931034482759, "test_std": 0.05465272484457641}
{"alpha": 0.8, "train_mean": 0.631562740569669, "train_median": 0.6158583525789069, "train_std": 0.0678119196216858, "test_mean": 0.6482758620689656, "test_median": 0.6137931034482759, "test_std": 0.07851172121797355}
{"alpha": 0.4, "train_mean": 0.6652809853733641, "train_median": 0.6335642802155504, "train_std": 0.04326761058053684, "test_mean": 0.6606896551724138, "test_median": 0.6275862068965518, "test_std": 0.04603674280904452}
{"alpha": 0.4, "train_mean": 0.6618937644341802, "train_median": 0.6682063125481139, "train_std": 0.055902928505303866, "test_mean": 0.6482758620689656, "test_median": 0.6275862068965518, "test_std": 0.06335825698127366}
{"alpha": 0.5, "train_mean": 0.6698999230177058, "train_median": 0.6682063125481139, "train_std": 0.044036025507625816, "test_mean": 0.6496551724137931, "test_median": 0.6275862068965518, "test_std": 0.03935266929017132}
{"alpha": 0.2, "train_mean": 0.6565050038491147, "train_median": 0.636643571978445, "train_std": 0.03748776889283055, "test_mean": 0.6565517241379311, "test_median": 0.6344827586206897, "test_std": 0.036856246112792784}