{"alpha": 0.9, "train_mean": 0.6326404926866821, "train_median": 0.6181678214010777, "train_std": 0.020938051864517575, "test_mean": 0.6275862068965518, "test_median": 0.6206896551724138, "test_std": 0.02723919676983656}
{"alpha": 0.4, "train_mean": 0.6545034642032331, "train_median": 0.6304849884526559, "train_std": 0.029420533934917545, "test_mean": 0.6551724137931035, "test_median": 0.6275862068965518, "test_std": 0.03406645251097507}
{"alpha": 0.8, "train_mean": 0.6158583525789069, "train_median": 0.6158583525789069, "train_std": 0.0, "test_mean": 0.6137931034482759, "test_median": 0.6137931034482759, "test_std": 0.0}

{"alpha": 0.4, "train_mean": 0.6551193225558121, "train_median": 0.6304849884526559, "train_std": 0.030268827176809086, "test_mean": 0.6524137931034484, "test_median": 0.6275862068965518, "test_std": 0.03505728283348642}
{"alpha": 0.8, "train_mean": 0.6395688991531948, "train_median": 0.6158583525789069, "train_std": 0.029055691904570385, "test_mean": 0.6441379310344828, "test_median": 0.6137931034482759, "test_std": 0.038174765525787704}
{"alpha": 0.4, "train_mean": 0.6418783679753657, "train_median": 0.6304849884526559, "train_std": 0.022786759045419557, "test_mean": 0.646896551724138, "test_median": 0.6275862068965518, "test_std": 0.0386206896551724}
{"alpha": 0.5, "train_mean": 0.6520400307929176, "train_median": 0.6274056966897613, "train_std": 0.03017470258350392, "test_mean": 0.6496551724137931, "test_median": 0.6275862068965518, "test_std": 0.02737852860866098}
{"alpha": 0.4, "train_mean": 0.6551193225558121, "train_median": 0.6304849884526559, "train_std": 0.03017470258350392, "test_mean": 0.6496551724137932, "test_median": 0.6275862068965518, "test_std": 0.027378528608660975}
{"alpha": 0.8, "train_mean": 0.6158583525789069, "train_median": 0.6158583525789069, "train_std": 0.0, "test_mean": 0.6137931034482759, "test_median": 0.6137931034482759, "test_std": 0.0}
{"alpha": 0.5, "train_mean": 0.6394149345650499, "train_median": 0.6274056966897613, "train_std": 0.024018475750577382, "test_mean": 0.6413793103448275, "test_median": 0.6275862068965518, "test_std": 0.02758620689655169}
{"alpha": 0.8, "train_mean": 0.6415704387990762, "train_median": 0.6220169361046959, "train_std": 0.02911355964938819, "test_mean": 0.6179310344827587, "test_median": 0.6137931034482759, "test_std": 0.05877869173148277}
{"alpha": 0.5, "train_mean": 0.6274056966897613, "train_median": 0.6274056966897613, "train_std": 0.0, "test_mean": 0.6275862068965518, "test_median": 0.6275862068965518, "test_std": 0.0}
{"alpha": 0.8, "train_mean": 0.6414164742109315, "train_median": 0.619707467282525, "train_std": 0.029772945774476214, "test_mean": 0.6110344827586207, "test_median": 0.6137931034482759, "test_std": 0.05097853410365885}