{"alpha": 0.9, "train_mean": 0.5965367965367966, "train_median": 0.5965367965367966, "train_std": 0.0, "test_mean": 0.5986159169550173, "test_median": 0.5986159169550173, "test_std": 0.0}
{"alpha": 0.9, "train_mean": 0.5965367965367966, "train_median": 0.5965367965367966, "train_std": 0.0, "test_mean": 0.5972318339100346, "test_median": 0.5986159169550173, "test_std": 0.001695148610922586}

{"alpha": 0.9, "train_mean": 0.5965367965367966, "train_median": 0.5965367965367966, "train_std": 0.0, "test_mean": 0.5986159169550173, "test_median": 0.5986159169550173, "test_std": 0.0}
{"alpha": 0.9, "train_mean": 0.5965367965367966, "train_median": 0.5965367965367966, "train_std": 0.0, "test_mean": 0.5986159169550173, "test_median": 0.5986159169550173, "test_std": 0.0}
{"alpha": 0.9, "train_mean": 0.5968831168831168, "train_median": 0.5965367965367966, "train_std": 0.000424154068014367, "test_mean": 0.5965397923875433, "test_median": 0.5986159169550173, "test_std": 0.00276816608996539}
{"alpha": 0.9, "train_mean": 0.5965367965367966, "train_median": 0.5965367965367966, "train_std": 0.0, "test_mean": 0.5986159169550173, "test_median": 0.5986159169550173, "test_std": 0.0}
{"alpha": 0.9, "train_mean": 0.5965367965367966, "train_median": 0.5965367965367966, "train_std": 0.0, "test_mean": 0.5986159169550173, "test_median": 0.5986159169550173, "test_std": 0.0}
{"alpha": 0.9, "train_mean": 0.5965367965367966, "train_median": 0.5965367965367966, "train_std": 0.0, "test_mean": 0.5972318339100346, "test_median": 0.5986159169550173, "test_std": 0.002768166089965396}
{"alpha": 0.9, "train_mean": 0.5965367965367966, "train_median": 0.5965367965367966, "train_std": 0.0, "test_mean": 0.5986159169550173, "test_median": 0.5986159169550173, "test_std": 0.0}
{"alpha": 0.9, "train_mean": 0.5967099567099567, "train_median": 0.5965367965367966, "train_std": 0.00034632034632031683, "test_mean": 0.5972318339100345, "test_median": 0.5986159169550173, "test_std": 0.002768166089965396}