{"alpha": 0.5, "train_mean": 0.6795996920708237, "train_median": 0.6812933025404158, "train_std": 0.004446352295055781, "test_mean": 0.670344827586207, "test_median": 0.6551724137931034, "test_std": 0.0398331836639825}
{"alpha": 0.4, "train_mean": 0.6986913010007698, "train_median": 0.6782140107775212, "train_std": 0.029773741959631263, "test_mean": 0.6799999999999999, "test_median": 0.6689655172413793, "test_std": 0.04790001477016644}

{"alpha": 0.2, "train_mean": 0.6896073903002309, "train_median": 0.6728252501924558, "train_std": 0.037968429135246264, "test_mean": 0.670344827586207, "test_median": 0.6620689655172414, "test_std": 0.040543278501238796}
{"alpha": 0.4, "train_mean": 0.6840646651270209, "train_median": 0.6805234795996921, "train_std": 0.01041510979232502, "test_mean": 0.6524137931034483, "test_median": 0.6620689655172414, "test_std": 0.03586206896551724}
{"alpha": 0.8, "train_mean": 0.72671285604311, "train_median": 0.6913010007698229, "train_std": 0.07122256068976386, "test_mean": 0.7006896551724138, "test_median": 0.6482758620689655, "test_std": 0.084869627933325}
{"alpha": 0.5, "train_mean": 0.6794457274826791, "train_median": 0.6797536566589685, "train_std": 0.003943417544223455, "test_mean": 0.6689655172413793, "test_median": 0.6620689655172414, "test_std": 0.0302191755864919}
{"alpha": 0.9, "train_mean": 0.7000769822940723, "train_median": 0.7020785219399538, "train_std": 0.01854362692149939, "test_mean": 0.6799999999999999, "test_median": 0.6689655172413793, "test_std": 0.04750117340061396}
{"alpha": 0.6, "train_mean": 0.6831408775981525, "train_median": 0.6836027713625866, "train_std": 0.0014278088522703136, "test_mean": 0.663448275862069, "test_median": 0.6551724137931034, "test_std": 0.011034482758620711}
{"alpha": 0.2, "train_mean": 0.68729792147806, "train_median": 0.6705157813702848, "train_std": 0.02553399530916442, "test_mean": 0.689655172413793, "test_median": 0.6896551724137931, "test_std": 0.01998810585681302}
{"alpha": 0.2, "train_mean": 0.6785219399538105, "train_median": 0.6728252501924558, "train_std": 0.015011349952315466, "test_mean": 0.6606896551724138, "test_median": 0.6620689655172414, "test_std": 0.020643626961511414}