{"alpha": 0.9, "train_mean": 0.6848484848484849, "train_median": 0.6865800865800866, "train_std": 0.003097583345454276, "test_mean": 0.6906574394463668, "test_median": 0.6885813148788927, "test_std": 0.013944250297307902}
{"alpha": 0.9, "train_mean": 0.6883116883116882, "train_median": 0.6883116883116883, "train_std": 0.0019743297404313954, "test_mean": 0.673356401384083, "test_median": 0.6747404844290658, "test_std": 0.007768146823752107}

{"alpha": 0.9, "train_mean": 0.6890043290043291, "train_median": 0.6883116883116883, "train_std": 0.0030684060860033373, "test_mean": 0.6678200692041522, "test_median": 0.671280276816609, "test_std": 0.011986510779023376}
{"alpha": 0.8, "train_mean": 0.7125541125541125, "train_median": 0.7108225108225108, "train_std": 0.004678530246270575, "test_mean": 0.6802768166089965, "test_median": 0.6816608996539792, "test_std": 0.01587175770405497}
{"alpha": 0.4, "train_mean": 0.7187878787878789, "train_median": 0.7194805194805195, "train_std": 0.00286631088437173, "test_mean": 0.7024221453287197, "test_median": 0.698961937716263, "test_std": 0.0072581927209006865}
{"alpha": 0.9, "train_mean": 0.6877922077922077, "train_median": 0.6874458874458874, "train_std": 0.00689603731661986, "test_mean": 0.6837370242214533, "test_median": 0.6747404844290658, "test_std": 0.031531586850919065}
{"alpha": 0.8, "train_mean": 0.7075324675324675, "train_median": 0.7090909090909091, "train_std": 0.003019150783404775, "test_mean": 0.6996539792387544, "test_median": 0.7058823529411765, "test_std": 0.018876376051191517}
{"alpha": 0.9, "train_mean": 0.6841558441558442, "train_median": 0.6848484848484848, "train_std": 0.003848677189764972, "test_mean": 0.6802768166089965, "test_median": 0.6782006920415224, "test_std": 0.026133159292040423}
{"alpha": 0.4, "train_mean": 0.7174025974025974, "train_median": 0.7212121212121212, "train_std": 0.005963350773237242, "test_mean": 0.7044982698961937, "test_median": 0.7024221453287197, "test_std": 0.024329959628023447}
{"alpha": 0.5, "train_mean": 0.7198268398268398, "train_median": 0.7186147186147186, "train_std": 0.0026031682040472195, "test_mean": 0.6913494809688581, "test_median": 0.698961937716263, "test_std": 0.01408096190268222}