{"alpha": 0.9, "train_mean": 0.6846805234795996, "train_median": 0.6897613548883756, "train_std": 0.028475541419514614, "test_mean": 0.6993103448275862, "test_median": 0.6896551724137931, "test_std": 0.019796827716423895}
{"alpha": 0.8, "train_mean": 0.6789838337182448, "train_median": 0.6589684372594303, "train_std": 0.026457729262127735, "test_mean": 0.6648275862068965, "test_median": 0.6620689655172414, "test_std": 0.01032181348075572}
{"alpha": 0.4, "train_mean": 0.7227097767513472, "train_median": 0.7182448036951501, "train_std": 0.05207418332617615, "test_mean": 0.6620689655172414, "test_median": 0.6482758620689655, "test_std": 0.035968013270083574}

{"alpha": 0.6, "train_mean": 0.6788298691301001, "train_median": 0.6674364896073903, "train_std": 0.024727498964109335, "test_mean": 0.6855172413793102, "test_median": 0.6758620689655173, "test_std": 0.03817476552578771}
{"alpha": 0.9, "train_mean": 0.6694380292532717, "train_median": 0.6859122401847575, "train_std": 0.02502860013429545, "test_mean": 0.6648275862068965, "test_median": 0.6551724137931034, "test_std": 0.03741975163103596}
{"alpha": 0.6, "train_mean": 0.7265588914549654, "train_median": 0.7328714395688991, "train_std": 0.03500248704167609, "test_mean": 0.6979310344827587, "test_median": 0.6896551724137931, "test_std": 0.031271128410357625}
{"alpha": 0.9, "train_mean": 0.6791377983063894, "train_median": 0.6897613548883756, "train_std": 0.026868474927617864, "test_mean": 0.6593103448275862, "test_median": 0.6620689655172414, "test_std": 0.041287253923022786}
{"alpha": 0.8, "train_mean": 0.6785219399538106, "train_median": 0.6589684372594303, "train_std": 0.026811950560384438, "test_mean": 0.6882758620689655, "test_median": 0.6689655172413793, "test_std": 0.03659723906599064}
{"alpha": 0.8, "train_mean": 0.684526558891455, "train_median": 0.6928406466512702, "train_std": 0.020176999065020258, "test_mean": 0.6731034482758621, "test_median": 0.6482758620689655, "test_std": 0.0494632305573548}
{"alpha": 0.5, "train_mean": 0.6795996920708237, "train_median": 0.6728252501924558, "train_std": 0.021748826490387636, "test_mean": 0.6579310344827587, "test_median": 0.6482758620689655, "test_std": 0.021189367580327214}
{"alpha": 0.9, "train_mean": 0.7667436489607391, "train_median": 0.6928406466512702, "train_std": 0.1197018976943835, "test_mean": 0.6620689655172413, "test_median": 0.6551724137931034, "test_std": 0.026170573739324507}
{"alpha": 0.4, "train_mean": 0.701924557351809, "train_median": 0.7197844495765974, "train_std": 0.023488558217258412, "test_mean": 0.6910344827586208, "test_median": 0.6827586206896552, "test_std": 0.02840173831996414}
{"alpha": 0.5, "train_mean": 0.7858352578906851, "train_median": 0.7159353348729792, "train_std": 0.1300006452784202, "test_mean": 0.7048275862068966, "test_median": 0.6620689655172414, "test_std": 0.057931034482758645}