{"alpha": 0.9, "train_mean": 0.6931601731601732, "train_median": 0.69004329004329, "train_std": 0.004401130745329459, "test_mean": 0.6643598615916956, "test_median": 0.6505190311418685, "test_std": 0.02326330285670812}
{"alpha": 0.9, "train_mean": 0.686060606060606, "train_median": 0.6848484848484848, "train_std": 0.008261028877490249, "test_mean": 0.6906574394463667, "test_median": 0.6782006920415224, "test_std": 0.03749817905645418}

{"alpha": 0.8, "train_mean": 0.7219047619047618, "train_median": 0.7212121212121212, "train_std": 0.01107954512418796, "test_mean": 0.7086505190311417, "test_median": 0.698961937716263, "test_std": 0.021262687191331765}
{"alpha": 0.9, "train_mean": 0.6843290043290043, "train_median": 0.6822510822510822, "train_std": 0.008077509118400397, "test_mean": 0.7031141868512111, "test_median": 0.6955017301038062, "test_std": 0.01912840825063703}
{"alpha": 0.9, "train_mean": 0.6848484848484848, "train_median": 0.6865800865800866, "train_std": 0.0069047279783123715, "test_mean": 0.6788927335640138, "test_median": 0.671280276816609, "test_std": 0.024211564961295364}
{"alpha": 0.9, "train_mean": 0.6858874458874459, "train_median": 0.6865800865800866, "train_std": 0.003963817538444868, "test_mean": 0.6885813148788926, "test_median": 0.6885813148788927, "test_std": 0.01593199229511606}
{"alpha": 0.9, "train_mean": 0.679134199134199, "train_median": 0.677056277056277, "train_std": 0.0041196111699983926, "test_mean": 0.7114186851211073, "test_median": 0.7093425605536332, "test_std": 0.008916331298771694}
{"alpha": 0.9, "train_mean": 0.6848484848484848, "train_median": 0.6891774891774892, "train_std": 0.007626914474647691, "test_mean": 0.6920415224913494, "test_median": 0.698961937716263, "test_std": 0.026713161336496594}
{"alpha": 0.9, "train_mean": 0.6812121212121213, "train_median": 0.6805194805194805, "train_std": 0.0058568084936061575, "test_mean": 0.7003460207612456, "test_median": 0.7024221453287197, "test_std": 0.01717601888718458}
{"alpha": 0.9, "train_mean": 0.6855411255411256, "train_median": 0.6848484848484848, "train_std": 0.004691330626543392, "test_mean": 0.6823529411764706, "test_median": 0.6851211072664359, "test_std": 0.005953166274769989}