{"alpha": 0.4, "train_mean": 0.6782140107775212, "train_median": 0.6759045419553503, "train_std": 0.0044888005349078474, "test_mean": 0.6551724137931034, "test_median": 0.6758620689655173, "test_std": 0.040213461343760706}
{"alpha": 0.4, "train_mean": 0.6779060816012317, "train_median": 0.6782140107775212, "train_std": 0.0022098075588001947, "test_mean": 0.6579310344827586, "test_median": 0.6551724137931034, "test_std": 0.023730552460807228}

{"alpha": 0.8, "train_mean": 0.6953040800615857, "train_median": 0.6889915319476521, "train_std": 0.01589195003028382, "test_mean": 0.6896551724137931, "test_median": 0.6689655172413793, "test_std": 0.040213461343760686}
{"alpha": 0.2, "train_mean": 0.6885296381832179, "train_median": 0.6728252501924558, "train_std": 0.03335599362752183, "test_mean": 0.6689655172413793, "test_median": 0.6620689655172414, "test_std": 0.03949743741593478}
{"alpha": 0.2, "train_mean": 0.7013086989992301, "train_median": 0.7036181678214011, "train_std": 0.022124877387528757, "test_mean": 0.6689655172413793, "test_median": 0.6551724137931034, "test_std": 0.07100434579991036}
{"alpha": 0.4, "train_mean": 0.6834488067744419, "train_median": 0.6782140107775212, "train_std": 0.009754601423530214, "test_mean": 0.6634482758620689, "test_median": 0.6551724137931034, "test_std": 0.022831648768616323}
{"alpha": 0.5, "train_mean": 0.6945342571208621, "train_median": 0.6828329484218629, "train_std": 0.028286777060395674, "test_mean": 0.6924137931034482, "test_median": 0.6620689655172414, "test_std": 0.07332432474483867}
{"alpha": 0.2, "train_mean": 0.6851424172440339, "train_median": 0.674364896073903, "train_std": 0.014823839756010338, "test_mean": 0.6772413793103449, "test_median": 0.6689655172413793, "test_std": 0.03837359377446498}
{"alpha": 0.2, "train_mean": 0.6960739030023094, "train_median": 0.6735950731331793, "train_std": 0.03275286769267912, "test_mean": 0.670344827586207, "test_median": 0.6620689655172414, "test_std": 0.038373593774464976}
{"alpha": 0.4, "train_mean": 0.6792917628945343, "train_median": 0.6812933025404158, "train_std": 0.005390959630488585, "test_mean": 0.6455172413793103, "test_median": 0.6275862068965518, "test_std": 0.04607804989928294}