{"alpha": 0.8, "train_mean": 0.7064935064935065, "train_median": 0.7064935064935065, "train_std": 0.002568380428431389, "test_mean": 0.6782006920415224, "test_median": 0.6816608996539792, "test_std": 0.015931992295116045}
{"alpha": 0.9, "train_mean": 0.6955844155844154, "train_median": 0.6952380952380952, "train_std": 0.005546534156899379, "test_mean": 0.6775086505190312, "test_median": 0.6816608996539792, "test_std": 0.026838365992616336}

{"alpha": 0.9, "train_mean": 0.6948917748917749, "train_median": 0.696969696969697, "train_std": 0.004600980175094859, "test_mean": 0.6851211072664359, "test_median": 0.6747404844290658, "test_std": 0.019203372907282513}
{"alpha": 0.9, "train_mean": 0.6928138528138528, "train_median": 0.6943722943722944, "train_std": 0.005177460220857518, "test_mean": 0.6851211072664359, "test_median": 0.6816608996539792, "test_std": 0.019203372907282506}
{"alpha": 0.5, "train_mean": 0.7174025974025975, "train_median": 0.7142857142857143, "train_std": 0.004976660731844102, "test_mean": 0.6913494809688582, "test_median": 0.698961937716263, "test_std": 0.016723939063798748}
{"alpha": 0.9, "train_mean": 0.6928138528138528, "train_median": 0.6926406926406926, "train_std": 0.00325798921597002, "test_mean": 0.6920415224913495, "test_median": 0.6816608996539792, "test_std": 0.019451168612533164}
{"alpha": 0.9, "train_mean": 0.6974891774891775, "train_median": 0.7012987012987013, "train_std": 0.004946443933189838, "test_mean": 0.6733564013840831, "test_median": 0.6678200692041523, "test_std": 0.02238195381148269}
{"alpha": 0.9, "train_mean": 0.6961038961038962, "train_median": 0.696969696969697, "train_std": 0.006948018232983173, "test_mean": 0.6802768166089965, "test_median": 0.6816608996539792, "test_std": 0.030684843290512617}
{"alpha": 0.8, "train_mean": 0.7037229437229438, "train_median": 0.703030303030303, "train_std": 0.004754815659825439, "test_mean": 0.6885813148788926, "test_median": 0.6851211072664359, "test_std": 0.018697932299109064}
{"alpha": 0.6, "train_mean": 0.7115151515151515, "train_median": 0.7116883116883117, "train_std": 0.005235053318729357, "test_mean": 0.7038062283737024, "test_median": 0.698961937716263, "test_std": 0.02538953124961125}