{"alpha": 0.2, "train_mean": 0.6727418065547562, "train_median": 0.6722621902478018, "train_std": 0.0023496304487128556, "test_mean": 0.649740932642487, "test_median": 0.6476683937823834, "test_std": 0.016580310880828994}
{"alpha": 0.2, "train_mean": 0.6874500399680256, "train_median": 0.6706634692246203, "train_std": 0.03617845979020836, "test_mean": 0.6746113989637306, "test_median": 0.6735751295336787, "test_std": 0.029200005810581076}

{"alpha": 0.4, "train_mean": 0.686810551558753, "train_median": 0.6818545163868905, "train_std": 0.013802805879551948, "test_mean": 0.6808290155440415, "test_median": 0.6787564766839378, "test_std": 0.033192989384553305}
{"alpha": 0.2, "train_mean": 0.6900079936051159, "train_median": 0.6730615507593924, "train_std": 0.034308866046461876, "test_mean": 0.6632124352331606, "test_median": 0.6476683937823834, "test_std": 0.03177141910208476}
{"alpha": 0.2, "train_mean": 0.6713029576338928, "train_median": 0.6746602717825739, "train_std": 0.005115907274180672, "test_mean": 0.6590673575129533, "test_median": 0.6424870466321243, "test_std": 0.03727690310591701}
{"alpha": 0.4, "train_mean": 0.6860111910471622, "train_median": 0.6746602717825739, "train_std": 0.015026276754608093, "test_mean": 0.6849740932642486, "test_median": 0.6787564766839378, "test_std": 0.016515417047159815}
{"alpha": 0.4, "train_mean": 0.6745003996802559, "train_median": 0.6738609112709832, "train_std": 0.003091779313479404, "test_mean": 0.6808290155440415, "test_median": 0.6787564766839378, "test_std": 0.016580310880829004}
{"alpha": 0.5, "train_mean": 0.690167865707434, "train_median": 0.6802557953637091, "train_std": 0.020805497662666584, "test_mean": 0.6901554404145078, "test_median": 0.6683937823834197, "test_std": 0.03348288999254615}
{"alpha": 0.9, "train_mean": 0.6900079936051159, "train_median": 0.6946442845723422, "train_std": 0.010463992436101424, "test_mean": 0.6797927461139898, "test_median": 0.6787564766839378, "test_std": 0.015509460670565568}
{"alpha": 0.6, "train_mean": 0.6919264588329337, "train_median": 0.6850519584332534, "train_std": 0.013599469428065052, "test_mean": 0.6632124352331606, "test_median": 0.6580310880829016, "test_std": 0.02761225408181184}