{"alpha": 0.9, "train_mean": 0.6564348521183054, "train_median": 0.6562749800159872, "train_std": 0.0013752718252666174, "test_mean": 0.667357512953368, "test_median": 0.6683937823834197, "test_std": 0.008914326701598564}
{"alpha": 0.9, "train_mean": 0.6585131894484413, "train_median": 0.657074340527578, "train_std": 0.002832940870770478, "test_mean": 0.6538860103626944, "test_median": 0.6632124352331606, "test_std": 0.01836274108463144}

{"alpha": 0.9, "train_mean": 0.6580335731414868, "train_median": 0.657074340527578, "train_std": 0.001174815224356433, "test_mean": 0.655958549222798, "test_median": 0.6580310880829016, "test_std": 0.007028321226036572}
{"alpha": 0.9, "train_mean": 0.6781774580335732, "train_median": 0.6594724220623501, "train_std": 0.04024397147259137, "test_mean": 0.6849740932642486, "test_median": 0.6632124352331606, "test_std": 0.05754795182140857}
{"alpha": 0.9, "train_mean": 0.6551558752997602, "train_median": 0.6554756195043965, "train_std": 0.002403404696782221, "test_mean": 0.6735751295336787, "test_median": 0.6735751295336787, "test_std": 0.011815289379265681}
{"alpha": 0.9, "train_mean": 0.6580335731414868, "train_median": 0.6586730615507594, "train_std": 0.0013752718252666198, "test_mean": 0.6569948186528498, "test_median": 0.6528497409326425, "test_std": 0.008914326701598568}
{"alpha": 0.9, "train_mean": 0.6489208633093525, "train_median": 0.6554756195043965, "train_std": 0.015552852447021998, "test_mean": 0.6518134715025907, "test_median": 0.6632124352331606, "test_std": 0.02901554404145076}
{"alpha": 0.8, "train_mean": 0.6770583533173461, "train_median": 0.6778577138289369, "train_std": 0.0015987210231814598, "test_mean": 0.6735751295336787, "test_median": 0.6683937823834197, "test_std": 0.010362694300518126}
{"alpha": 0.9, "train_mean": 0.6586730615507593, "train_median": 0.6586730615507594, "train_std": 0.0005055599776448333, "test_mean": 0.6528497409326425, "test_median": 0.6528497409326425, "test_std": 0.00327697166856828}
{"alpha": 0.9, "train_mean": 0.679136690647482, "train_median": 0.6602717825739408, "train_std": 0.04100524643881362, "test_mean": 0.6808290155440415, "test_median": 0.6476683937823834, "test_std": 0.05830799957154488}
{"alpha": 0.9, "train_mean": 0.6580335731414868, "train_median": 0.6586730615507594, "train_std": 0.0016303819387986495, "test_mean": 0.6569948186528497, "test_median": 0.6528497409326425, "test_std": 0.010567916090347743}