{"alpha": 0.8, "train_mean": 0.8294072363356427, "train_median": 0.8560431100846805, "train_std": 0.055599339390520086, "test_mean": 0.5227586206896552, "test_median": 0.5310344827586206, "test_std": 0.019211570037495324}
{"alpha": 0.9, "train_mean": 0.7941493456505004, "train_median": 0.8460354118552733, "train_std": 0.07478242474724899, "test_mean": 0.5227586206896551, "test_median": 0.5172413793103449, "test_std": 0.043046859405040654}

{"alpha": 0.6, "train_mean": 0.831562740569669, "train_median": 0.8575827559661278, "train_std": 0.055190238268778224, "test_mean": 0.550344827586207, "test_median": 0.5379310344827586, "test_std": 0.033332540616812616}
{"alpha": 0.8, "train_mean": 0.804464973056197, "train_median": 0.8545034642032333, "train_std": 0.06551188702507557, "test_mean": 0.5324137931034482, "test_median": 0.5241379310344828, "test_std": 0.04845287743517323}
{"alpha": 0.4, "train_mean": 0.8358737490377214, "train_median": 0.8598922247882987, "train_std": 0.050387601956169994, "test_mean": 0.5365517241379311, "test_median": 0.5310344827586206, "test_std": 0.013372909951493308}
{"alpha": 0.6, "train_mean": 0.7685912240184758, "train_median": 0.7244033872209392, "train_std": 0.0752800245645953, "test_mean": 0.5475862068965517, "test_median": 0.5448275862068965, "test_std": 0.03102681897710894}
{"alpha": 0.6, "train_mean": 0.8598922247882987, "train_median": 0.8606620477290223, "train_std": 0.002880413692666591, "test_mean": 0.5131034482758621, "test_median": 0.5241379310344828, "test_std": 0.05578965080319085}
{"alpha": 0.5, "train_mean": 0.8589684372594304, "train_median": 0.859122401847575, "train_std": 0.0010212855397553227, "test_mean": 0.52, "test_median": 0.503448275862069, "test_std": 0.03817476552578772}
{"alpha": 0.5, "train_mean": 0.8380292532717475, "train_median": 0.8568129330254042, "train_std": 0.04223683918524453, "test_mean": 0.5199999999999999, "test_median": 0.5241379310344828, "test_std": 0.028468644745586608}
{"alpha": 0.6, "train_mean": 0.8160123171670517, "train_median": 0.8537336412625096, "train_std": 0.08329327691237581, "test_mean": 0.5599999999999999, "test_median": 0.5517241379310345, "test_std": 0.03217076907500855}