{"alpha": 0.9, "train_mean": 0.6150885296381833, "train_median": 0.596612779060816, "train_std": 0.02592829491611502, "test_mean": 0.5986206896551723, "test_median": 0.6, "test_std": 0.015359349966427639}
{"alpha": 0.4, "train_mean": 0.6551193225558121, "train_median": 0.6304849884526559, "train_std": 0.030206110036797594, "test_mean": 0.6496551724137932, "test_median": 0.6275862068965518, "test_std": 0.03002971180286513}

{"alpha": 0.5, "train_mean": 0.6406466512702078, "train_median": 0.6274056966897613, "train_std": 0.02497075896254142, "test_mean": 0.6206896551724139, "test_median": 0.6275862068965518, "test_std": 0.038024962074731654}
{"alpha": 0.9, "train_mean": 0.6307929176289453, "train_median": 0.625866050808314, "train_std": 0.022404889624118535, "test_mean": 0.6013793103448275, "test_median": 0.6, "test_std": 0.033332540616812616}
{"alpha": 0.9, "train_mean": 0.6240184757505773, "train_median": 0.619707467282525, "train_std": 0.013930179567381072, "test_mean": 0.6206896551724137, "test_median": 0.6206896551724138, "test_std": 0.038768191234635034}
{"alpha": 0.4, "train_mean": 0.6557351809083911, "train_median": 0.6304849884526559, "train_std": 0.030940370591730187, "test_mean": 0.6455172413793104, "test_median": 0.6275862068965518, "test_std": 0.022914824449429168}
{"alpha": 0.9, "train_mean": 0.6235565819861432, "train_median": 0.619707467282525, "train_std": 0.021228138038767257, "test_mean": 0.6041379310344828, "test_median": 0.6, "test_std": 0.00935493790775901}
{"alpha": 0.4, "train_mean": 0.6549653579676674, "train_median": 0.6304849884526559, "train_std": 0.02998319529541952, "test_mean": 0.6510344827586207, "test_median": 0.6275862068965518, "test_std": 0.02880084554182221}
{"alpha": 0.4, "train_mean": 0.6663587374903772, "train_median": 0.6874518860662048, "train_std": 0.029381026492690542, "test_mean": 0.670344827586207, "test_median": 0.6620689655172414, "test_std": 0.040543278501238796}
{"alpha": 0.9, "train_mean": 0.6274056966897613, "train_median": 0.6204772902232486, "train_std": 0.01631588827311956, "test_mean": 0.6110344827586207, "test_median": 0.6206896551724138, "test_std": 0.02490409666933487}