{"alpha": 0.8, "train_mean": 0.8377298161470822, "train_median": 0.832933653077538, "train_std": 0.00976398496217585, "test_mean": 0.8435233160621761, "test_median": 0.8393782383419689, "test_std": 0.015509460670565578}
{"alpha": 0.6, "train_mean": 0.837569944044764, "train_median": 0.8377298161470823, "train_std": 0.002283430352851451, "test_mean": 0.8321243523316063, "test_median": 0.8290155440414507, "test_std": 0.013351397644274744}

{"alpha": 0.4, "train_mean": 0.8478017585931255, "train_median": 0.8489208633093526, "train_std": 0.004510547075832382, "test_mean": 0.8269430051813471, "test_median": 0.8238341968911918, "test_std": 0.015229988038030134}
{"alpha": 0.9, "train_mean": 0.854836131095124, "train_median": 0.8497202238209433, "train_std": 0.025993846953416673, "test_mean": 0.8290155440414507, "test_median": 0.8082901554404145, "test_std": 0.04359727247246143}
{"alpha": 0.9, "train_mean": 0.7952038369304557, "train_median": 0.8457234212629896, "train_std": 0.10059169955819604, "test_mean": 0.7844559585492228, "test_median": 0.8186528497409327, "test_std": 0.09266358095796126}
{"alpha": 0.6, "train_mean": 0.85259792166267, "train_median": 0.8489208633093526, "train_std": 0.008176954022410485, "test_mean": 0.8300518134715027, "test_median": 0.8238341968911918, "test_std": 0.03115709093963297}
{"alpha": 0.2, "train_mean": 0.8446043165467625, "train_median": 0.8441247002398081, "train_std": 0.007016181697039714, "test_mean": 0.8321243523316062, "test_median": 0.8341968911917098, "test_std": 0.020880250445191584}
{"alpha": 0.6, "train_mean": 0.8441247002398082, "train_median": 0.8401278976818545, "train_std": 0.00763378825663521, "test_mean": 0.8207253886010362, "test_median": 0.8186528497409327, "test_std": 0.0070283212260365295}
{"alpha": 0.2, "train_mean": 0.8366107114308553, "train_median": 0.8425259792166268, "train_std": 0.015677251059480448, "test_mean": 0.8352331606217616, "test_median": 0.8393782383419689, "test_std": 0.017463522845961386}
{"alpha": 0.5, "train_mean": 0.8468425259792166, "train_median": 0.8457234212629896, "train_std": 0.006831610110062831, "test_mean": 0.8352331606217616, "test_median": 0.8134715025906736, "test_std": 0.0405868518706034}
{"alpha": 0.5, "train_mean": 0.8494004796163068, "train_median": 0.8449240607513989, "train_std": 0.010318874221010337, "test_mean": 0.8207253886010364, "test_median": 0.8186528497409327, "test_std": 0.018127311590192638}