{"alpha": 0.9, "train_mean": 0.6865800865800866, "train_median": 0.6865800865800866, "train_std": 0.005048443199000287, "test_mean": 0.683044982698962, "test_median": 0.6816608996539792, "test_std": 0.0240328793829555}
{"alpha": 0.8, "train_mean": 0.7082251082251083, "train_median": 0.7082251082251082, "train_std": 0.0023868482687602337, "test_mean": 0.6844290657439446, "test_median": 0.6851211072664359, "test_std": 0.01538139153695009}

{"alpha": 0.9, "train_mean": 0.6836363636363637, "train_median": 0.6865800865800866, "train_std": 0.00433246614829325, "test_mean": 0.6795847750865052, "test_median": 0.6643598615916955, "test_std": 0.02891706908757949}
{"alpha": 0.4, "train_mean": 0.7196536796536798, "train_median": 0.7194805194805195, "train_std": 0.0025916241639992537, "test_mean": 0.693425605536332, "test_median": 0.6955017301038062, "test_std": 0.00836196953189938}
{"alpha": 0.9, "train_mean": 0.6867532467532468, "train_median": 0.6874458874458874, "train_std": 0.0014895801328212131, "test_mean": 0.6788927335640139, "test_median": 0.6747404844290658, "test_std": 0.013736632000885282}
{"alpha": 0.9, "train_mean": 0.6839826839826839, "train_median": 0.683982683982684, "train_std": 0.004346285852125052, "test_mean": 0.6858131487889273, "test_median": 0.6851211072664359, "test_std": 0.021708494313298455}
{"alpha": 0.9, "train_mean": 0.6857142857142857, "train_median": 0.6857142857142857, "train_std": 0.0026261040498879785, "test_mean": 0.6809688581314879, "test_median": 0.6816608996539792, "test_std": 0.017562045038684446}
{"alpha": 0.9, "train_mean": 0.6900432900432901, "train_median": 0.6891774891774892, "train_std": 0.0029488114919352846, "test_mean": 0.659515570934256, "test_median": 0.6643598615916955, "test_std": 0.0268562047223976}
{"alpha": 0.9, "train_mean": 0.6874458874458875, "train_median": 0.6891774891774892, "train_std": 0.004897709306919793, "test_mean": 0.6740484429065743, "test_median": 0.6678200692041523, "test_std": 0.02114976718330261}
{"alpha": 0.9, "train_mean": 0.6860606060606059, "train_median": 0.6857142857142857, "train_std": 0.003738014397389261, "test_mean": 0.6761245674740485, "test_median": 0.671280276816609, "test_std": 0.013596458618953984}