{"alpha": 0.4, "train_mean": 0.6464973056197074, "train_median": 0.6304849884526559, "train_std": 0.04317986214823016, "test_mean": 0.64, "test_median": 0.6275862068965518, "test_std": 0.02520781638965113}
{"alpha": 0.5, "train_mean": 0.6261739799846036, "train_median": 0.6274056966897613, "train_std": 0.03934570999555841, "test_mean": 0.6082758620689657, "test_median": 0.6275862068965518, "test_std": 0.061437399865710604}

{"alpha": 0.9, "train_mean": 0.6506543494996151, "train_median": 0.6374133949191686, "train_std": 0.05238055408767341, "test_mean": 0.649655172413793, "test_median": 0.6206896551724138, "test_std": 0.05331351197265569}
{"alpha": 0.5, "train_mean": 0.6500384911470362, "train_median": 0.6274056966897613, "train_std": 0.03749788500146588, "test_mean": 0.64, "test_median": 0.6275862068965518, "test_std": 0.02520781638965113}
{"alpha": 0.5, "train_mean": 0.633256351039261, "train_median": 0.6274056966897613, "train_std": 0.02785270039724481, "test_mean": 0.6275862068965518, "test_median": 0.6275862068965518, "test_std": 0.011540138297021715}
{"alpha": 0.9, "train_mean": 0.6331023864511163, "train_median": 0.6243264049268669, "train_std": 0.04326541903869375, "test_mean": 0.6455172413793104, "test_median": 0.6275862068965518, "test_std": 0.0587786917314828}
{"alpha": 0.9, "train_mean": 0.6449576597382602, "train_median": 0.6381832178598922, "train_std": 0.023948299605105722, "test_mean": 0.64, "test_median": 0.6344827586206897, "test_std": 0.025207816389651125}
{"alpha": 0.9, "train_mean": 0.6375673595073132, "train_median": 0.5981524249422633, "train_std": 0.05775498812885327, "test_mean": 0.64, "test_median": 0.6, "test_std": 0.08188039768085976}
{"alpha": 0.9, "train_mean": 0.6486528098537336, "train_median": 0.6443418013856813, "train_std": 0.0148206411714967, "test_mean": 0.64, "test_median": 0.6413793103448275, "test_std": 0.03246510978190297}
{"alpha": 0.8, "train_mean": 0.6384911470361817, "train_median": 0.6243264049268669, "train_std": 0.044550339324746134, "test_mean": 0.6289655172413793, "test_median": 0.6137931034482759, "test_std": 0.04980819333866975}