{"alpha": 0.5, "train_mean": 0.649004329004329, "train_median": 0.6320346320346321, "train_std": 0.024862810175996664, "test_mean": 0.6387543252595156, "test_median": 0.6262975778546713, "test_std": 0.015412496506103854}
{"alpha": 0.2, "train_mean": 0.6375757575757576, "train_median": 0.6363636363636364, "train_std": 0.00242424242424244, "test_mean": 0.6401384083044983, "test_median": 0.6366782006920415, "test_std": 0.0069204152249135115}

{"alpha": 0.6, "train_mean": 0.6367099567099567, "train_median": 0.6285714285714286, "train_std": 0.013597208955428965, "test_mean": 0.6408304498269896, "test_median": 0.629757785467128, "test_std": 0.01658013640236805}
{"alpha": 0.9, "train_mean": 0.638961038961039, "train_median": 0.6415584415584416, "train_std": 0.015243997282821675, "test_mean": 0.6387543252595156, "test_median": 0.643598615916955, "test_std": 0.011286855661107304}
{"alpha": 0.4, "train_mean": 0.661991341991342, "train_median": 0.6545454545454545, "train_std": 0.025954393734973557, "test_mean": 0.6470588235294118, "test_median": 0.6366782006920415, "test_std": 0.015628497980119314}
{"alpha": 0.2, "train_mean": 0.6486580086580085, "train_median": 0.6363636363636364, "train_std": 0.017466016982059584, "test_mean": 0.6470588235294117, "test_median": 0.6366782006920415, "test_std": 0.01608159174895812}
{"alpha": 0.9, "train_mean": 0.6413852813852814, "train_median": 0.6484848484848484, "train_std": 0.016467523363419886, "test_mean": 0.6228373702422145, "test_median": 0.6193771626297578, "test_std": 0.020761245674740508}
{"alpha": 0.9, "train_mean": 0.6263203463203463, "train_median": 0.638961038961039, "train_std": 0.019380019741877308, "test_mean": 0.6235294117647059, "test_median": 0.6193771626297578, "test_std": 0.020459163320546}
{"alpha": 0.4, "train_mean": 0.6382683982683982, "train_median": 0.6303030303030303, "train_std": 0.012076603133619187, "test_mean": 0.6359861591695501, "test_median": 0.629757785467128, "test_std": 0.008304498269896193}
{"alpha": 0.4, "train_mean": 0.6387878787878789, "train_median": 0.638961038961039, "train_std": 0.008870128813759807, "test_mean": 0.6352941176470588, "test_median": 0.629757785467128, "test_std": 0.00943818802559576}