{"alpha": 0.2, "train_mean": 0.6719424460431654, "train_median": 0.6658673061550759, "train_std": 0.03488217303547302, "test_mean": 0.672538860103627, "test_median": 0.6632124352331606, "test_std": 0.03427530654619941}
{"alpha": 0.4, "train_mean": 0.6561151079136691, "train_median": 0.6298960831334932, "train_std": 0.03221095563484759, "test_mean": 0.6580310880829016, "test_median": 0.6321243523316062, "test_std": 0.03498848293499301}

{"alpha": 0.2, "train_mean": 0.6609112709832135, "train_median": 0.6666666666666666, "train_std": 0.023031572572744304, "test_mean": 0.6497409326424871, "test_median": 0.6373056994818653, "test_std": 0.020880250445191578}
{"alpha": 0.2, "train_mean": 0.6786570743405276, "train_median": 0.6650679456434853, "train_std": 0.04155444692894576, "test_mean": 0.6642487046632125, "test_median": 0.6476683937823834, "test_std": 0.030635741967035175}
{"alpha": 0.4, "train_mean": 0.6663469224620304, "train_median": 0.6586730615507594, "train_std": 0.03214423332327874, "test_mean": 0.6507772020725389, "test_median": 0.6373056994818653, "test_std": 0.029419833298608037}
{"alpha": 0.5, "train_mean": 0.6521183053557154, "train_median": 0.627498001598721, "train_std": 0.03687955215763024, "test_mean": 0.6538860103626943, "test_median": 0.6269430051813472, "test_std": 0.04018801954334782}
{"alpha": 0.4, "train_mean": 0.6973621103117507, "train_median": 0.6586730615507594, "train_std": 0.07947525056791943, "test_mean": 0.6911917098445597, "test_median": 0.6424870466321243, "test_std": 0.0850498840567179}
{"alpha": 0.4, "train_mean": 0.6489208633093526, "train_median": 0.6298960831334932, "train_std": 0.025928869618178467, "test_mean": 0.6549222797927461, "test_median": 0.6321243523316062, "test_std": 0.03414975555084782}
{"alpha": 0.9, "train_mean": 0.6896882494004796, "train_median": 0.6962430055955235, "train_std": 0.01786280124503718, "test_mean": 0.6839378238341969, "test_median": 0.6735751295336787, "test_std": 0.02912636129026982}
{"alpha": 0.5, "train_mean": 0.6673061550759393, "train_median": 0.6586730615507594, "train_std": 0.038267250369915955, "test_mean": 0.6569948186528497, "test_median": 0.6269430051813472, "test_std": 0.03770653968634249}