{"alpha": 0.8, "train_mean": 0.7728217426059153, "train_median": 0.7945643485211831, "train_std": 0.05505360135168051, "test_mean": 0.5564766839378239, "test_median": 0.5440414507772021, "test_std": 0.01812731159019262}
{"alpha": 0.4, "train_mean": 0.845083932853717, "train_median": 0.8441247002398081, "train_std": 0.01517859114489901, "test_mean": 0.5533678756476684, "test_median": 0.5544041450777202, "test_std": 0.03474208210205224}

{"alpha": 0.9, "train_mean": 0.7651478816946443, "train_median": 0.7482014388489209, "train_std": 0.06257394901656547, "test_mean": 0.5398963730569948, "test_median": 0.5284974093264249, "test_std": 0.021588255602072212}
{"alpha": 0.5, "train_mean": 0.801119104716227, "train_median": 0.8289368505195843, "train_std": 0.06279820135590924, "test_mean": 0.5544041450777202, "test_median": 0.5440414507772021, "test_std": 0.017647032503550653}
{"alpha": 0.6, "train_mean": 0.8111910471622702, "train_median": 0.8249400479616307, "train_std": 0.04997991610699854, "test_mean": 0.5512953367875648, "test_median": 0.5440414507772021, "test_std": 0.016901042932953435}
{"alpha": 0.9, "train_mean": 0.7640287769784172, "train_median": 0.8049560351718625, "train_std": 0.061598287420962586, "test_mean": 0.5398963730569949, "test_median": 0.5129533678756477, "test_std": 0.03951435433147693}
{"alpha": 0.4, "train_mean": 0.783373301358913, "train_median": 0.7737809752198241, "train_std": 0.04022618464255798, "test_mean": 0.555440414507772, "test_median": 0.538860103626943, "test_std": 0.04163172938155581}
{"alpha": 0.5, "train_mean": 0.8223820943245403, "train_median": 0.8233413269384492, "train_std": 0.0031733706221069653, "test_mean": 0.5575129533678757, "test_median": 0.533678756476684, "test_std": 0.04524120197501155}
{"alpha": 0.5, "train_mean": 0.8009592326139089, "train_median": 0.8233413269384492, "train_std": 0.04803884006514952, "test_mean": 0.561658031088083, "test_median": 0.5492227979274611, "test_std": 0.028113284904146187}
{"alpha": 0.9, "train_mean": 0.7609912070343725, "train_median": 0.7394084732214229, "train_std": 0.060747191574620565, "test_mean": 0.5450777202072539, "test_median": 0.5284974093264249, "test_std": 0.02974652869307219}