{"alpha": 0.9, "train_mean": 0.6358737490377214, "train_median": 0.6558891454965358, "train_std": 0.07559175223356569, "test_mean": 0.646896551724138, "test_median": 0.6068965517241379, "test_std": 0.06371756944800605}
{"alpha": 0.6, "train_mean": 0.6555812163202464, "train_median": 0.6712856043110085, "train_std": 0.03154809175824314, "test_mean": 0.6289655172413793, "test_median": 0.6344827586206897, "test_std": 0.05112759446303622}

{"alpha": 0.9, "train_mean": 0.694688221709007, "train_median": 0.6751347190146266, "train_std": 0.08231506158446654, "test_mean": 0.6924137931034482, "test_median": 0.6413793103448275, "test_std": 0.08892006323468246}
{"alpha": 0.6, "train_mean": 0.6192455735180908, "train_median": 0.6043110084680523, "train_std": 0.11845831698184336, "test_mean": 0.646896551724138, "test_median": 0.6, "test_std": 0.13698989261169803}
{"alpha": 0.5, "train_mean": 0.6009237875288684, "train_median": 0.5827559661277906, "train_std": 0.07393122376214403, "test_mean": 0.5917241379310344, "test_median": 0.593103448275862, "test_std": 0.06205363795421787}
{"alpha": 0.5, "train_mean": 0.6837567359507313, "train_median": 0.634334103156274, "train_std": 0.09354460630172251, "test_mean": 0.6937931034482758, "test_median": 0.6482758620689655, "test_std": 0.09452050592558245}
{"alpha": 0.5, "train_mean": 0.7270207852193995, "train_median": 0.7197844495765974, "train_std": 0.07879858886701568, "test_mean": 0.7020689655172413, "test_median": 0.6551724137931034, "test_std": 0.08118035293551536}
{"alpha": 0.9, "train_mean": 0.629869130100077, "train_median": 0.6020015396458814, "train_std": 0.061399641556113015, "test_mean": 0.6537931034482758, "test_median": 0.6068965517241379, "test_std": 0.08716979481006877}
{"alpha": 0.9, "train_mean": 0.6655889145496536, "train_median": 0.6358737490377213, "train_std": 0.08816889382317859, "test_mean": 0.6537931034482758, "test_median": 0.6482758620689655, "test_std": 0.07572401231068031}
{"alpha": 0.6, "train_mean": 0.636643571978445, "train_median": 0.5996920708237106, "train_std": 0.061860434765751, "test_mean": 0.6717241379310345, "test_median": 0.6482758620689655, "test_std": 0.07161795854205331}