{"alpha": 0.9, "train_mean": 0.6612779060816012, "train_median": 0.6312548113933796, "train_std": 0.09214880284597575, "test_mean": 0.663448275862069, "test_median": 0.6, "test_std": 0.09369162867719558}
{"alpha": 0.4, "train_mean": 0.6977675134719015, "train_median": 0.665896843725943, "train_std": 0.07040172844651515, "test_mean": 0.6758620689655171, "test_median": 0.6620689655172414, "test_std": 0.09994052928406508}
{"alpha": 0.8, "train_mean": 0.6494226327944573, "train_median": 0.6505003849114703, "train_std": 0.0036304314465131944, "test_mean": 0.6662068965517242, "test_median": 0.6620689655172414, "test_std": 0.02291482444942915}

{"alpha": 0.4, "train_mean": 0.7342571208622017, "train_median": 0.665896843725943, "train_std": 0.09037786896510111, "test_mean": 0.7241379310344828, "test_median": 0.6827586206896552, "test_std": 0.1107750234773035}
{"alpha": 0.4, "train_mean": 0.7354888375673594, "train_median": 0.6612779060816012, "train_std": 0.09278918319277185, "test_mean": 0.7186206896551723, "test_median": 0.6758620689655173, "test_std": 0.07904302776217603}
{"alpha": 0.2, "train_mean": 0.693456505003849, "train_median": 0.6551193225558122, "train_std": 0.07412623457285918, "test_mean": 0.6868965517241379, "test_median": 0.6896551724137931, "test_std": 0.0574694252579301}
{"alpha": 0.8, "train_mean": 0.6525019245573518, "train_median": 0.6535796766743649, "train_std": 0.006377926151565175, "test_mean": 0.6441379310344828, "test_median": 0.6344827586206897, "test_std": 0.057137421178504774}
{"alpha": 0.9, "train_mean": 0.6611239414934564, "train_median": 0.625866050808314, "train_std": 0.09708611876437133, "test_mean": 0.6799999999999999, "test_median": 0.6551724137931034, "test_std": 0.0838548091231485}
{"alpha": 0.9, "train_mean": 0.7085450346420323, "train_median": 0.6420323325635104, "train_std": 0.11972526347398722, "test_mean": 0.6813793103448276, "test_median": 0.6, "test_std": 0.11055153053524899}
{"alpha": 0.9, "train_mean": 0.6948421862971517, "train_median": 0.596612779060816, "train_std": 0.12030694792881594, "test_mean": 0.6965517241379311, "test_median": 0.6, "test_std": 0.11833164463187432}
{"alpha": 0.9, "train_mean": 0.6129330254041571, "train_median": 0.596612779060816, "train_std": 0.020082790547267502, "test_mean": 0.6082758620689656, "test_median": 0.6, "test_std": 0.02017757081148661}
{"alpha": 0.8, "train_mean": 0.7264049268668206, "train_median": 0.6520400307929176, "train_std": 0.09141348400765745, "test_mean": 0.7255172413793103, "test_median": 0.6551724137931034, "test_std": 0.09308045693132683}
{"alpha": 0.9, "train_mean": 0.705927636643572, "train_median": 0.642802155504234, "train_std": 0.11626008677703807, "test_mean": 0.6786206896551724, "test_median": 0.6, "test_std": 0.10804499877277866}