{"alpha": 0.9, "train_mean": 0.5958429561200924, "train_median": 0.5950731331793687, "train_std": 0.0021773880867946177, "test_mean": 0.5903448275862069, "test_median": 0.5862068965517241, "test_std": 0.012024548809767365}
{"alpha": 0.9, "train_mean": 0.5873749037721324, "train_median": 0.5919938414164743, "train_std": 0.010973690334845554, "test_mean": 0.5848275862068966, "test_median": 0.5862068965517241, "test_std": 0.014066260727152497}

{"alpha": 0.9, "train_mean": 0.5812163202463434, "train_median": 0.5789068514241724, "train_std": 0.01330703029181333, "test_mean": 0.5682758620689655, "test_median": 0.5793103448275863, "test_std": 0.03586206896551724}
{"alpha": 0.9, "train_mean": 0.5906081601231717, "train_median": 0.596612779060816, "train_std": 0.009911302195184653, "test_mean": 0.5862068965517241, "test_median": 0.6, "test_std": 0.027586206896551738}
{"alpha": 0.9, "train_mean": 0.5898383371824482, "train_median": 0.5896843725943033, "train_std": 0.006805861772224883, "test_mean": 0.583448275862069, "test_median": 0.5862068965517241, "test_std": 0.017771170657551887}
{"alpha": 0.8, "train_mean": 0.6100076982294071, "train_median": 0.6120092378752887, "train_std": 0.00709908661025313, "test_mean": 0.5917241379310345, "test_median": 0.6, "test_std": 0.02198258958690927}
{"alpha": 0.9, "train_mean": 0.5970746728252502, "train_median": 0.596612779060816, "train_std": 0.0013422321612134517, "test_mean": 0.5986206896551725, "test_median": 0.6, "test_std": 0.002758620689655178}
{"alpha": 0.9, "train_mean": 0.5958429561200924, "train_median": 0.596612779060816, "train_std": 0.0015396458814472603, "test_mean": 0.5986206896551723, "test_median": 0.6, "test_std": 0.0027586206896551783}
{"alpha": 0.9, "train_mean": 0.5961508852963819, "train_median": 0.596612779060816, "train_std": 0.0009237875288683474, "test_mean": 0.5986206896551725, "test_median": 0.6, "test_std": 0.002758620689655178}
{"alpha": 0.9, "train_mean": 0.5943033102386451, "train_median": 0.596612779060816, "train_std": 0.004618937644341781, "test_mean": 0.5889655172413794, "test_median": 0.6, "test_std": 0.022068965517241378}