{"alpha": 0.9, "train_mean": 0.6642424242424243, "train_median": 0.6649350649350649, "train_std": 0.007999175385247505, "test_mean": 0.669204152249135, "test_median": 0.6539792387543253, "test_std": 0.023427419902852242}
{"alpha": 0.4, "train_mean": 0.6763636363636365, "train_median": 0.677056277056277, "train_std": 0.004970632067327235, "test_mean": 0.6782006920415224, "test_median": 0.6678200692041523, "test_std": 0.02377240697206595}

{"alpha": 0.2, "train_mean": 0.6799999999999999, "train_median": 0.6787878787878788, "train_std": 0.004761117605148912, "test_mean": 0.6664359861591695, "test_median": 0.6643598615916955, "test_std": 0.021840462059597904}
{"alpha": 0.9, "train_mean": 0.6671861471861471, "train_median": 0.6623376623376623, "train_std": 0.01095982157468166, "test_mean": 0.6491349480968858, "test_median": 0.6401384083044983, "test_std": 0.01509856348046464}
{"alpha": 0.9, "train_mean": 0.6668398268398269, "train_median": 0.6701298701298701, "train_std": 0.005376337557146312, "test_mean": 0.6408304498269897, "test_median": 0.6332179930795848, "test_std": 0.015224913494809665}
{"alpha": 0.6, "train_mean": 0.679134199134199, "train_median": 0.6813852813852814, "train_std": 0.006136812172006699, "test_mean": 0.6546712802768166, "test_median": 0.6366782006920415, "test_std": 0.029148013409899927}
{"alpha": 0.4, "train_mean": 0.6765367965367967, "train_median": 0.6761904761904762, "train_std": 0.0051542427934674305, "test_mean": 0.6726643598615916, "test_median": 0.6643598615916955, "test_std": 0.015256337498303523}
{"alpha": 0.9, "train_mean": 0.6687445887445888, "train_median": 0.6692640692640692, "train_std": 0.006492929267273657, "test_mean": 0.6525951557093426, "test_median": 0.6539792387543253, "test_std": 0.00836196953189933}
{"alpha": 0.9, "train_mean": 0.6716883116883117, "train_median": 0.6614718614718614, "train_std": 0.016219849734852285, "test_mean": 0.6512110726643598, "test_median": 0.6470588235294118, "test_std": 0.028567152166851597}
{"alpha": 0.5, "train_mean": 0.6793073593073593, "train_median": 0.6787878787878788, "train_std": 0.006874262594382413, "test_mean": 0.6685121107266435, "test_median": 0.6608996539792388, "test_std": 0.02148674698444293}