{"alpha": 0.9, "train_mean": 0.6094324540367706, "train_median": 0.6123101518784972, "train_std": 0.005292708347640887, "test_mean": 0.5699481865284974, "test_median": 0.5751295336787565, "test_std": 0.018537351108806537}
{"alpha": 0.9, "train_mean": 0.6079936051159073, "train_median": 0.6075139888089528, "train_std": 0.003100035080681921, "test_mean": 0.5813471502590674, "test_median": 0.5803108808290155, "test_std": 0.016515417047159836}

{"alpha": 0.9, "train_mean": 0.6059152677857714, "train_median": 0.6059152677857714, "train_std": 0.0047155495455643666, "test_mean": 0.5813471502590675, "test_median": 0.5699481865284974, "test_std": 0.020569360871791943}
{"alpha": 0.9, "train_mean": 0.6092725819344524, "train_median": 0.6091127098321343, "train_std": 0.0031733706221069775, "test_mean": 0.5678756476683938, "test_median": 0.5699481865284974, "test_std": 0.016253250923687148}
{"alpha": 0.9, "train_mean": 0.6102318145483612, "train_median": 0.6107114308553158, "train_std": 0.0032607638775972955, "test_mean": 0.583419689119171, "test_median": 0.5751295336787565, "test_std": 0.01690104293295347}
{"alpha": 0.9, "train_mean": 0.6070343725019983, "train_median": 0.6075139888089528, "train_std": 0.002349630448712878, "test_mean": 0.594818652849741, "test_median": 0.6010362694300518, "test_std": 0.018362741084631453}
{"alpha": 0.8, "train_mean": 0.6257394084732214, "train_median": 0.6250999200639489, "train_std": 0.002283430352851437, "test_mean": 0.6082901554404144, "test_median": 0.6010362694300518, "test_std": 0.01163209550292416}
{"alpha": 0.9, "train_mean": 0.6086330935251798, "train_median": 0.609912070343725, "train_std": 0.005643281405187133, "test_mean": 0.5772020725388602, "test_median": 0.5751295336787565, "test_std": 0.015578545469816496}
{"alpha": 0.9, "train_mean": 0.6083133493205436, "train_median": 0.6091127098321343, "train_std": 0.0028598791079133927, "test_mean": 0.5886010362694301, "test_median": 0.5803108808290155, "test_std": 0.014873264346536078}
{"alpha": 0.9, "train_mean": 0.6103916866506796, "train_median": 0.6091127098321343, "train_std": 0.00595188184459992, "test_mean": 0.5823834196891192, "test_median": 0.6010362694300518, "test_std": 0.0304952102996107}