{"alpha": 0.2, "train_mean": 0.7969624300559552, "train_median": 0.820943245403677, "train_std": 0.049397633914399816, "test_mean": 0.5533678756476684, "test_median": 0.5492227979274611, "test_std": 0.007614994019015061}
{"alpha": 0.6, "train_mean": 0.8078337330135892, "train_median": 0.8137490007993605, "train_std": 0.03321956096888316, "test_mean": 0.560621761658031, "test_median": 0.5595854922279793, "test_std": 0.03316062176165802}

{"alpha": 0.6, "train_mean": 0.780335731414868, "train_median": 0.8089528377298162, "train_std": 0.0515681090043181, "test_mean": 0.5419689119170984, "test_median": 0.5129533678756477, "test_std": 0.051668190102872144}
{"alpha": 0.6, "train_mean": 0.8321342925659472, "train_median": 0.8225419664268585, "train_std": 0.016350781999099104, "test_mean": 0.5471502590673575, "test_median": 0.538860103626943, "test_std": 0.02421413771098015}
{"alpha": 0.5, "train_mean": 0.7921662669864109, "train_median": 0.8385291766586731, "train_std": 0.0681606603961448, "test_mean": 0.550259067357513, "test_median": 0.538860103626943, "test_std": 0.04045434465480442}
{"alpha": 0.9, "train_mean": 0.7688249400479616, "train_median": 0.7617905675459632, "train_std": 0.03636308451547979, "test_mean": 0.5647668393782384, "test_median": 0.5544041450777202, "test_std": 0.018245406074258064}
{"alpha": 0.8, "train_mean": 0.7696243005595524, "train_median": 0.7777777777777778, "train_std": 0.03082009064390322, "test_mean": 0.5606217616580311, "test_median": 0.5440414507772021, "test_std": 0.028454984907245556}
{"alpha": 0.8, "train_mean": 0.7611510791366906, "train_median": 0.750599520383693, "train_std": 0.055802921620319655, "test_mean": 0.5626943005181347, "test_median": 0.5647668393782384, "test_std": 0.016901042932953452}
{"alpha": 0.9, "train_mean": 0.785771382893685, "train_median": 0.806554756195044, "train_std": 0.05234194074151866, "test_mean": 0.544041450777202, "test_median": 0.5181347150259067, "test_std": 0.040401220082109675}
{"alpha": 0.8, "train_mean": 0.7801758593125501, "train_median": 0.7641886490807354, "train_std": 0.03669752586563798, "test_mean": 0.5378238341968912, "test_median": 0.533678756476684, "test_std": 0.021588255602072188}