{"alpha": 0.4, "train_mean": 0.6554272517321016, "train_median": 0.6304849884526559, "train_std": 0.03571381118593992, "test_mean": 0.6606896551724138, "test_median": 0.6275862068965518, "test_std": 0.046036742809044524}
{"alpha": 0.8, "train_mean": 0.6280215550423403, "train_median": 0.6158583525789069, "train_std": 0.016699303295404165, "test_mean": 0.6055172413793104, "test_median": 0.6137931034482759, "test_std": 0.010135819625309721}

{"alpha": 0.8, "train_mean": 0.6374133949191686, "train_median": 0.6173979984603541, "train_std": 0.027939376490480325, "test_mean": 0.6262068965517241, "test_median": 0.6137931034482759, "test_std": 0.029063872421662737}
{"alpha": 0.5, "train_mean": 0.6655889145496536, "train_median": 0.6274056966897613, "train_std": 0.04676470024713076, "test_mean": 0.6593103448275863, "test_median": 0.6275862068965518, "test_std": 0.04035514162297322}
{"alpha": 0.8, "train_mean": 0.6846805234795996, "train_median": 0.6628175519630485, "train_std": 0.05442729854688937, "test_mean": 0.6482758620689655, "test_median": 0.6206896551724138, "test_std": 0.07073589740666528}
{"alpha": 0.5, "train_mean": 0.6354118552732871, "train_median": 0.6274056966897613, "train_std": 0.016012317167051603, "test_mean": 0.6248275862068966, "test_median": 0.6275862068965518, "test_std": 0.005517241379310356}
{"alpha": 0.4, "train_mean": 0.6563510392609699, "train_median": 0.6304849884526559, "train_std": 0.03797217497235374, "test_mean": 0.6537931034482759, "test_median": 0.6275862068965518, "test_std": 0.032170769075008536}
{"alpha": 0.9, "train_mean": 0.6638953040800615, "train_median": 0.6374133949191686, "train_std": 0.033099163779609614, "test_mean": 0.6386206896551724, "test_median": 0.6206896551724138, "test_std": 0.033673256870989536}
{"alpha": 0.8, "train_mean": 0.6383371824480369, "train_median": 0.6158583525789069, "train_std": 0.04085548331941427, "test_mean": 0.646896551724138, "test_median": 0.6137931034482759, "test_std": 0.041471162423097674}
{"alpha": 0.8, "train_mean": 0.634949961508853, "train_median": 0.6158583525789069, "train_std": 0.031385370681332, "test_mean": 0.6248275862068966, "test_median": 0.6137931034482759, "test_std": 0.016085384537504268}