{"alpha": 0.6, "train_mean": 0.713939393939394, "train_median": 0.7142857142857143, "train_std": 0.0020193772796001093, "test_mean": 0.6989619377162629, "test_median": 0.698961937716263, "test_std": 0.004893472534162987}
{"alpha": 0.8, "train_mean": 0.704935064935065, "train_median": 0.7047619047619048, "train_std": 0.002217532203439934, "test_mean": 0.68719723183391, "test_median": 0.6885813148788927, "test_std": 0.006417729062626788}

{"alpha": 0.9, "train_mean": 0.6948917748917748, "train_median": 0.6952380952380952, "train_std": 0.004332466148293247, "test_mean": 0.6802768166089965, "test_median": 0.6851211072664359, "test_std": 0.021397404614173457}
{"alpha": 0.5, "train_mean": 0.7149783549783549, "train_median": 0.7142857142857143, "train_std": 0.004255655663184263, "test_mean": 0.7017301038062282, "test_median": 0.7024221453287197, "test_std": 0.01506681042012268}
{"alpha": 0.4, "train_mean": 0.7146320346320346, "train_median": 0.716017316017316, "train_std": 0.0036569198410290665, "test_mean": 0.6927335640138408, "test_median": 0.6955017301038062, "test_std": 0.007706248253051968}
{"alpha": 0.9, "train_mean": 0.6921212121212121, "train_median": 0.6917748917748918, "train_std": 0.004332466148293287, "test_mean": 0.6844290657439447, "test_median": 0.6816608996539792, "test_std": 0.026022969795104732}
{"alpha": 0.9, "train_mean": 0.6933333333333332, "train_median": 0.6926406926406926, "train_std": 0.004360061753078511, "test_mean": 0.6851211072664359, "test_median": 0.6851211072664359, "test_std": 0.02231766850740085}
{"alpha": 0.9, "train_mean": 0.6943722943722944, "train_median": 0.6935064935064935, "train_std": 0.00189687465802655, "test_mean": 0.6885813148788927, "test_median": 0.6816608996539792, "test_std": 0.009539134084491512}
{"alpha": 0.8, "train_mean": 0.7006060606060606, "train_median": 0.6995670995670996, "train_std": 0.004626974620220747, "test_mean": 0.7058823529411765, "test_median": 0.698961937716263, "test_std": 0.01313056467889983}
{"alpha": 0.8, "train_mean": 0.7033766233766234, "train_median": 0.7038961038961039, "train_std": 0.0036976894379329157, "test_mean": 0.6975778546712803, "test_median": 0.6885813148788927, "test_std": 0.015098563480464651}