{"alpha": 0.5, "train_mean": 0.7182683982683983, "train_median": 0.7186147186147186, "train_std": 0.0020923023330899474, "test_mean": 0.68719723183391, "test_median": 0.6816608996539792, "test_std": 0.011906332549539959}
{"alpha": 0.9, "train_mean": 0.696969696969697, "train_median": 0.7004329004329004, "train_std": 0.005420770854544951, "test_mean": 0.6740484429065744, "test_median": 0.6608996539792388, "test_std": 0.023812665099079942}

{"alpha": 0.8, "train_mean": 0.7058008658008659, "train_median": 0.7047619047619048, "train_std": 0.005958320531284937, "test_mean": 0.6913494809688582, "test_median": 0.6816608996539792, "test_std": 0.03729326944029749}
{"alpha": 0.8, "train_mean": 0.7018181818181819, "train_median": 0.7012987012987013, "train_std": 0.005519438078098436, "test_mean": 0.7010380622837371, "test_median": 0.698961937716263, "test_std": 0.022274708566686632}
{"alpha": 0.9, "train_mean": 0.6928138528138529, "train_median": 0.6926406926406926, "train_std": 0.004626974620220727, "test_mean": 0.6878892733564014, "test_median": 0.6955017301038062, "test_std": 0.018231058646809004}
{"alpha": 0.8, "train_mean": 0.7047619047619047, "train_median": 0.7064935064935065, "train_std": 0.00720229760799496, "test_mean": 0.6941176470588235, "test_median": 0.6816608996539792, "test_std": 0.01877461587024294}
{"alpha": 0.9, "train_mean": 0.6948917748917749, "train_median": 0.6943722943722944, "train_std": 0.002231012766532475, "test_mean": 0.6740484429065743, "test_median": 0.6851211072664359, "test_std": 0.017425160293445187}
{"alpha": 0.9, "train_mean": 0.6919480519480519, "train_median": 0.6917748917748918, "train_std": 0.0035655861960128227, "test_mean": 0.6934256055363321, "test_median": 0.6920415224913494, "test_std": 0.00918096827780041}
{"alpha": 0.6, "train_mean": 0.7148051948051949, "train_median": 0.716017316017316, "train_std": 0.005353982626403587, "test_mean": 0.6996539792387544, "test_median": 0.6851211072664359, "test_std": 0.022994114499427225}
{"alpha": 0.8, "train_mean": 0.7030303030303029, "train_median": 0.703030303030303, "train_std": 0.005872147171537046, "test_mean": 0.6975778546712803, "test_median": 0.6816608996539792, "test_std": 0.03730610926489566}