{"alpha": 0.9, "train_mean": 0.6252813852813853, "train_median": 0.6294372294372295, "train_std": 0.00745594810099082, "test_mean": 0.6276816608996539, "test_median": 0.6332179930795848, "test_std": 0.014615025662244225}
{"alpha": 0.9, "train_mean": 0.6256277056277055, "train_median": 0.625974025974026, "train_std": 0.002928404246803073, "test_mean": 0.6262975778546713, "test_median": 0.6262975778546713, "test_std": 0.0057900347857029275}

{"alpha": 0.9, "train_mean": 0.6375757575757575, "train_median": 0.6277056277056277, "train_std": 0.022878122341006075, "test_mean": 0.6269896193771627, "test_median": 0.6262975778546713, "test_std": 0.026114826663132466}
{"alpha": 0.9, "train_mean": 0.626147186147186, "train_median": 0.6251082251082251, "train_std": 0.004184604666179935, "test_mean": 0.6366782006920415, "test_median": 0.6366782006920415, "test_std": 0.01094213723241653}
{"alpha": 0.9, "train_mean": 0.6315151515151516, "train_median": 0.6311688311688312, "train_std": 0.003656919841029066, "test_mean": 0.6193771626297578, "test_median": 0.615916955017301, "test_std": 0.011158834253700421}
{"alpha": 0.9, "train_mean": 0.6377489177489177, "train_median": 0.6311688311688312, "train_std": 0.013262305897050455, "test_mean": 0.615916955017301, "test_median": 0.6124567474048442, "test_std": 0.02976583137384991}
{"alpha": 0.9, "train_mean": 0.6264935064935064, "train_median": 0.6268398268398269, "train_std": 0.003895141776346989, "test_mean": 0.629757785467128, "test_median": 0.6228373702422145, "test_std": 0.015931992295116052}
{"alpha": 0.9, "train_mean": 0.6277056277056278, "train_median": 0.6285714285714286, "train_std": 0.007202297607994944, "test_mean": 0.6262975778546713, "test_median": 0.629757785467128, "test_std": 0.010942137232416544}
{"alpha": 0.8, "train_mean": 0.645021645021645, "train_median": 0.6493506493506493, "train_std": 0.014915917206828075, "test_mean": 0.6325259515570935, "test_median": 0.6366782006920415, "test_std": 0.013020683544793606}
{"alpha": 0.9, "train_mean": 0.6292640692640693, "train_median": 0.6303030303030303, "train_std": 0.001385281385281356, "test_mean": 0.6152249134948097, "test_median": 0.6055363321799307, "test_std": 0.013561188887380954}