{"alpha": 0.2, "train_mean": 0.6697459584295612, "train_median": 0.636643571978445, "train_std": 0.05345920108993849, "test_mean": 0.6675862068965518, "test_median": 0.6344827586206897, "test_std": 0.04825615361251282}
{"alpha": 0.9, "train_mean": 0.6086220169361047, "train_median": 0.596612779060816, "train_std": 0.01953348917894223, "test_mean": 0.6041379310344828, "test_median": 0.6, "test_std": 0.0177711706575519}

{"alpha": 0.9, "train_mean": 0.616320246343341, "train_median": 0.6243264049268669, "train_std": 0.03990802516451331, "test_mean": 0.5958620689655172, "test_median": 0.5862068965517241, "test_std": 0.0446095493208172}
{"alpha": 0.9, "train_mean": 0.6363356428021556, "train_median": 0.619707467282525, "train_std": 0.0425304706473243, "test_mean": 0.6441379310344828, "test_median": 0.6, "test_std": 0.07612493642232625}
{"alpha": 0.6, "train_mean": 0.6566589684372595, "train_median": 0.6497305619707467, "train_std": 0.030781368118895133, "test_mean": 0.666206896551724, "test_median": 0.6482758620689655, "test_std": 0.03964167686399975}
{"alpha": 0.9, "train_mean": 0.6200153964588144, "train_median": 0.6250962278675904, "train_std": 0.0536376032952905, "test_mean": 0.6055172413793104, "test_median": 0.6, "test_std": 0.035808979271026664}
{"alpha": 0.8, "train_mean": 0.6783679753656658, "train_median": 0.6443418013856813, "train_std": 0.065078775236952, "test_mean": 0.6744827586206897, "test_median": 0.6275862068965518, "test_std": 0.0660630621507754}
{"alpha": 0.8, "train_mean": 0.6471131639722864, "train_median": 0.619707467282525, "train_std": 0.051633488620081026, "test_mean": 0.6565517241379311, "test_median": 0.6137931034482759, "test_std": 0.05955043626185627}
{"alpha": 0.6, "train_mean": 0.6521939953810623, "train_median": 0.6558891454965358, "train_std": 0.025249253629817635, "test_mean": 0.6565517241379311, "test_median": 0.6275862068965518, "test_std": 0.035542341315103754}
{"alpha": 0.9, "train_mean": 0.6380292532717475, "train_median": 0.6227867590454196, "train_std": 0.06456680820680624, "test_mean": 0.6344827586206897, "test_median": 0.6137931034482759, "test_std": 0.0760499241494633}