{"alpha": 0.5, "train_mean": 0.7230177059276366, "train_median": 0.7174749807544265, "train_std": 0.03568990813420485, "test_mean": 0.7131034482758621, "test_median": 0.6896551724137931, "test_std": 0.07135181879380723}
{"alpha": 0.4, "train_mean": 0.6749807544264819, "train_median": 0.6389530408006159, "train_std": 0.07209982643473112, "test_mean": 0.6620689655172414, "test_median": 0.6551724137931034, "test_std": 0.051609067403778505}

{"alpha": 0.2, "train_mean": 0.6757505773672056, "train_median": 0.6150885296381832, "train_std": 0.08070359042499398, "test_mean": 0.6731034482758621, "test_median": 0.6344827586206897, "test_std": 0.07254175885409493}
{"alpha": 0.5, "train_mean": 0.6988452655889146, "train_median": 0.6866820631254812, "train_std": 0.03313781515285669, "test_mean": 0.6951724137931033, "test_median": 0.7103448275862069, "test_std": 0.03034482758620691}
{"alpha": 0.9, "train_mean": 0.6725173210161663, "train_median": 0.6936104695919938, "train_std": 0.04991065567981483, "test_mean": 0.6413793103448276, "test_median": 0.6275862068965518, "test_std": 0.06059553830755529}
{"alpha": 0.6, "train_mean": 0.6983833718244803, "train_median": 0.7020785219399538, "train_std": 0.026824325443443507, "test_mean": 0.6772413793103448, "test_median": 0.6827586206896552, "test_std": 0.04435292466431318}
{"alpha": 0.2, "train_mean": 0.6779060816012318, "train_median": 0.6836027713625866, "train_std": 0.04000887657293443, "test_mean": 0.6758620689655173, "test_median": 0.6758620689655173, "test_std": 0.05215909076190082}
{"alpha": 0.5, "train_mean": 0.6662047729022325, "train_median": 0.6720554272517321, "train_std": 0.04452106438042261, "test_mean": 0.6510344827586206, "test_median": 0.6413793103448275, "test_std": 0.05612962744655395}
{"alpha": 0.4, "train_mean": 0.697459584295612, "train_median": 0.7020785219399538, "train_std": 0.04916511442303989, "test_mean": 0.6951724137931035, "test_median": 0.6896551724137931, "test_std": 0.05018870454802827}
{"alpha": 0.8, "train_mean": 0.6817551963048498, "train_median": 0.7090069284064665, "train_std": 0.036914916454279606, "test_mean": 0.6579310344827587, "test_median": 0.6758620689655173, "test_std": 0.0473004915847786}