{"alpha": 0.8, "train_mean": 0.7123809523809523, "train_median": 0.7116883116883117, "train_std": 0.005568116083398638, "test_mean": 0.7114186851211073, "test_median": 0.7024221453287197, "test_std": 0.017993079584775085}
{"alpha": 0.9, "train_mean": 0.6806926406926407, "train_median": 0.6822510822510822, "train_std": 0.004817464153504255, "test_mean": 0.6920415224913495, "test_median": 0.6816608996539792, "test_std": 0.02616978602240699}

{"alpha": 0.4, "train_mean": 0.7205194805194804, "train_median": 0.7212121212121212, "train_std": 0.010915960181800487, "test_mean": 0.7072664359861591, "test_median": 0.6955017301038062, "test_std": 0.018125675922088316}
{"alpha": 0.9, "train_mean": 0.6864069264069264, "train_median": 0.6883116883116883, "train_std": 0.004394312568121046, "test_mean": 0.6775086505190311, "test_median": 0.6782006920415224, "test_std": 0.012835458125253576}
{"alpha": 0.9, "train_mean": 0.6815584415584416, "train_median": 0.6831168831168831, "train_std": 0.00823922233999678, "test_mean": 0.6865051903114188, "test_median": 0.6851211072664359, "test_std": 0.0298942713722563}
{"alpha": 0.8, "train_mean": 0.7082251082251082, "train_median": 0.7125541125541126, "train_std": 0.011525237258731579, "test_mean": 0.6975778546712802, "test_median": 0.6851211072664359, "test_std": 0.028583912011160402}
{"alpha": 0.8, "train_mean": 0.7135930735930737, "train_median": 0.7125541125541126, "train_std": 0.0021488612374010226, "test_mean": 0.6892733564013841, "test_median": 0.6851211072664359, "test_std": 0.006709591498154104}
{"alpha": 0.2, "train_mean": 0.7167099567099566, "train_median": 0.7177489177489178, "train_std": 0.009816822706880222, "test_mean": 0.7017301038062284, "test_median": 0.6955017301038062, "test_std": 0.022679542710275367}
{"alpha": 0.9, "train_mean": 0.6865800865800866, "train_median": 0.6874458874458874, "train_std": 0.006639061303092925, "test_mean": 0.6733564013840831, "test_median": 0.6608996539792388, "test_std": 0.03308798086610911}
{"alpha": 0.9, "train_mean": 0.6848484848484848, "train_median": 0.6848484848484848, "train_std": 0.004742186645066399, "test_mean": 0.6782006920415224, "test_median": 0.671280276816609, "test_std": 0.029765831373849933}