{"alpha": 0.9, "train_mean": 0.668917748917749, "train_median": 0.6744588744588744, "train_std": 0.008279157117147619, "test_mean": 0.6560553633217994, "test_median": 0.6505190311418685, "test_std": 0.02703394461539737}
{"alpha": 0.8, "train_mean": 0.6756709956709956, "train_median": 0.6727272727272727, "train_std": 0.006352878381937346, "test_mean": 0.6602076124567474, "test_median": 0.6608996539792388, "test_std": 0.017562045038684453}

{"alpha": 0.9, "train_mean": 0.654891774891775, "train_median": 0.658008658008658, "train_std": 0.005706409369102705, "test_mean": 0.6574394463667821, "test_median": 0.6505190311418685, "test_std": 0.0209906586686548}
{"alpha": 0.5, "train_mean": 0.6793073593073593, "train_median": 0.6796536796536796, "train_std": 0.008206403886457334, "test_mean": 0.6671280276816609, "test_median": 0.6539792387543253, "test_std": 0.022145328719723183}
{"alpha": 0.4, "train_mean": 0.6841558441558442, "train_median": 0.683982683982684, "train_std": 0.004112326263909221, "test_mean": 0.6622837370242215, "test_median": 0.6643598615916955, "test_std": 0.012301999193516369}
{"alpha": 0.9, "train_mean": 0.6595670995670996, "train_median": 0.6571428571428571, "train_std": 0.004817464153504267, "test_mean": 0.6664359861591695, "test_median": 0.6643598615916955, "test_std": 0.012301999193516384}
{"alpha": 0.5, "train_mean": 0.6761904761904762, "train_median": 0.6796536796536796, "train_std": 0.0072850853568701725, "test_mean": 0.671280276816609, "test_median": 0.6505190311418685, "test_std": 0.02706935254755426}
{"alpha": 0.2, "train_mean": 0.6798268398268399, "train_median": 0.6787878787878788, "train_std": 0.0021488612374010226, "test_mean": 0.6802768166089965, "test_median": 0.671280276816609, "test_std": 0.018125675922088295}
{"alpha": 0.5, "train_mean": 0.6806926406926407, "train_median": 0.6796536796536796, "train_std": 0.0027597190390492173, "test_mean": 0.6525951557093427, "test_median": 0.6539792387543253, "test_std": 0.009932664425195394}
{"alpha": 0.5, "train_mean": 0.6796536796536797, "train_median": 0.6805194805194805, "train_std": 0.0057950478028334146, "test_mean": 0.6636678200692041, "test_median": 0.6643598615916955, "test_std": 0.02214532871972318}