{"alpha": 0.4, "train_mean": 0.6763664357197845, "train_median": 0.6766743648960739, "train_std": 0.003727088048317244, "test_mean": 0.6689655172413793, "test_median": 0.6689655172413793, "test_std": 0.028601988073555462}
{"alpha": 0.8, "train_mean": 0.708083140877598, "train_median": 0.6951501154734411, "train_std": 0.029492960753510312, "test_mean": 0.6593103448275862, "test_median": 0.6413793103448275, "test_std": 0.05510340511845016}

{"alpha": 0.2, "train_mean": 0.6789838337182449, "train_median": 0.6735950731331793, "train_std": 0.013684671928122524, "test_mean": 0.6551724137931034, "test_median": 0.6620689655172414, "test_std": 0.03053233602921192}
{"alpha": 0.2, "train_mean": 0.6989992301770593, "train_median": 0.6712856043110085, "train_std": 0.041212498273515565, "test_mean": 0.6786206896551723, "test_median": 0.6689655172413793, "test_std": 0.030092998936926123}
{"alpha": 0.6, "train_mean": 0.707621247113164, "train_median": 0.6866820631254812, "train_std": 0.03934209493559989, "test_mean": 0.7006896551724138, "test_median": 0.6689655172413793, "test_std": 0.0697336532952526}
{"alpha": 0.2, "train_mean": 0.6843725943033103, "train_median": 0.6720554272517321, "train_std": 0.018001351073827894, "test_mean": 0.6799999999999999, "test_median": 0.6827586206896552, "test_std": 0.0197968277164239}
{"alpha": 0.2, "train_mean": 0.7014626635873749, "train_median": 0.7066974595842956, "train_std": 0.030755943930244882, "test_mean": 0.6924137931034482, "test_median": 0.6758620689655173, "test_std": 0.03767310423102802}
{"alpha": 0.6, "train_mean": 0.7042340261739801, "train_median": 0.6851424172440339, "train_std": 0.03900321433152488, "test_mean": 0.6910344827586208, "test_median": 0.6482758620689655, "test_std": 0.08059233742340162}
{"alpha": 0.2, "train_mean": 0.6826789838337184, "train_median": 0.6697459584295612, "train_std": 0.01808281151229321, "test_mean": 0.689655172413793, "test_median": 0.6827586206896552, "test_std": 0.015109587793245942}
{"alpha": 0.4, "train_mean": 0.6826789838337183, "train_median": 0.6797536566589685, "train_std": 0.010492209414873492, "test_mean": 0.6689655172413793, "test_median": 0.6689655172413793, "test_std": 0.031149213215548165}