{"alpha": 0.6, "train_mean": 0.6367705835331735, "train_median": 0.6386890487609912, "train_std": 0.0029737930036351874, "test_mean": 0.6062176165803108, "test_median": 0.6010362694300518, "test_std": 0.014655062822519124}
{"alpha": 0.9, "train_mean": 0.6070343725019984, "train_median": 0.6059152677857714, "train_std": 0.003140988441948589, "test_mean": 0.5823834196891193, "test_median": 0.5699481865284974, "test_std": 0.02284498205704518}

{"alpha": 0.9, "train_mean": 0.6049560351718626, "train_median": 0.60431654676259, "train_std": 0.0074198570013571654, "test_mean": 0.5968911917098445, "test_median": 0.6010362694300518, "test_std": 0.025677744442204917}
{"alpha": 0.9, "train_mean": 0.6126298960831335, "train_median": 0.6115107913669064, "train_std": 0.002120943111338406, "test_mean": 0.5647668393782384, "test_median": 0.5751295336787565, "test_std": 0.017647032503550677}
{"alpha": 0.9, "train_mean": 0.6099120703437251, "train_median": 0.6107114308553158, "train_std": 0.002371286486681255, "test_mean": 0.5689119170984457, "test_median": 0.5751295336787565, "test_std": 0.022080078500168396}
{"alpha": 0.9, "train_mean": 0.6113509192645884, "train_median": 0.6123101518784972, "train_std": 0.0037288261517795973, "test_mean": 0.5761658031088084, "test_median": 0.5699481865284974, "test_std": 0.015159314858370774}
{"alpha": 0.9, "train_mean": 0.6046362909672263, "train_median": 0.6059152677857714, "train_std": 0.005951881844599927, "test_mean": 0.5886010362694301, "test_median": 0.5803108808290155, "test_std": 0.012521291164346728}
{"alpha": 0.9, "train_mean": 0.6052757793764989, "train_median": 0.6051159072741806, "train_std": 0.0032919680706592963, "test_mean": 0.5813471502590675, "test_median": 0.5699481865284974, "test_std": 0.016187045960428303}
{"alpha": 0.9, "train_mean": 0.6116706634692246, "train_median": 0.6107114308553158, "train_std": 0.0031733706221069866, "test_mean": 0.5658031088082902, "test_median": 0.5751295336787565, "test_std": 0.015851874135521596}
{"alpha": 0.8, "train_mean": 0.6254196642685852, "train_median": 0.6258992805755396, "train_std": 0.0019317419622053708, "test_mean": 0.6051813471502591, "test_median": 0.6010362694300518, "test_std": 0.015509460670565568}