{"alpha": 0.9, "train_mean": 0.6983549783549784, "train_median": 0.7012987012987013, "train_std": 0.005095736439675213, "test_mean": 0.6809688581314879, "test_median": 0.6747404844290658, "test_std": 0.023913013900582706}
{"alpha": 0.8, "train_mean": 0.6912554112554112, "train_median": 0.6874458874458874, "train_std": 0.007599344851079379, "test_mean": 0.6802768166089965, "test_median": 0.6747404844290658, "test_std": 0.02940972921920523}

{"alpha": 0.5, "train_mean": 0.6962770562770564, "train_median": 0.6952380952380952, "train_std": 0.0063717296945365026, "test_mean": 0.6830449826989619, "test_median": 0.6678200692041523, "test_std": 0.039790883076719866}
{"alpha": 0.9, "train_mean": 0.6896969696969697, "train_median": 0.6926406926406926, "train_std": 0.01182824682800906, "test_mean": 0.6664359861591695, "test_median": 0.671280276816609, "test_std": 0.01785949882430992}
{"alpha": 0.4, "train_mean": 0.6971428571428572, "train_median": 0.6874458874458874, "train_std": 0.014889761265250663, "test_mean": 0.6809688581314879, "test_median": 0.6816608996539792, "test_std": 0.007057466454799712}
{"alpha": 0.9, "train_mean": 0.6978354978354979, "train_median": 0.6961038961038961, "train_std": 0.006570966566583653, "test_mean": 0.6754325259515571, "test_median": 0.671280276816609, "test_std": 0.015689666503466614}
{"alpha": 0.9, "train_mean": 0.6905627705627706, "train_median": 0.6909090909090909, "train_std": 0.009237734142579477, "test_mean": 0.6865051903114188, "test_median": 0.6920415224913494, "test_std": 0.024428183522107672}
{"alpha": 0.9, "train_mean": 0.6895238095238095, "train_median": 0.6926406926406926, "train_std": 0.009446359616959906, "test_mean": 0.6678200692041523, "test_median": 0.6747404844290658, "test_std": 0.04360410796407854}
{"alpha": 0.8, "train_mean": 0.6851948051948051, "train_median": 0.6813852813852814, "train_std": 0.012263848456883645, "test_mean": 0.6698961937716262, "test_median": 0.6643598615916955, "test_std": 0.02000945646339232}
{"alpha": 0.8, "train_mean": 0.6886580086580086, "train_median": 0.6883116883116883, "train_std": 0.00955681020020548, "test_mean": 0.6664359861591695, "test_median": 0.6678200692041523, "test_std": 0.022058653910739398}