{"alpha": 0.9, "train_mean": 0.6890487609912069, "train_median": 0.6850519584332534, "train_std": 0.008383763774341765, "test_mean": 0.6704663212435233, "test_median": 0.6580310880829016, "test_std": 0.02868052332248299}
{"alpha": 0.6, "train_mean": 0.6964028776978417, "train_median": 0.689048760991207, "train_std": 0.01660208471398519, "test_mean": 0.6870466321243522, "test_median": 0.6839378238341969, "test_std": 0.04074529171261658}

{"alpha": 0.2, "train_mean": 0.6714628297362111, "train_median": 0.6722621902478018, "train_std": 0.0025778601913024894, "test_mean": 0.6559585492227978, "test_median": 0.6580310880829016, "test_std": 0.011632095502924142}
{"alpha": 0.5, "train_mean": 0.6818545163868907, "train_median": 0.6786570743405276, "train_std": 0.010385535903380785, "test_mean": 0.6880829015544042, "test_median": 0.6787564766839378, "test_std": 0.020569360871791936}
{"alpha": 0.4, "train_mean": 0.718784972022382, "train_median": 0.7050359712230215, "train_std": 0.04314296124040384, "test_mean": 0.7025906735751296, "test_median": 0.6839378238341969, "test_std": 0.0543028912189592}
{"alpha": 0.6, "train_mean": 0.7117505995203837, "train_median": 0.6970423661071143, "train_std": 0.03668220010766506, "test_mean": 0.6911917098445596, "test_median": 0.6735751295336787, "test_std": 0.037161494460188835}
{"alpha": 0.9, "train_mean": 0.7055155875299761, "train_median": 0.6802557953637091, "train_std": 0.04225162881182581, "test_mean": 0.6994818652849741, "test_median": 0.6735751295336787, "test_std": 0.052533852251343306}
{"alpha": 0.2, "train_mean": 0.6764188649080736, "train_median": 0.6698641087130296, "train_std": 0.014906734069947294, "test_mean": 0.6735751295336787, "test_median": 0.6735751295336787, "test_std": 0.021237203660019886}
{"alpha": 0.2, "train_mean": 0.6847322142286171, "train_median": 0.6722621902478018, "train_std": 0.027826932338333592, "test_mean": 0.6735751295336787, "test_median": 0.6580310880829016, "test_std": 0.02621577334854616}
{"alpha": 0.8, "train_mean": 0.6996003197442046, "train_median": 0.6962430055955235, "train_std": 0.012042519319115269, "test_mean": 0.6766839378238342, "test_median": 0.6580310880829016, "test_std": 0.04997784684678752}