{"alpha": 0.9, "train_mean": 0.596612779060816, "train_median": 0.596612779060816, "train_std": 0.0, "test_mean": 0.6, "test_median": 0.6, "test_std": 0.0}
{"alpha": 0.9, "train_mean": 0.596612779060816, "train_median": 0.596612779060816, "train_std": 0.0, "test_mean": 0.6, "test_median": 0.6, "test_std": 0.0}

{"alpha": 0.9, "train_mean": 0.6009237875288683, "train_median": 0.596612779060816, "train_std": 0.008622016936104693, "test_mean": 0.6013793103448276, "test_median": 0.6, "test_std": 0.0027586206896551787}
{"alpha": 0.9, "train_mean": 0.6106235565819862, "train_median": 0.596612779060816, "train_std": 0.028021555042340253, "test_mean": 0.6055172413793104, "test_median": 0.6, "test_std": 0.011034482758620711}
{"alpha": 0.9, "train_mean": 0.596612779060816, "train_median": 0.596612779060816, "train_std": 0.0, "test_mean": 0.6, "test_median": 0.6, "test_std": 0.0}
{"alpha": 0.9, "train_mean": 0.596612779060816, "train_median": 0.596612779060816, "train_std": 0.0, "test_mean": 0.6, "test_median": 0.6, "test_std": 0.0}
{"alpha": 0.9, "train_mean": 0.596612779060816, "train_median": 0.596612779060816, "train_std": 0.0, "test_mean": 0.6, "test_median": 0.6, "test_std": 0.0}
{"alpha": 0.9, "train_mean": 0.596612779060816, "train_median": 0.596612779060816, "train_std": 0.0, "test_mean": 0.6, "test_median": 0.6, "test_std": 0.0}
{"alpha": 0.9, "train_mean": 0.6220169361046959, "train_median": 0.596612779060816, "train_std": 0.035592137402432375, "test_mean": 0.623448275862069, "test_median": 0.6, "test_std": 0.028800845541822207}
{"alpha": 0.9, "train_mean": 0.6075442648190916, "train_median": 0.596612779060816, "train_std": 0.02186297151655121, "test_mean": 0.6220689655172413, "test_median": 0.6, "test_std": 0.044137931034482755}