{"alpha": 0.8, "train_mean": 0.728406466512702, "train_median": 0.6581986143187067, "train_std": 0.08916450740688989, "test_mean": 0.7103448275862069, "test_median": 0.6482758620689655, "test_std": 0.12398457960962335}
{"alpha": 0.9, "train_mean": 0.7033102386451116, "train_median": 0.6435719784449576, "train_std": 0.11281791310424583, "test_mean": 0.6979310344827587, "test_median": 0.6, "test_std": 0.13467890205499744}
{"alpha": 0.6, "train_mean": 0.7322555812163202, "train_median": 0.6605080831408776, "train_std": 0.09229583140068166, "test_mean": 0.7172413793103447, "test_median": 0.6620689655172414, "test_std": 0.09753196981883415}

{"alpha": 0.9, "train_mean": 0.6229407236335642, "train_median": 0.6381832178598922, "train_std": 0.0215682352675442, "test_mean": 0.5958620689655173, "test_median": 0.6, "test_std": 0.016085384537504268}
{"alpha": 0.2, "train_mean": 0.7311778290993071, "train_median": 0.6620477290223249, "train_std": 0.08689442726369685, "test_mean": 0.7255172413793103, "test_median": 0.6551724137931034, "test_std": 0.10073688075315983}
{"alpha": 0.8, "train_mean": 0.6908391070053889, "train_median": 0.6535796766743649, "train_std": 0.07498186093999805, "test_mean": 0.666206896551724, "test_median": 0.6413793103448275, "test_std": 0.06737475719624726}
{"alpha": 0.6, "train_mean": 0.7322555812163203, "train_median": 0.657428791377983, "train_std": 0.09259584447935597, "test_mean": 0.7172413793103448, "test_median": 0.6482758620689655, "test_std": 0.09365100798216804}
{"alpha": 0.8, "train_mean": 0.6942263279445727, "train_median": 0.6566589684372595, "train_std": 0.0755343427931258, "test_mean": 0.6524137931034482, "test_median": 0.6137931034482759, "test_std": 0.08859854815311297}
{"alpha": 0.8, "train_mean": 0.6903772132409547, "train_median": 0.6535796766743649, "train_std": 0.0759958352127078, "test_mean": 0.686896551724138, "test_median": 0.6413793103448275, "test_std": 0.09051050878081611}
{"alpha": 0.2, "train_mean": 0.6686682063125482, "train_median": 0.657428791377983, "train_std": 0.022272242937528556, "test_mean": 0.6924137931034483, "test_median": 0.6896551724137931, "test_std": 0.05629884588126498}
{"alpha": 0.9, "train_mean": 0.7050038491147037, "train_median": 0.6327944572748267, "train_std": 0.1187379455621045, "test_mean": 0.7131034482758621, "test_median": 0.6620689655172414, "test_std": 0.11708711961216114}
{"alpha": 0.4, "train_mean": 0.6983833718244804, "train_median": 0.6628175519630485, "train_std": 0.07577873638731022, "test_mean": 0.6799999999999999, "test_median": 0.6689655172413793, "test_std": 0.06609185407288791}
{"alpha": 0.4, "train_mean": 0.7345650500384912, "train_median": 0.6674364896073903, "train_std": 0.08987550132296983, "test_mean": 0.726896551724138, "test_median": 0.696551724137931, "test_std": 0.1125300858172201}