{"alpha": 0.9, "train_mean": 0.6311688311688312, "train_median": 0.6294372294372295, "train_std": 0.007346563960379722, "test_mean": 0.6249134948096886, "test_median": 0.6262975778546713, "test_std": 0.011072664359861584}
{"alpha": 0.8, "train_mean": 0.6531601731601733, "train_median": 0.6536796536796536, "train_std": 0.00277056277056278, "test_mean": 0.6525951557093426, "test_median": 0.6505190311418685, "test_std": 0.013771452416700618}

{"alpha": 0.9, "train_mean": 0.6372294372294374, "train_median": 0.6346320346320347, "train_std": 0.006593742948799931, "test_mean": 0.6138408304498271, "test_median": 0.6089965397923875, "test_std": 0.03257744580190953}
{"alpha": 0.9, "train_mean": 0.6332467532467533, "train_median": 0.6294372294372295, "train_std": 0.009588133818117486, "test_mean": 0.6311418685121106, "test_median": 0.6262975778546713, "test_std": 0.01394425029730788}
{"alpha": 0.9, "train_mean": 0.6254545454545454, "train_median": 0.6277056277056277, "train_std": 0.008805667279716767, "test_mean": 0.6249134948096886, "test_median": 0.6262975778546713, "test_std": 0.0071250035577765}
{"alpha": 0.9, "train_mean": 0.6342857142857143, "train_median": 0.6294372294372295, "train_std": 0.02157634125383956, "test_mean": 0.6283737024221454, "test_median": 0.615916955017301, "test_std": 0.028415868744149222}
{"alpha": 0.9, "train_mean": 0.6273593073593073, "train_median": 0.6268398268398269, "train_std": 0.0018649921409989584, "test_mean": 0.6269896193771627, "test_median": 0.6262975778546713, "test_std": 0.012456747404844306}
{"alpha": 0.9, "train_mean": 0.6484848484848484, "train_median": 0.6467532467532467, "train_std": 0.02409976578037306, "test_mean": 0.6470588235294117, "test_median": 0.6470588235294118, "test_std": 0.020412292323533067}
{"alpha": 0.9, "train_mean": 0.6292640692640693, "train_median": 0.6277056277056277, "train_std": 0.02693962732757666, "test_mean": 0.6193771626297578, "test_median": 0.6262975778546713, "test_std": 0.023570084935538256}
{"alpha": 0.9, "train_mean": 0.6587012987012987, "train_median": 0.6562770562770562, "train_std": 0.030425972005722675, "test_mean": 0.6456747404844291, "test_median": 0.6332179930795848, "test_std": 0.040150338281966215}