{"alpha": 0.9, "train_mean": 0.6083140877598152, "train_median": 0.6104695919938414, "train_std": 0.006049848407817843, "test_mean": 0.5696551724137932, "test_median": 0.5655172413793104, "test_std": 0.012791197924821645}
{"alpha": 0.9, "train_mean": 0.603387220939184, "train_median": 0.6004618937644342, "train_std": 0.004950865339742441, "test_mean": 0.5793103448275863, "test_median": 0.5793103448275863, "test_std": 0.009753196981883386}
{"alpha": 0.8, "train_mean": 0.6207852193995381, "train_median": 0.619707467282525, "train_std": 0.0040909408023360825, "test_mean": 0.6055172413793104, "test_median": 0.6068965517241379, "test_std": 0.008042692268752155}

{"alpha": 0.9, "train_mean": 0.605080831408776, "train_median": 0.6035411855273287, "train_std": 0.0025763203280494804, "test_mean": 0.5724137931034483, "test_median": 0.5793103448275863, "test_std": 0.029259590945650223}
{"alpha": 0.9, "train_mean": 0.6018475750577366, "train_median": 0.6035411855273287, "train_std": 0.002977533426607184, "test_mean": 0.5903448275862069, "test_median": 0.5862068965517241, "test_std": 0.012024548809767365}
{"alpha": 0.9, "train_mean": 0.6076982294072363, "train_median": 0.6096997690531177, "train_std": 0.005793652878283835, "test_mean": 0.5793103448275863, "test_median": 0.5655172413793104, "test_std": 0.02653156422299496}
{"alpha": 0.9, "train_mean": 0.6069284064665126, "train_median": 0.6096997690531177, "train_std": 0.006092797209363916, "test_mean": 0.5820689655172414, "test_median": 0.593103448275862, "test_std": 0.016085384537504265}
{"alpha": 0.9, "train_mean": 0.6060046189376443, "train_median": 0.605080831408776, "train_std": 0.0025016284540834285, "test_mean": 0.5889655172413792, "test_median": 0.6, "test_std": 0.017771170657551884}
{"alpha": 0.9, "train_mean": 0.6072363356428021, "train_median": 0.6089299461123941, "train_std": 0.004878515632872948, "test_mean": 0.5724137931034483, "test_median": 0.5724137931034483, "test_std": 0.029259590945650223}
{"alpha": 0.9, "train_mean": 0.6098537336412625, "train_median": 0.6104695919938414, "train_std": 0.007991340583440176, "test_mean": 0.5627586206896551, "test_median": 0.5793103448275863, "test_std": 0.03559582869121087}
{"alpha": 0.9, "train_mean": 0.6038491147036182, "train_median": 0.6027713625866051, "train_std": 0.00339421211471108, "test_mean": 0.5944827586206897, "test_median": 0.593103448275862, "test_std": 0.014727004485560427}
{"alpha": 0.9, "train_mean": 0.6070823710546576, "train_median": 0.6089299461123941, "train_std": 0.004261232487482066, "test_mean": 0.5889655172413792, "test_median": 0.593103448275862, "test_std": 0.0055172413793103175}
{"alpha": 0.9, "train_mean": 0.6040030792917629, "train_median": 0.6027713625866051, "train_std": 0.004608661908266593, "test_mean": 0.5793103448275863, "test_median": 0.5793103448275863, "test_std": 0.01950639396376682}