{"alpha": 0.9, "train_mean": 0.5975365665896843, "train_median": 0.596612779060816, "train_std": 0.001231716705157826, "test_mean": 0.590344827586207, "test_median": 0.6, "test_std": 0.012024548809767345}
{"alpha": 0.9, "train_mean": 0.5987682832948422, "train_median": 0.5989222478829869, "train_std": 0.0013244534668271919, "test_mean": 0.5917241379310345, "test_median": 0.593103448275862, "test_std": 0.00804269226875212}

{"alpha": 0.9, "train_mean": 0.5978444957659738, "train_median": 0.5973826020015397, "train_std": 0.0014278088522703062, "test_mean": 0.6, "test_median": 0.6, "test_std": 0.008723524579774856}
{"alpha": 0.9, "train_mean": 0.5978444957659738, "train_median": 0.5981524249422633, "train_std": 0.0010442386425135006, "test_mean": 0.6013793103448276, "test_median": 0.6, "test_std": 0.0027586206896551787}
{"alpha": 0.9, "train_mean": 0.5970746728252502, "train_median": 0.596612779060816, "train_std": 0.0006158583525789185, "test_mean": 0.5986206896551725, "test_median": 0.6, "test_std": 0.0067572130835398155}
{"alpha": 0.9, "train_mean": 0.5981524249422632, "train_median": 0.596612779060816, "train_std": 0.002122255389082402, "test_mean": 0.5848275862068966, "test_median": 0.6, "test_std": 0.019700492216669918}
{"alpha": 0.9, "train_mean": 0.5984603541185528, "train_median": 0.596612779060816, "train_std": 0.0022628080764740903, "test_mean": 0.5917241379310345, "test_median": 0.6, "test_std": 0.01013581962530967}
{"alpha": 0.9, "train_mean": 0.5995381062355658, "train_median": 0.5996920708237106, "train_std": 0.0016438919556629981, "test_mean": 0.5848275862068967, "test_median": 0.5793103448275863, "test_std": 0.015359349966427634}
{"alpha": 0.9, "train_mean": 0.5975365665896843, "train_median": 0.596612779060816, "train_std": 0.001492742065409177, "test_mean": 0.6, "test_median": 0.6, "test_std": 0.008723524579774856}
{"alpha": 0.9, "train_mean": 0.5976905311778291, "train_median": 0.596612779060816, "train_std": 0.0013422321612134517, "test_mean": 0.5986206896551725, "test_median": 0.6, "test_std": 0.002758620689655178}