{"alpha": 0.4, "train_mean": 0.8465800865800865, "train_median": 0.8502164502164502, "train_std": 0.005089848816172829, "test_mean": 0.8512110726643598, "test_median": 0.8373702422145328, "test_std": 0.020876267306572136}
{"alpha": 0.9, "train_mean": 0.8238961038961039, "train_median": 0.8207792207792208, "train_std": 0.009139839460014986, "test_mean": 0.8249134948096886, "test_median": 0.8304498269896193, "test_std": 0.016464189970062687}

{"alpha": 0.9, "train_mean": 0.8342857142857142, "train_median": 0.8346320346320346, "train_std": 0.005269307031931734, "test_mean": 0.8027681660899655, "test_median": 0.7993079584775087, "test_std": 0.0072581927209006865}
{"alpha": 0.9, "train_mean": 0.824935064935065, "train_median": 0.8216450216450216, "train_std": 0.005486746153335022, "test_mean": 0.8152249134948096, "test_median": 0.8131487889273357, "test_std": 0.006033078122547651}
{"alpha": 0.9, "train_mean": 0.8244155844155845, "train_median": 0.8251082251082251, "train_std": 0.008293631179101703, "test_mean": 0.829757785467128, "test_median": 0.8339100346020761, "test_std": 0.020223722070868463}
{"alpha": 0.2, "train_mean": 0.8443290043290043, "train_median": 0.8441558441558441, "train_std": 0.002759719039049209, "test_mean": 0.8394463667820069, "test_median": 0.8339100346020761, "test_std": 0.014114932909599393}
{"alpha": 0.2, "train_mean": 0.8431168831168832, "train_median": 0.8432900432900433, "train_std": 0.0031168831168831078, "test_mean": 0.8297577854671282, "test_median": 0.8269896193771626, "test_std": 0.01628872290095479}
{"alpha": 0.9, "train_mean": 0.8277056277056278, "train_median": 0.8285714285714286, "train_std": 0.009609999602085974, "test_mean": 0.8221453287197233, "test_median": 0.8235294117647058, "test_std": 0.017314873360826023}
{"alpha": 0.9, "train_mean": 0.8244155844155845, "train_median": 0.8251082251082251, "train_std": 0.00368957155890258, "test_mean": 0.8283737024221451, "test_median": 0.8269896193771626, "test_std": 0.005178764549168078}
{"alpha": 0.9, "train_mean": 0.8197402597402597, "train_median": 0.8173160173160173, "train_std": 0.010058206567243344, "test_mean": 0.8304498269896193, "test_median": 0.8304498269896193, "test_std": 0.017913050665113905}