{"alpha": 0.9, "train_mean": 0.6061585835257891, "train_median": 0.6081601231716706, "train_std": 0.00420523488337109, "test_mean": 0.5724137931034483, "test_median": 0.5793103448275863, "test_std": 0.03350333186618239}
{"alpha": 0.5, "train_mean": 0.6320246343341032, "train_median": 0.6304849884526559, "train_std": 0.004435676763937799, "test_mean": 0.6027586206896551, "test_median": 0.593103448275862, "test_std": 0.019796827716423892}
{"alpha": 0.9, "train_mean": 0.6064665127020785, "train_median": 0.605080831408776, "train_std": 0.0041427633709233795, "test_mean": 0.5710344827586206, "test_median": 0.5724137931034483, "test_std": 0.027378528608660985}

{"alpha": 0.9, "train_mean": 0.6086220169361047, "train_median": 0.6089299461123941, "train_std": 0.0017282482155999703, "test_mean": 0.5944827586206897, "test_median": 0.5862068965517241, "test_std": 0.01870987581551799}
{"alpha": 0.9, "train_mean": 0.601693610469592, "train_median": 0.5996920708237106, "train_std": 0.003882839172569205, "test_mean": 0.5820689655172413, "test_median": 0.5862068965517241, "test_std": 0.01120557021329095}
{"alpha": 0.9, "train_mean": 0.6058506543494996, "train_median": 0.6027713625866051, "train_std": 0.006216052113375298, "test_mean": 0.576551724137931, "test_median": 0.5793103448275863, "test_std": 0.01120557021329097}
{"alpha": 0.9, "train_mean": 0.6063125481139338, "train_median": 0.6073903002309469, "train_std": 0.005120335380543784, "test_mean": 0.5793103448275861, "test_median": 0.5862068965517241, "test_std": 0.025804533701889253}
{"alpha": 0.9, "train_mean": 0.607852193995381, "train_median": 0.6089299461123941, "train_std": 0.005073828191927348, "test_mean": 0.583448275862069, "test_median": 0.6, "test_std": 0.029129258044059143}
{"alpha": 0.9, "train_mean": 0.6100076982294071, "train_median": 0.6096997690531177, "train_std": 0.005935130182416136, "test_mean": 0.5627586206896552, "test_median": 0.5655172413793104, "test_std": 0.029129258044059116}
{"alpha": 0.8, "train_mean": 0.6224788298691302, "train_median": 0.6204772902232486, "train_std": 0.004032579169733277, "test_mean": 0.6027586206896551, "test_median": 0.6068965517241379, "test_std": 0.00935493790775901}
{"alpha": 0.9, "train_mean": 0.6070823710546575, "train_median": 0.6089299461123941, "train_std": 0.003821300583830907, "test_mean": 0.5944827586206897, "test_median": 0.6, "test_std": 0.013372909951493312}
{"alpha": 0.9, "train_mean": 0.6053887605850654, "train_median": 0.6035411855273287, "train_std": 0.006721749023231138, "test_mean": 0.5806896551724138, "test_median": 0.5862068965517241, "test_std": 0.022831648768616337}
{"alpha": 0.9, "train_mean": 0.6044649730561972, "train_median": 0.6043110084680523, "train_std": 0.0051618335994581205, "test_mean": 0.5958620689655172, "test_median": 0.593103448275862, "test_std": 0.00935493790775901}