{"alpha": 0.6, "train_mean": 0.812150279776179, "train_median": 0.8401278976818545, "train_std": 0.039085377770778945, "test_mean": 0.5357512953367876, "test_median": 0.5284974093264249, "test_std": 0.03815948733579684}
{"alpha": 0.5, "train_mean": 0.8089528377298162, "train_median": 0.8233413269384492, "train_std": 0.04342227542263571, "test_mean": 0.5388601036269429, "test_median": 0.538860103626943, "test_std": 0.021488540262515773}

{"alpha": 0.2, "train_mean": 0.8217426059152677, "train_median": 0.8305355715427658, "train_std": 0.020454884222621206, "test_mean": 0.5533678756476684, "test_median": 0.5492227979274611, "test_std": 0.019770760651128434}
{"alpha": 0.9, "train_mean": 0.8057553956834532, "train_median": 0.8185451638689049, "train_std": 0.0389018465575699, "test_mean": 0.5264248704663212, "test_median": 0.533678756476684, "test_std": 0.033514946380924816}
{"alpha": 0.5, "train_mean": 0.8062350119904076, "train_median": 0.8201438848920863, "train_std": 0.05272290104042703, "test_mean": 0.544041450777202, "test_median": 0.5233160621761658, "test_std": 0.0394599642790876}
{"alpha": 0.8, "train_mean": 0.7816147082334133, "train_median": 0.7809752198241406, "train_std": 0.043311474061474446, "test_mean": 0.561658031088083, "test_median": 0.5284974093264249, "test_std": 0.04428157641289431}
{"alpha": 0.5, "train_mean": 0.801119104716227, "train_median": 0.8177458033573142, "train_std": 0.03681018268804767, "test_mean": 0.5606217616580311, "test_median": 0.5544041450777202, "test_std": 0.016837385294582285}
{"alpha": 0.9, "train_mean": 0.7796962430055956, "train_median": 0.8081534772182254, "train_std": 0.06483124220679948, "test_mean": 0.5378238341968912, "test_median": 0.538860103626943, "test_std": 0.021835551819383913}
{"alpha": 0.6, "train_mean": 0.8313349320543566, "train_median": 0.8257394084732215, "train_std": 0.010085889877274176, "test_mean": 0.5492227979274611, "test_median": 0.5440414507772021, "test_std": 0.030212185983654407}
{"alpha": 0.9, "train_mean": 0.7785771382893686, "train_median": 0.7785771382893685, "train_std": 0.04617786053490995, "test_mean": 0.5430051813471503, "test_median": 0.5492227979274611, "test_std": 0.029565476927848916}