{"alpha": 0.5, "train_mean": 0.8617397998460353, "train_median": 0.8606620477290223, "train_std": 0.0023652488831004217, "test_mean": 0.5117241379310344, "test_median": 0.503448275862069, "test_std": 0.022411140426581953}
{"alpha": 0.2, "train_mean": 0.8123171670515781, "train_median": 0.8568129330254042, "train_std": 0.06299654493948655, "test_mean": 0.5420689655172414, "test_median": 0.5241379310344828, "test_std": 0.031634055010150916}

{"alpha": 0.9, "train_mean": 0.8241724403387221, "train_median": 0.8521939953810623, "train_std": 0.060710874711857224, "test_mean": 0.5117241379310344, "test_median": 0.503448275862069, "test_std": 0.029711254108328294}
{"alpha": 0.5, "train_mean": 0.7562740569668975, "train_median": 0.7397998460354118, "train_std": 0.09041877674535632, "test_mean": 0.5475862068965516, "test_median": 0.5379310344827586, "test_std": 0.048295562482790606}
{"alpha": 0.5, "train_mean": 0.8327944572748269, "train_median": 0.8552732871439569, "train_std": 0.05124361547891483, "test_mean": 0.5420689655172415, "test_median": 0.5379310344827586, "test_std": 0.024904096669334866}
{"alpha": 0.9, "train_mean": 0.822632794457275, "train_median": 0.852963818321786, "train_std": 0.060667909041850605, "test_mean": 0.5062068965517242, "test_median": 0.496551724137931, "test_std": 0.03741975163103598}
{"alpha": 0.8, "train_mean": 0.8314087759815243, "train_median": 0.8560431100846805, "train_std": 0.049299932343726906, "test_mean": 0.5448275862068965, "test_median": 0.5586206896551724, "test_std": 0.0302191755864919}
{"alpha": 0.4, "train_mean": 0.8238645111624328, "train_median": 0.8622016936104696, "train_std": 0.07860401151000403, "test_mean": 0.536551724137931, "test_median": 0.5241379310344828, "test_std": 0.0501887045480283}
{"alpha": 0.2, "train_mean": 0.8004618937644341, "train_median": 0.8637413394919169, "train_std": 0.08241981965752894, "test_mean": 0.5503448275862068, "test_median": 0.5379310344827586, "test_std": 0.03187371036770024}
{"alpha": 0.6, "train_mean": 0.8095458044649732, "train_median": 0.8568129330254042, "train_std": 0.06138458263974563, "test_mean": 0.5158620689655172, "test_median": 0.503448275862069, "test_std": 0.046652509035276575}