{"alpha": 0.8, "train_mean": 0.6935251798561152, "train_median": 0.7074340527577938, "train_std": 0.029619947542723263, "test_mean": 0.6880829015544042, "test_median": 0.6839378238341969, "test_std": 0.028829902058535875}
{"alpha": 0.8, "train_mean": 0.6900079936051159, "train_median": 0.6650679456434853, "train_std": 0.04162020788797057, "test_mean": 0.6725388601036271, "test_median": 0.6735751295336787, "test_std": 0.037706539686342494}

{"alpha": 0.9, "train_mean": 0.6936850519584332, "train_median": 0.6946442845723422, "train_std": 0.003961474562226651, "test_mean": 0.6860103626943006, "test_median": 0.689119170984456, "test_std": 0.022369982533598846}
{"alpha": 0.6, "train_mean": 0.7696243005595524, "train_median": 0.7226219024780176, "train_std": 0.09815860662337, "test_mean": 0.6974093264248704, "test_median": 0.689119170984456, "test_std": 0.03170374827104322}
{"alpha": 0.4, "train_mean": 0.7245403677058353, "train_median": 0.7234212629896083, "train_std": 0.002456001837847676, "test_mean": 0.6932642487046632, "test_median": 0.689119170984456, "test_std": 0.013669332599246561}
{"alpha": 0.8, "train_mean": 0.7037569944044765, "train_median": 0.7146282973621103, "train_std": 0.022949304782211678, "test_mean": 0.6704663212435233, "test_median": 0.6683937823834197, "test_std": 0.010669046778224863}
{"alpha": 0.8, "train_mean": 0.7211830535571543, "train_median": 0.7138289368505196, "train_std": 0.016109841424346107, "test_mean": 0.6974093264248704, "test_median": 0.6994818652849741, "test_std": 0.008418692647291148}
{"alpha": 0.9, "train_mean": 0.6925659472422063, "train_median": 0.6962430055955235, "train_std": 0.007987207671812492, "test_mean": 0.7046632124352331, "test_median": 0.7046632124352331, "test_std": 0.023630578758531334}
{"alpha": 0.5, "train_mean": 0.8169464428457234, "train_median": 0.7282174260591526, "train_std": 0.1334592163203976, "test_mean": 0.7181347150259068, "test_median": 0.7150259067357513, "test_std": 0.043793878982622686}
{"alpha": 0.9, "train_mean": 0.6938449240607514, "train_median": 0.6898481215027977, "train_std": 0.00902958992578289, "test_mean": 0.6735751295336788, "test_median": 0.6787564766839378, "test_std": 0.03357896734926354}