{"alpha": 0.9, "train_mean": 0.596612779060816, "train_median": 0.596612779060816, "train_std": 0.0, "test_mean": 0.5972413793103448, "test_median": 0.6, "test_std": 0.005517241379310356}
{"alpha": 0.9, "train_mean": 0.596612779060816, "train_median": 0.596612779060816, "train_std": 0.0, "test_mean": 0.6, "test_median": 0.6, "test_std": 0.0}

{"alpha": 0.9, "train_mean": 0.5956889915319477, "train_median": 0.596612779060816, "train_std": 0.0018475750577366945, "test_mean": 0.6, "test_median": 0.6, "test_std": 0.0}
{"alpha": 0.9, "train_mean": 0.5952270977675134, "train_median": 0.596612779060816, "train_std": 0.002771362586605086, "test_mean": 0.5986206896551725, "test_median": 0.6, "test_std": 0.002758620689655178}
{"alpha": 0.9, "train_mean": 0.596612779060816, "train_median": 0.596612779060816, "train_std": 0.0, "test_mean": 0.6, "test_median": 0.6, "test_std": 0.0}
{"alpha": 0.9, "train_mean": 0.5947652040030793, "train_median": 0.596612779060816, "train_std": 0.0036951501154734332, "test_mean": 0.5958620689655172, "test_median": 0.6, "test_std": 0.00827586206896549}
{"alpha": 0.9, "train_mean": 0.596612779060816, "train_median": 0.596612779060816, "train_std": 0.0, "test_mean": 0.6, "test_median": 0.6, "test_std": 0.0}
{"alpha": 0.9, "train_mean": 0.5956889915319478, "train_median": 0.596612779060816, "train_std": 0.0018475750577366945, "test_mean": 0.5986206896551723, "test_median": 0.6, "test_std": 0.0027586206896551783}
{"alpha": 0.9, "train_mean": 0.5956889915319477, "train_median": 0.596612779060816, "train_std": 0.0018475750577366945, "test_mean": 0.5986206896551723, "test_median": 0.6, "test_std": 0.0027586206896551783}
{"alpha": 0.9, "train_mean": 0.5967667436489608, "train_median": 0.596612779060816, "train_std": 0.0007542693588246831, "test_mean": 0.5972413793103448, "test_median": 0.6, "test_std": 0.005517241379310356}