{"alpha": 0.9, "train_mean": 0.6924675324675326, "train_median": 0.6917748917748918, "train_std": 0.0025916241639992476, "test_mean": 0.6892733564013841, "test_median": 0.6885813148788927, "test_std": 0.00595316627477}
{"alpha": 0.9, "train_mean": 0.6905627705627706, "train_median": 0.6935064935064935, "train_std": 0.004729523907791388, "test_mean": 0.6961937716262977, "test_median": 0.6885813148788927, "test_std": 0.01862093293712624}

{"alpha": 0.9, "train_mean": 0.6947186147186147, "train_median": 0.6917748917748918, "train_std": 0.004823684251838671, "test_mean": 0.6823529411764706, "test_median": 0.6885813148788927, "test_std": 0.017966442886847296}
{"alpha": 0.9, "train_mean": 0.6922943722943724, "train_median": 0.6917748917748918, "train_std": 0.0053259070127202445, "test_mean": 0.6955017301038062, "test_median": 0.698961937716263, "test_std": 0.021442122331944202}
{"alpha": 0.9, "train_mean": 0.6926406926406926, "train_median": 0.6926406926406926, "train_std": 0.003192915829365513, "test_mean": 0.6913494809688581, "test_median": 0.6885813148788927, "test_std": 0.010586199682199567}
{"alpha": 0.9, "train_mean": 0.6921212121212121, "train_median": 0.6935064935064935, "train_std": 0.0054922083210922025, "test_mean": 0.6934256055363323, "test_median": 0.6816608996539792, "test_std": 0.022166944467885096}
{"alpha": 0.8, "train_mean": 0.7021645021645022, "train_median": 0.7038961038961039, "train_std": 0.007685659228111587, "test_mean": 0.6982698961937717, "test_median": 0.6885813148788927, "test_std": 0.02955592595718012}
{"alpha": 0.9, "train_mean": 0.6955844155844156, "train_median": 0.6961038961038961, "train_std": 0.0033577003341411626, "test_mean": 0.6761245674740485, "test_median": 0.6747404844290658, "test_std": 0.0191534290700319}
{"alpha": 0.9, "train_mean": 0.6917748917748917, "train_median": 0.6917748917748918, "train_std": 0.004773696537520403, "test_mean": 0.6865051903114188, "test_median": 0.6885813148788927, "test_std": 0.021058995231422756}
{"alpha": 0.9, "train_mean": 0.6922943722943723, "train_median": 0.6926406926406926, "train_std": 0.006233766233766246, "test_mean": 0.6899653979238755, "test_median": 0.6920415224913494, "test_std": 0.024623455881878458}