{"alpha": 0.8, "train_mean": 0.6238645111624326, "train_median": 0.6189376443418014, "train_std": 0.007994306380752655, "test_mean": 0.5958620689655173, "test_median": 0.593103448275862, "test_std": 0.010321813480755723}
{"alpha": 0.9, "train_mean": 0.6055427251732102, "train_median": 0.6035411855273287, "train_std": 0.00552129979277634, "test_mean": 0.5875862068965516, "test_median": 0.593103448275862, "test_std": 0.011865276230403605}
{"alpha": 0.9, "train_mean": 0.6055427251732102, "train_median": 0.605080831408776, "train_std": 0.004288957129232989, "test_mean": 0.5834482758620689, "test_median": 0.5862068965517241, "test_std": 0.011205570213290958}

{"alpha": 0.9, "train_mean": 0.6058506543494996, "train_median": 0.605080831408776, "train_std": 0.0045932052009780575, "test_mean": 0.5931034482758621, "test_median": 0.593103448275862, "test_std": 0.007554793896622955}
{"alpha": 0.9, "train_mean": 0.6046189376443418, "train_median": 0.6043110084680523, "train_std": 0.0047104106361134275, "test_mean": 0.5889655172413792, "test_median": 0.593103448275862, "test_std": 0.012791197924821645}
{"alpha": 0.9, "train_mean": 0.6095458044649731, "train_median": 0.6104695919938414, "train_std": 0.004085142159021273, "test_mean": 0.5834482758620689, "test_median": 0.5862068965517241, "test_std": 0.018811285099290823}
{"alpha": 0.9, "train_mean": 0.6049268668206313, "train_median": 0.605080831408776, "train_std": 0.005495479075465682, "test_mean": 0.5793103448275861, "test_median": 0.593103448275862, "test_std": 0.02792890583629875}
{"alpha": 0.9, "train_mean": 0.6066204772902233, "train_median": 0.6081601231716706, "train_std": 0.006100573596969661, "test_mean": 0.5793103448275863, "test_median": 0.5724137931034483, "test_std": 0.019012481037365813}
{"alpha": 0.9, "train_mean": 0.6015396458814473, "train_median": 0.5989222478829869, "train_std": 0.004608661908266572, "test_mean": 0.5958620689655173, "test_median": 0.6, "test_std": 0.014855627054164143}
{"alpha": 0.9, "train_mean": 0.6043110084680524, "train_median": 0.6058506543494996, "train_std": 0.0036434671489450955, "test_mean": 0.5834482758620689, "test_median": 0.593103448275862, "test_std": 0.026024775536707876}
{"alpha": 0.9, "train_mean": 0.6049268668206313, "train_median": 0.6058506543494996, "train_std": 0.005184744646799915, "test_mean": 0.5779310344827586, "test_median": 0.5793103448275863, "test_std": 0.014727004485560413}
{"alpha": 0.9, "train_mean": 0.6052347959969208, "train_median": 0.6066204772902233, "train_std": 0.004854159436623384, "test_mean": 0.5848275862068966, "test_median": 0.5862068965517241, "test_std": 0.024441441581612898}
{"alpha": 0.9, "train_mean": 0.6040030792917628, "train_median": 0.6035411855273287, "train_std": 0.0032877839113260236, "test_mean": 0.5820689655172414, "test_median": 0.5793103448275863, "test_std": 0.014200869159982055}