{"alpha": 0.2, "train_mean": 0.6602001539645881, "train_median": 0.636643571978445, "train_std": 0.0331421069673871, "test_mean": 0.6482758620689655, "test_median": 0.6344827586206897, "test_std": 0.01744704915954966}
{"alpha": 0.8, "train_mean": 0.633256351039261, "train_median": 0.6158583525789069, "train_std": 0.05798070082187368, "test_mean": 0.6055172413793103, "test_median": 0.6137931034482759, "test_std": 0.05776659749343981}

{"alpha": 0.9, "train_mean": 0.6024634334103156, "train_median": 0.596612779060816, "train_std": 0.02537661511195615, "test_mean": 0.6344827586206897, "test_median": 0.6, "test_std": 0.0561973759654162}
{"alpha": 0.6, "train_mean": 0.654657428791378, "train_median": 0.6243264049268669, "train_std": 0.05157606880598201, "test_mean": 0.6455172413793104, "test_median": 0.6275862068965518, "test_std": 0.05713742117850477}
{"alpha": 0.9, "train_mean": 0.6161662817551964, "train_median": 0.596612779060816, "train_std": 0.027202540816453003, "test_mean": 0.6303448275862069, "test_median": 0.6, "test_std": 0.0430910326946574}
{"alpha": 0.8, "train_mean": 0.6321785989222478, "train_median": 0.6235565819861432, "train_std": 0.05642208740998025, "test_mean": 0.6275862068965516, "test_median": 0.6, "test_std": 0.0404493194444557}
{"alpha": 0.4, "train_mean": 0.6586605080831408, "train_median": 0.6304849884526559, "train_std": 0.05635103926096998, "test_mean": 0.6620689655172415, "test_median": 0.6275862068965518, "test_std": 0.06896551724137932}
{"alpha": 0.2, "train_mean": 0.6688221709006928, "train_median": 0.6397228637413395, "train_std": 0.047336036413170746, "test_mean": 0.670344827586207, "test_median": 0.6344827586206897, "test_std": 0.07795239255693677}
{"alpha": 0.4, "train_mean": 0.651270207852194, "train_median": 0.6304849884526559, "train_std": 0.027169406318434654, "test_mean": 0.6482758620689656, "test_median": 0.6275862068965518, "test_std": 0.025433226089083823}
{"alpha": 0.9, "train_mean": 0.6109314857582756, "train_median": 0.596612779060816, "train_std": 0.04890066566984739, "test_mean": 0.6193103448275863, "test_median": 0.6, "test_std": 0.06159203741176859}