{"alpha": 0.8, "train_mean": 0.7285604311008469, "train_median": 0.6551193225558122, "train_std": 0.09501823238058711, "test_mean": 0.726896551724138, "test_median": 0.6827586206896552, "test_std": 0.08881302086623585}
{"alpha": 0.6, "train_mean": 0.6968437259430332, "train_median": 0.6605080831408776, "train_std": 0.07500367173047434, "test_mean": 0.6524137931034483, "test_median": 0.6275862068965518, "test_std": 0.08708245030435639}
{"alpha": 0.2, "train_mean": 0.7327174749807543, "train_median": 0.6628175519630485, "train_std": 0.08782650788931319, "test_mean": 0.7255172413793103, "test_median": 0.6620689655172414, "test_std": 0.12161419280086685}

{"alpha": 0.2, "train_mean": 0.7481139337952272, "train_median": 0.7467282525019245, "train_std": 0.0838568662898725, "test_mean": 0.7544827586206896, "test_median": 0.7034482758620689, "test_std": 0.07319447813198122}
{"alpha": 0.4, "train_mean": 0.7339491916859122, "train_median": 0.6643571978444958, "train_std": 0.09029547275134105, "test_mean": 0.7324137931034482, "test_median": 0.6758620689655173, "test_std": 0.10270074741509673}
{"alpha": 0.2, "train_mean": 0.6960739030023094, "train_median": 0.6620477290223249, "train_std": 0.07153705752968577, "test_mean": 0.6882758620689656, "test_median": 0.6482758620689655, "test_std": 0.09163853926550668}
{"alpha": 0.2, "train_mean": 0.6960739030023095, "train_median": 0.6612779060816012, "train_std": 0.07270226763533466, "test_mean": 0.6772413793103448, "test_median": 0.6344827586206897, "test_std": 0.08629237141857683}
{"alpha": 0.2, "train_mean": 0.7313317936874519, "train_median": 0.6620477290223249, "train_std": 0.09027236732673687, "test_mean": 0.7268965517241379, "test_median": 0.6827586206896552, "test_std": 0.10009270376014748}
{"alpha": 0.2, "train_mean": 0.7325635103926097, "train_median": 0.6597382602001539, "train_std": 0.09172155244595662, "test_mean": 0.7213793103448276, "test_median": 0.6620689655172414, "test_std": 0.07870533858034265}
{"alpha": 0.6, "train_mean": 0.7282525019245574, "train_median": 0.6543494996150885, "train_std": 0.0930358972126155, "test_mean": 0.736551724137931, "test_median": 0.6689655172413793, "test_std": 0.10316282455898015}
{"alpha": 0.5, "train_mean": 0.6942263279445727, "train_median": 0.6589684372594303, "train_std": 0.07516468565319347, "test_mean": 0.7062068965517241, "test_median": 0.6827586206896552, "test_std": 0.07687103334120154}
{"alpha": 0.8, "train_mean": 0.7230177059276366, "train_median": 0.6551193225558122, "train_std": 0.10109437259392784, "test_mean": 0.7048275862068965, "test_median": 0.6413793103448275, "test_std": 0.0978630166900235}
{"alpha": 0.9, "train_mean": 0.6928406466512701, "train_median": 0.596612779060816, "train_std": 0.11785685010271159, "test_mean": 0.7144827586206897, "test_median": 0.6, "test_std": 0.1403647363664392}