{"alpha": 0.6, "train_mean": 0.6494226327944573, "train_median": 0.6243264049268669, "train_std": 0.030737440402691985, "test_mean": 0.6455172413793104, "test_median": 0.6275862068965518, "test_std": 0.02206896551724137}
{"alpha": 0.2, "train_mean": 0.6703618167821401, "train_median": 0.6805234795996921, "train_std": 0.028349559443224374, "test_mean": 0.646896551724138, "test_median": 0.6344827586206897, "test_std": 0.03217076907500857}
{"alpha": 0.8, "train_mean": 0.6172440338722094, "train_median": 0.6158583525789069, "train_std": 0.002088477285027026, "test_mean": 0.5848275862068966, "test_median": 0.6137931034482759, "test_std": 0.037113445647099876}

{"alpha": 0.5, "train_mean": 0.651270207852194, "train_median": 0.6274056966897613, "train_std": 0.029277571852821465, "test_mean": 0.6565517241379311, "test_median": 0.6275862068965518, "test_std": 0.0386206896551724}
{"alpha": 0.2, "train_mean": 0.6615858352578907, "train_median": 0.636643571978445, "train_std": 0.030551788772440223, "test_mean": 0.6537931034482758, "test_median": 0.6344827586206897, "test_std": 0.024049097619534745}
{"alpha": 0.8, "train_mean": 0.640030792917629, "train_median": 0.6158583525789069, "train_std": 0.02960607320516562, "test_mean": 0.64, "test_median": 0.6137931034482759, "test_std": 0.032170769075008564}
{"alpha": 0.5, "train_mean": 0.6532717474980755, "train_median": 0.6274056966897613, "train_std": 0.03186211500959554, "test_mean": 0.6441379310344828, "test_median": 0.6275862068965518, "test_std": 0.029775218130928115}
{"alpha": 0.8, "train_mean": 0.6415704387990762, "train_median": 0.6220169361046959, "train_std": 0.0266122791277136, "test_mean": 0.6041379310344828, "test_median": 0.6137931034482759, "test_std": 0.07599987483561879}
{"alpha": 0.8, "train_mean": 0.6634334103156274, "train_median": 0.6166281755196305, "train_std": 0.06810283797494399, "test_mean": 0.6537931034482758, "test_median": 0.6137931034482759, "test_std": 0.10535258733201829}
{"alpha": 0.4, "train_mean": 0.6565050038491147, "train_median": 0.6304849884526559, "train_std": 0.03186881021600802, "test_mean": 0.637241379310345, "test_median": 0.6275862068965518, "test_std": 0.012024548809767346}
{"alpha": 0.4, "train_mean": 0.6588144726712856, "train_median": 0.6304849884526559, "train_std": 0.035359602644393986, "test_mean": 0.6620689655172414, "test_median": 0.6275862068965518, "test_std": 0.04361762289887418}
{"alpha": 0.8, "train_mean": 0.6289453425712086, "train_median": 0.6158583525789069, "train_std": 0.022867758581041828, "test_mean": 0.6096551724137931, "test_median": 0.6137931034482759, "test_std": 0.059101476650009775}
{"alpha": 0.9, "train_mean": 0.6294072363356429, "train_median": 0.6143187066974596, "train_std": 0.02356513402199804, "test_mean": 0.6386206896551725, "test_median": 0.6344827586206897, "test_std": 0.036126347182644944}