{"alpha": 0.9, "train_mean": 0.6846753246753245, "train_median": 0.6857142857142857, "train_std": 0.003437131297191187, "test_mean": 0.685121107266436, "test_median": 0.6851211072664359, "test_std": 0.0133116844717449}
{"alpha": 0.9, "train_mean": 0.6857142857142857, "train_median": 0.6874458874458874, "train_std": 0.0037937493160531, "test_mean": 0.6823529411764706, "test_median": 0.6816608996539792, "test_std": 0.013909862451378405}

{"alpha": 0.9, "train_mean": 0.6820779220779221, "train_median": 0.6857142857142857, "train_std": 0.007999175385247526, "test_mean": 0.6906574394463668, "test_median": 0.671280276816609, "test_std": 0.041209896002655795}
{"alpha": 0.9, "train_mean": 0.6843290043290043, "train_median": 0.6874458874458874, "train_std": 0.008058927292273647, "test_mean": 0.6837370242214533, "test_median": 0.6678200692041523, "test_std": 0.03279721968463056}
{"alpha": 0.5, "train_mean": 0.7206926406926406, "train_median": 0.7220779220779221, "train_std": 0.004535342286998684, "test_mean": 0.6906574394463668, "test_median": 0.6816608996539792, "test_std": 0.025949250185816855}
{"alpha": 0.9, "train_mean": 0.6848484848484848, "train_median": 0.6831168831168831, "train_std": 0.004515464869404448, "test_mean": 0.683044982698962, "test_median": 0.671280276816609, "test_std": 0.027122377774761848}
{"alpha": 0.8, "train_mean": 0.7061471861471861, "train_median": 0.7073593073593074, "train_std": 0.00297916026564247, "test_mean": 0.6892733564013841, "test_median": 0.6885813148788927, "test_std": 0.013561188887380914}
{"alpha": 0.9, "train_mean": 0.6841558441558441, "train_median": 0.6848484848484848, "train_std": 0.002148861237401021, "test_mean": 0.6837370242214533, "test_median": 0.6816608996539792, "test_std": 0.01525633749830356}
{"alpha": 0.9, "train_mean": 0.6843290043290043, "train_median": 0.683982683982684, "train_std": 0.00518324832799853, "test_mean": 0.6816608996539791, "test_median": 0.6782006920415224, "test_std": 0.020990658668654825}
{"alpha": 0.9, "train_mean": 0.6891774891774891, "train_median": 0.69004329004329, "train_std": 0.004276740791421119, "test_mean": 0.6629757785467127, "test_median": 0.657439446366782, "test_std": 0.020599136423719355}