{"alpha": 0.9, "train_mean": 0.8235497835497835, "train_median": 0.8242424242424242, "train_std": 0.0026488413057624877, "test_mean": 0.8221453287197231, "test_median": 0.8200692041522492, "test_std": 0.017589294155209472}
{"alpha": 0.9, "train_mean": 0.8233766233766234, "train_median": 0.8164502164502164, "train_std": 0.011155063832662428, "test_mean": 0.8269896193771625, "test_median": 0.8304498269896193, "test_std": 0.018046235031702797}

{"alpha": 0.9, "train_mean": 0.8211255411255411, "train_median": 0.8225108225108225, "train_std": 0.00831529503275706, "test_mean": 0.8221453287197231, "test_median": 0.8235294117647058, "test_std": 0.02452601404383299}
{"alpha": 0.2, "train_mean": 0.8457142857142858, "train_median": 0.8458874458874459, "train_std": 0.007395378875865863, "test_mean": 0.8304498269896193, "test_median": 0.8269896193771626, "test_std": 0.02155351072996187}
{"alpha": 0.9, "train_mean": 0.8334199134199135, "train_median": 0.832034632034632, "train_std": 0.011493975255602489, "test_mean": 0.8006920415224913, "test_median": 0.7993079584775087, "test_std": 0.023014933077253833}
{"alpha": 0.5, "train_mean": 0.8555844155844156, "train_median": 0.8562770562770563, "train_std": 0.004723179808479958, "test_mean": 0.8173010380622838, "test_median": 0.8131487889273357, "test_std": 0.017832662597543413}
{"alpha": 0.9, "train_mean": 0.8275324675324676, "train_median": 0.8251082251082251, "train_std": 0.008166113331637448, "test_mean": 0.8069204152249135, "test_median": 0.8062283737024222, "test_std": 0.012263007021916489}
{"alpha": 0.5, "train_mean": 0.8491774891774891, "train_median": 0.8502164502164502, "train_std": 0.002148861237401021, "test_mean": 0.8387543252595157, "test_median": 0.8373702422145328, "test_std": 0.010403665313752895}
{"alpha": 0.9, "train_mean": 0.8277056277056278, "train_median": 0.8268398268398268, "train_std": 0.0071814515509359975, "test_mean": 0.8055363321799307, "test_median": 0.8027681660899654, "test_std": 0.023098019748482503}
{"alpha": 0.9, "train_mean": 0.8332467532467532, "train_median": 0.8337662337662337, "train_std": 0.0026601370555388954, "test_mean": 0.8062283737024221, "test_median": 0.8096885813148789, "test_std": 0.022847853313798187}