{"alpha": 0.9, "train_mean": 0.5440692640692641, "train_median": 0.541991341991342, "train_std": 0.008058927292273671, "test_mean": 0.5301038062283736, "test_median": 0.5294117647058824, "test_std": 0.012456747404844292}
{"alpha": 0.9, "train_mean": 0.5438961038961039, "train_median": 0.5463203463203463, "train_std": 0.009755543564331292, "test_mean": 0.5384083044982699, "test_median": 0.5397923875432526, "test_std": 0.017176018887184563}

{"alpha": 0.9, "train_mean": 0.553073593073593, "train_median": 0.5541125541125541, "train_std": 0.009347442130746862, "test_mean": 0.5460207612456747, "test_median": 0.5501730103806228, "test_std": 0.014417070350172789}
{"alpha": 0.9, "train_mean": 0.5430303030303031, "train_median": 0.5359307359307359, "train_std": 0.021118443204726087, "test_mean": 0.5480968858131487, "test_median": 0.5432525951557093, "test_std": 0.026587367075845737}
{"alpha": 0.9, "train_mean": 0.5395670995670996, "train_median": 0.5316017316017316, "train_std": 0.013824646688285413, "test_mean": 0.5418685121107266, "test_median": 0.5363321799307958, "test_std": 0.011286855661107329}
{"alpha": 0.9, "train_mean": 0.5399134199134199, "train_median": 0.5437229437229437, "train_std": 0.007638699567138652, "test_mean": 0.5280276816608996, "test_median": 0.5259515570934256, "test_std": 0.01689488666537539}
{"alpha": 0.9, "train_mean": 0.5326406926406926, "train_median": 0.5341991341991342, "train_std": 0.004462025533064967, "test_mean": 0.5307958477508651, "test_median": 0.5363321799307958, "test_std": 0.020830334869608877}
{"alpha": 0.8, "train_mean": 0.5748917748917749, "train_median": 0.5783549783549784, "train_std": 0.015075877998045991, "test_mean": 0.5626297577854672, "test_median": 0.5536332179930796, "test_std": 0.02071505819667232}
{"alpha": 0.9, "train_mean": 0.5549783549783549, "train_median": 0.5584415584415584, "train_std": 0.014497964113547685, "test_mean": 0.5474048442906575, "test_median": 0.5397923875432526, "test_std": 0.01756204503868447}
{"alpha": 0.9, "train_mean": 0.5508225108225108, "train_median": 0.5532467532467532, "train_std": 0.009816822706880243, "test_mean": 0.532871972318339, "test_median": 0.5294117647058824, "test_std": 0.021217591303468356}