{"alpha": 0.9, "train_mean": 0.683116883116883, "train_median": 0.6831168831168831, "train_std": 0.0060233860193683484, "test_mean": 0.6906574394463668, "test_median": 0.698961937716263, "test_std": 0.01525633749830353}
{"alpha": 0.9, "train_mean": 0.6834632034632036, "train_median": 0.6822510822510822, "train_std": 0.005758714856559628, "test_mean": 0.6920415224913496, "test_median": 0.6955017301038062, "test_std": 0.015780974741856583}

{"alpha": 0.9, "train_mean": 0.6819047619047619, "train_median": 0.6831168831168831, "train_std": 0.005600333031617756, "test_mean": 0.6941176470588235, "test_median": 0.7058823529411765, "test_std": 0.027733515445693944}
{"alpha": 0.9, "train_mean": 0.6864069264069264, "train_median": 0.6848484848484848, "train_std": 0.005292019667510348, "test_mean": 0.6802768166089965, "test_median": 0.6747404844290658, "test_std": 0.016464189970062743}
{"alpha": 0.9, "train_mean": 0.7051082251082251, "train_median": 0.6926406926406926, "train_std": 0.020138758918176073, "test_mean": 0.6927335640138408, "test_median": 0.6747404844290658, "test_std": 0.02995828487462057}
{"alpha": 0.9, "train_mean": 0.686060606060606, "train_median": 0.6874458874458874, "train_std": 0.008021634508675648, "test_mean": 0.6837370242214533, "test_median": 0.6885813148788927, "test_std": 0.02048255859785291}
{"alpha": 0.9, "train_mean": 0.682943722943723, "train_median": 0.6822510822510822, "train_std": 0.006107425831531905, "test_mean": 0.6975778546712802, "test_median": 0.6920415224913494, "test_std": 0.019153429070031903}
{"alpha": 0.9, "train_mean": 0.6891774891774891, "train_median": 0.6883116883116883, "train_std": 0.006751026386014873, "test_mean": 0.6671280276816608, "test_median": 0.6678200692041523, "test_std": 0.02267954271027536}
{"alpha": 0.9, "train_mean": 0.6919480519480519, "train_median": 0.6926406926406926, "train_std": 0.004970632067327234, "test_mean": 0.6574394463667821, "test_median": 0.6539792387543253, "test_std": 0.009284711325258653}
{"alpha": 0.9, "train_mean": 0.6843290043290043, "train_median": 0.683982683982684, "train_std": 0.0041196111699983926, "test_mean": 0.6892733564013841, "test_median": 0.6885813148788927, "test_std": 0.011244343812644924}