{"alpha": 0.5, "train_mean": 0.6874500399680256, "train_median": 0.6898481215027977, "train_std": 0.004436270799524114, "test_mean": 0.677720207253886, "test_median": 0.6683937823834197, "test_std": 0.019770760651128393}
{"alpha": 0.9, "train_mean": 0.6551558752997602, "train_median": 0.657074340527578, "train_std": 0.006015951310064515, "test_mean": 0.6559585492227981, "test_median": 0.6580310880829016, "test_std": 0.01066904677822487}

{"alpha": 0.9, "train_mean": 0.6519584332533974, "train_median": 0.6586730615507594, "train_std": 0.03250793899823607, "test_mean": 0.6248704663212435, "test_median": 0.6373056994818653, "test_std": 0.04034802556255291}
{"alpha": 0.9, "train_mean": 0.6569144684252597, "train_median": 0.657074340527578, "train_std": 0.0019184652278177263, "test_mean": 0.6621761658031088, "test_median": 0.6683937823834197, "test_std": 0.014433562981537956}
{"alpha": 0.9, "train_mean": 0.653717026378897, "train_median": 0.6578737010391686, "train_std": 0.005090865972211246, "test_mean": 0.6538860103626943, "test_median": 0.6528497409326425, "test_std": 0.0068738337623946355}
{"alpha": 0.9, "train_mean": 0.651798561151079, "train_median": 0.657074340527578, "train_std": 0.011435046997440561, "test_mean": 0.6248704663212435, "test_median": 0.6373056994818653, "test_std": 0.044038402820467934}
{"alpha": 0.9, "train_mean": 0.6564348521183053, "train_median": 0.6578737010391686, "train_std": 0.002741235523498381, "test_mean": 0.6611398963730571, "test_median": 0.6580310880829016, "test_std": 0.0218846757325833}
{"alpha": 0.9, "train_mean": 0.6631494804156673, "train_median": 0.6594724220623501, "train_std": 0.013655735574140774, "test_mean": 0.6507772020725389, "test_median": 0.6476683937823834, "test_std": 0.015578545469816475}
{"alpha": 0.8, "train_mean": 0.6748201438848922, "train_median": 0.6762589928057554, "train_std": 0.0037629423807960956, "test_mean": 0.6756476683937823, "test_median": 0.6787564766839378, "test_std": 0.006217616580310851}
{"alpha": 0.9, "train_mean": 0.6543565147881696, "train_median": 0.6530775379696243, "train_std": 0.0039679212297332725, "test_mean": 0.6663212435233161, "test_median": 0.6528497409326425, "test_std": 0.020880250445191612}