{"alpha": 0.9, "train_mean": 0.8308225108225109, "train_median": 0.8311688311688312, "train_std": 0.0069393817868446004, "test_mean": 0.8, "test_median": 0.8096885813148789, "test_std": 0.028144912674965734}
{"alpha": 0.9, "train_mean": 0.8268398268398268, "train_median": 0.825974025974026, "train_std": 0.002626104049887964, "test_mean": 0.8159169550173011, "test_median": 0.8200692041522492, "test_std": 0.012647520333907982}

{"alpha": 0.8, "train_mean": 0.8367099567099567, "train_median": 0.8372294372294372, "train_std": 0.007677852563600139, "test_mean": 0.8366782006920415, "test_median": 0.8269896193771626, "test_std": 0.024112458671535424}
{"alpha": 0.9, "train_mean": 0.8268398268398268, "train_median": 0.8268398268398268, "train_std": 0.004742186645066362, "test_mean": 0.815916955017301, "test_median": 0.8131487889273357, "test_std": 0.020691925796160634}
{"alpha": 0.5, "train_mean": 0.8557575757575758, "train_median": 0.8562770562770563, "train_std": 0.0016058213845014109, "test_mean": 0.8256055363321799, "test_median": 0.8235294117647058, "test_std": 0.006417729062626764}
{"alpha": 0.8, "train_mean": 0.8334199134199135, "train_median": 0.8372294372294372, "train_std": 0.01152003281626313, "test_mean": 0.8304498269896193, "test_median": 0.8304498269896193, "test_std": 0.021553510729961856}
{"alpha": 0.9, "train_mean": 0.8263203463203463, "train_median": 0.8242424242424242, "train_std": 0.004535342286998708, "test_mean": 0.8269896193771628, "test_median": 0.8235294117647058, "test_std": 0.01791305066511389}
{"alpha": 0.8, "train_mean": 0.8424242424242424, "train_median": 0.8441558441558441, "train_std": 0.00848308136028806, "test_mean": 0.8262975778546714, "test_median": 0.8269896193771626, "test_std": 0.018749089528227084}
{"alpha": 0.5, "train_mean": 0.8486580086580087, "train_median": 0.8510822510822511, "train_std": 0.006156325137534605, "test_mean": 0.8422145328719722, "test_median": 0.8408304498269896, "test_std": 0.009180968277800445}
{"alpha": 0.6, "train_mean": 0.8446753246753247, "train_median": 0.8424242424242424, "train_std": 0.009205218258010026, "test_mean": 0.8325259515570934, "test_median": 0.8166089965397924, "test_std": 0.021397404614173464}