{"alpha": 0.9, "train_mean": 0.596612779060816, "train_median": 0.596612779060816, "train_std": 0.0, "test_mean": 0.6, "test_median": 0.6, "test_std": 0.0}
{"alpha": 0.9, "train_mean": 0.6106235565819862, "train_median": 0.596612779060816, "train_std": 0.028021555042340253, "test_mean": 0.6082758620689656, "test_median": 0.6, "test_std": 0.01655172413793102}

{"alpha": 0.9, "train_mean": 0.6036951501154734, "train_median": 0.596612779060816, "train_std": 0.014164742109314865, "test_mean": 0.6137931034482758, "test_median": 0.6, "test_std": 0.027586206896551738}
{"alpha": 0.9, "train_mean": 0.603387220939184, "train_median": 0.596612779060816, "train_std": 0.013548883756735951, "test_mean": 0.6110344827586207, "test_median": 0.6, "test_std": 0.02206896551724138}
{"alpha": 0.9, "train_mean": 0.596612779060816, "train_median": 0.596612779060816, "train_std": 0.0, "test_mean": 0.6, "test_median": 0.6, "test_std": 0.0}
{"alpha": 0.9, "train_mean": 0.596612779060816, "train_median": 0.596612779060816, "train_std": 0.0, "test_mean": 0.6, "test_median": 0.6, "test_std": 0.0}
{"alpha": 0.9, "train_mean": 0.596612779060816, "train_median": 0.596612779060816, "train_std": 0.0, "test_mean": 0.6, "test_median": 0.6, "test_std": 0.0}
{"alpha": 0.9, "train_mean": 0.596612779060816, "train_median": 0.596612779060816, "train_std": 0.0, "test_mean": 0.6, "test_median": 0.6, "test_std": 0.0}
{"alpha": 0.9, "train_mean": 0.596612779060816, "train_median": 0.596612779060816, "train_std": 0.0, "test_mean": 0.6, "test_median": 0.6, "test_std": 0.0}
{"alpha": 0.9, "train_mean": 0.596612779060816, "train_median": 0.596612779060816, "train_std": 0.0, "test_mean": 0.6, "test_median": 0.6, "test_std": 0.0}