{"alpha": 0.9, "train_mean": 0.5965367965367966, "train_median": 0.5965367965367966, "train_std": 0.0, "test_mean": 0.5986159169550173, "test_median": 0.5986159169550173, "test_std": 0.0}
{"alpha": 0.9, "train_mean": 0.5965367965367966, "train_median": 0.5965367965367966, "train_std": 0.0, "test_mean": 0.5986159169550173, "test_median": 0.5986159169550173, "test_std": 0.0}

{"alpha": 0.9, "train_mean": 0.5965367965367966, "train_median": 0.5965367965367966, "train_std": 0.0, "test_mean": 0.5986159169550173, "test_median": 0.5986159169550173, "test_std": 0.0}
{"alpha": 0.9, "train_mean": 0.5965367965367966, "train_median": 0.5965367965367966, "train_std": 0.0, "test_mean": 0.5986159169550173, "test_median": 0.5986159169550173, "test_std": 0.0}
{"alpha": 0.9, "train_mean": 0.5965367965367966, "train_median": 0.5965367965367966, "train_std": 0.0, "test_mean": 0.5986159169550173, "test_median": 0.5986159169550173, "test_std": 0.0}
{"alpha": 0.9, "train_mean": 0.5965367965367966, "train_median": 0.5965367965367966, "train_std": 0.0, "test_mean": 0.5986159169550173, "test_median": 0.5986159169550173, "test_std": 0.0}
{"alpha": 0.9, "train_mean": 0.5965367965367966, "train_median": 0.5965367965367966, "train_std": 0.0, "test_mean": 0.5986159169550173, "test_median": 0.5986159169550173, "test_std": 0.0}
{"alpha": 0.9, "train_mean": 0.5967099567099566, "train_median": 0.5965367965367966, "train_std": 0.00034632034632031683, "test_mean": 0.597923875432526, "test_median": 0.5986159169550173, "test_std": 0.0013840830449826757}
{"alpha": 0.9, "train_mean": 0.5967099567099566, "train_median": 0.5965367965367966, "train_std": 0.00034632034632031683, "test_mean": 0.597923875432526, "test_median": 0.5986159169550173, "test_std": 0.0013840830449826757}
{"alpha": 0.9, "train_mean": 0.5963636363636364, "train_median": 0.5965367965367966, "train_std": 0.00034632034632036123, "test_mean": 0.5986159169550173, "test_median": 0.5986159169550173, "test_std": 0.0}