{"alpha": 0.9, "train_mean": 0.6186297151655119, "train_median": 0.6274056966897613, "train_std": 0.041629132003858454, "test_mean": 0.6151724137931034, "test_median": 0.5862068965517241, "test_std": 0.03935266929017133}
{"alpha": 0.6, "train_mean": 0.7059276366435719, "train_median": 0.6920708237105466, "train_std": 0.0812183268690302, "test_mean": 0.7048275862068966, "test_median": 0.6551724137931034, "test_std": 0.0791632819436234}

{"alpha": 0.2, "train_mean": 0.6645111624326405, "train_median": 0.657428791377983, "train_std": 0.048909875245613584, "test_mean": 0.6551724137931034, "test_median": 0.6482758620689655, "test_std": 0.053775417074808075}
{"alpha": 0.9, "train_mean": 0.6520400307929176, "train_median": 0.6612779060816012, "train_std": 0.05277415599854321, "test_mean": 0.6413793103448275, "test_median": 0.6275862068965518, "test_std": 0.05011283344713089}
{"alpha": 0.4, "train_mean": 0.6900692840646652, "train_median": 0.6581986143187067, "train_std": 0.06456533962784743, "test_mean": 0.6717241379310345, "test_median": 0.6413793103448275, "test_std": 0.1032734154335718}
{"alpha": 0.8, "train_mean": 0.6383371824480369, "train_median": 0.6297151655119323, "train_std": 0.03250221264708551, "test_mean": 0.623448275862069, "test_median": 0.6068965517241379, "test_std": 0.04607804989928293}
{"alpha": 0.9, "train_mean": 0.7176289453425713, "train_median": 0.6705157813702848, "train_std": 0.09743343356249413, "test_mean": 0.7172413793103448, "test_median": 0.6344827586206897, "test_std": 0.11630457370390507}
{"alpha": 0.4, "train_mean": 0.6363356428021555, "train_median": 0.5835257890685143, "train_std": 0.08749687118907805, "test_mean": 0.6579310344827587, "test_median": 0.6344827586206897, "test_std": 0.08014256025563557}
{"alpha": 0.6, "train_mean": 0.7128560431100847, "train_median": 0.7451886066204773, "train_std": 0.04655997082382582, "test_mean": 0.72, "test_median": 0.7241379310344828, "test_std": 0.07000594505075598}
{"alpha": 0.2, "train_mean": 0.6899153194765203, "train_median": 0.6720554272517321, "train_std": 0.04739359149739153, "test_mean": 0.6799999999999999, "test_median": 0.6551724137931034, "test_std": 0.04750117340061396}