{"alpha": 0.9, "train_mean": 0.6079936051159073, "train_median": 0.6075139888089528, "train_std": 0.004424733014579716, "test_mean": 0.5720207253886012, "test_median": 0.5699481865284974, "test_std": 0.01899513241432471}
{"alpha": 0.9, "train_mean": 0.6051159072741807, "train_median": 0.6051159072741806, "train_std": 0.003916050747854786, "test_mean": 0.5740932642487047, "test_median": 0.5751295336787565, "test_std": 0.017463522845961345}

{"alpha": 0.9, "train_mean": 0.6075139888089527, "train_median": 0.609912070343725, "train_std": 0.004633533731795155, "test_mean": 0.5886010362694301, "test_median": 0.5803108808290155, "test_std": 0.012521291164346728}
{"alpha": 0.9, "train_mean": 0.6092725819344524, "train_median": 0.6091127098321343, "train_std": 0.002646354173820447, "test_mean": 0.5823834196891191, "test_median": 0.5958549222797928, "test_std": 0.020094009771673887}
{"alpha": 0.9, "train_mean": 0.6046362909672263, "train_median": 0.6059152677857714, "train_std": 0.004917204316300493, "test_mean": 0.5678756476683938, "test_median": 0.5699481865284974, "test_std": 0.017828653403197153}
{"alpha": 0.5, "train_mean": 0.6386890487609912, "train_median": 0.6394884092725819, "train_std": 0.005960464230953541, "test_mean": 0.5937823834196891, "test_median": 0.5803108808290155, "test_std": 0.02163794095110995}
{"alpha": 0.8, "train_mean": 0.6281374900079937, "train_median": 0.6290967226219025, "train_std": 0.0034437504761851145, "test_mean": 0.6113989637305699, "test_median": 0.6010362694300518, "test_std": 0.015016970721439832}
{"alpha": 0.9, "train_mean": 0.6097521982414069, "train_median": 0.6107114308553158, "train_std": 0.0012789768185451854, "test_mean": 0.5917098445595854, "test_median": 0.5958549222797928, "test_std": 0.020828757763981128}
{"alpha": 0.9, "train_mean": 0.6083133493205436, "train_median": 0.6083133493205436, "train_std": 0.0036805321928765123, "test_mean": 0.5772020725388601, "test_median": 0.5906735751295337, "test_std": 0.03492704569192272}
{"alpha": 0.5, "train_mean": 0.6370903277378097, "train_median": 0.6402877697841727, "train_std": 0.005229553072356859, "test_mean": 0.6041450777202072, "test_median": 0.6062176165803109, "test_std": 0.020359463942371495}
{"alpha": 0.9, "train_mean": 0.6068745003996803, "train_median": 0.6075139888089528, "train_std": 0.0031733706221070057, "test_mean": 0.566839378238342, "test_median": 0.5647668393782384, "test_std": 0.01982500152301449}