{"alpha": 0.9, "train_mean": 0.6658008658008658, "train_median": 0.664069264069264, "train_std": 0.006023386019368355, "test_mean": 0.6546712802768165, "test_median": 0.657439446366782, "test_std": 0.02022372207086844}
{"alpha": 0.9, "train_mean": 0.6659740259740259, "train_median": 0.6658008658008658, "train_std": 0.0066930382995974555, "test_mean": 0.6629757785467127, "test_median": 0.6608996539792388, "test_std": 0.00918096827780039}

{"alpha": 0.5, "train_mean": 0.6801731601731602, "train_median": 0.6779220779220779, "train_std": 0.0036976894379329097, "test_mean": 0.6588235294117647, "test_median": 0.6608996539792388, "test_std": 0.008361969531899367}
{"alpha": 0.8, "train_mean": 0.6831168831168831, "train_median": 0.6813852813852814, "train_std": 0.00953167719101152, "test_mean": 0.6387543252595156, "test_median": 0.643598615916955, "test_std": 0.02128519930689233}
{"alpha": 0.6, "train_mean": 0.6813852813852814, "train_median": 0.6831168831168831, "train_std": 0.0037937493160531, "test_mean": 0.6435986159169549, "test_median": 0.6470588235294118, "test_std": 0.016809630175074187}
{"alpha": 0.2, "train_mean": 0.6813852813852814, "train_median": 0.6831168831168831, "train_std": 0.0030975833454542382, "test_mean": 0.6608996539792388, "test_median": 0.6643598615916955, "test_std": 0.010721061165972073}
{"alpha": 0.9, "train_mean": 0.6677056277056277, "train_median": 0.6658008658008658, "train_std": 0.005206336408094523, "test_mean": 0.6560553633217993, "test_median": 0.6505190311418685, "test_std": 0.01812567592208829}
{"alpha": 0.2, "train_mean": 0.6891774891774891, "train_median": 0.6943722943722944, "train_std": 0.00882947101920829, "test_mean": 0.6581314878892733, "test_median": 0.6539792387543253, "test_std": 0.021262687191331772}
{"alpha": 0.4, "train_mean": 0.6815584415584416, "train_median": 0.6787878787878788, "train_std": 0.0054593533404101845, "test_mean": 0.6636678200692041, "test_median": 0.657439446366782, "test_std": 0.025085908595698068}
{"alpha": 0.2, "train_mean": 0.6857142857142857, "train_median": 0.6822510822510822, "train_std": 0.012133574400938442, "test_mean": 0.6664359861591695, "test_median": 0.657439446366782, "test_std": 0.03831935833884328}