{"alpha": 0.9, "train_mean": 0.8281374900079935, "train_median": 0.8217426059152678, "train_std": 0.01771625282455004, "test_mean": 0.8134715025906736, "test_median": 0.8186528497409327, "test_std": 0.030565556898969157}
{"alpha": 0.8, "train_mean": 0.844124700239808, "train_median": 0.8377298161470823, "train_std": 0.011867206113442465, "test_mean": 0.8238341968911916, "test_median": 0.8290155440414507, "test_std": 0.01670934248352032}

{"alpha": 0.9, "train_mean": 0.8316546762589928, "train_median": 0.8201438848920863, "train_std": 0.01562826463290157, "test_mean": 0.8176165803108809, "test_median": 0.8134715025906736, "test_std": 0.017463522845961386}
{"alpha": 0.4, "train_mean": 0.8482813749000799, "train_median": 0.8505195843325339, "train_std": 0.003406438969250595, "test_mean": 0.8259067357512953, "test_median": 0.8186528497409327, "test_std": 0.015578545469816496}
{"alpha": 0.9, "train_mean": 0.8036770583533175, "train_median": 0.8185451638689049, "train_std": 0.0857883294503408, "test_mean": 0.7792746113989638, "test_median": 0.8134715025906736, "test_std": 0.10910888653442379}
{"alpha": 0.5, "train_mean": 0.8639488409272582, "train_median": 0.8513189448441247, "train_std": 0.025730966636266287, "test_mean": 0.8341968911917099, "test_median": 0.8238341968911918, "test_std": 0.032769716685682695}
{"alpha": 0.6, "train_mean": 0.8596322941646684, "train_median": 0.841726618705036, "train_std": 0.03073788033773124, "test_mean": 0.8455958549222797, "test_median": 0.8290155440414507, "test_std": 0.03427530654619943}
{"alpha": 0.6, "train_mean": 0.820783373301359, "train_median": 0.8409272581934453, "train_std": 0.041094905440559534, "test_mean": 0.8113989637305699, "test_median": 0.8186528497409327, "test_std": 0.039269005847660965}
{"alpha": 0.5, "train_mean": 0.8420463629096723, "train_median": 0.841726618705036, "train_std": 0.0036666170875075143, "test_mean": 0.8352331606217616, "test_median": 0.8341968911917098, "test_std": 0.00891432670159858}
{"alpha": 0.8, "train_mean": 0.8361310951239009, "train_median": 0.8361310951239008, "train_std": 0.00631444209692454, "test_mean": 0.8362694300518134, "test_median": 0.8341968911917098, "test_std": 0.01782865340319714}
{"alpha": 0.6, "train_mean": 0.8439648281374901, "train_median": 0.8425259792166268, "train_std": 0.007030738106249749, "test_mean": 0.8290155440414507, "test_median": 0.8290155440414507, "test_std": 0.024302672330691322}