{"alpha": 0.9, "train_mean": 0.6585131894484413, "train_median": 0.6586730615507594, "train_std": 0.0007832101495709598, "test_mean": 0.6569948186528498, "test_median": 0.6528497409326425, "test_std": 0.006042437196730903}
{"alpha": 0.9, "train_mean": 0.6540367705835333, "train_median": 0.653876898481215, "train_std": 0.005065700884973568, "test_mean": 0.6497409326424871, "test_median": 0.6476683937823834, "test_std": 0.02113583218069548}

{"alpha": 0.9, "train_mean": 0.6525979216626699, "train_median": 0.6514788169464428, "train_std": 0.004594758709256582, "test_mean": 0.6538860103626943, "test_median": 0.6528497409326425, "test_std": 0.015851874135521585}
{"alpha": 0.8, "train_mean": 0.6751398880895284, "train_median": 0.6754596322941646, "train_std": 0.00566588174154096, "test_mean": 0.6683937823834196, "test_median": 0.6632124352331606, "test_std": 0.018245406074258053}
{"alpha": 0.9, "train_mean": 0.6514788169464428, "train_median": 0.6506794564348521, "train_std": 0.005004788438848471, "test_mean": 0.6569948186528498, "test_median": 0.6528497409326425, "test_std": 0.015509460670565531}
{"alpha": 0.9, "train_mean": 0.6628297362110313, "train_median": 0.6586730615507594, "train_std": 0.01377500190474054, "test_mean": 0.666321243523316, "test_median": 0.6580310880829016, "test_std": 0.02714155617348972}
{"alpha": 0.9, "train_mean": 0.6626698641087131, "train_median": 0.6578737010391686, "train_std": 0.011450682384952827, "test_mean": 0.6538860103626943, "test_median": 0.6580310880829016, "test_std": 0.02845498490724559}
{"alpha": 0.9, "train_mean": 0.6546762589928058, "train_median": 0.653876898481215, "train_std": 0.0031974420463628914, "test_mean": 0.6569948186528498, "test_median": 0.6632124352331606, "test_std": 0.012859765436259938}
{"alpha": 0.9, "train_mean": 0.6575539568345323, "train_median": 0.6578737010391686, "train_std": 0.0027505436505332243, "test_mean": 0.6601036269430052, "test_median": 0.6580310880829016, "test_std": 0.017828653403197135}
{"alpha": 0.9, "train_mean": 0.6525979216626698, "train_median": 0.6554756195043965, "train_std": 0.03329641195061822, "test_mean": 0.6435233160621763, "test_median": 0.6476683937823834, "test_std": 0.024390885587440018}