{"alpha": 0.2, "train_mean": 0.7712230215827338, "train_median": 0.7266187050359713, "train_std": 0.10891667576714177, "test_mean": 0.7108808290155441, "test_median": 0.7046632124352331, "test_std": 0.012859765436259973}
{"alpha": 0.8, "train_mean": 0.7155875299760193, "train_median": 0.7146282973621103, "train_std": 0.003480662039500725, "test_mean": 0.6922279792746113, "test_median": 0.6994818652849741, "test_std": 0.01871033169457801}

{"alpha": 0.8, "train_mean": 0.716546762589928, "train_median": 0.7162270183852918, "train_std": 0.03939022801256358, "test_mean": 0.705699481865285, "test_median": 0.6994818652849741, "test_std": 0.029565476927848916}
{"alpha": 0.9, "train_mean": 0.6813749000799361, "train_median": 0.6906474820143885, "train_std": 0.023148906282213565, "test_mean": 0.6870466321243522, "test_median": 0.6839378238341969, "test_std": 0.013351397644274728}
{"alpha": 0.8, "train_mean": 0.7045563549160672, "train_median": 0.715427657873701, "train_std": 0.023834351560892808, "test_mean": 0.6984455958549224, "test_median": 0.694300518134715, "test_std": 0.034118295612755076}
{"alpha": 0.9, "train_mean": 0.6984812150279776, "train_median": 0.6906474820143885, "train_std": 0.016937391063979585, "test_mean": 0.6974093264248704, "test_median": 0.694300518134715, "test_std": 0.01252129116434671}
{"alpha": 0.6, "train_mean": 0.7099920063948841, "train_median": 0.7194244604316546, "train_std": 0.020902322097531775, "test_mean": 0.6911917098445597, "test_median": 0.694300518134715, "test_std": 0.020094009771673898}
{"alpha": 0.5, "train_mean": 0.7237410071942445, "train_median": 0.7250199840127898, "train_std": 0.005045478445422706, "test_mean": 0.7056994818652849, "test_median": 0.7046632124352331, "test_std": 0.02416974878692353}
{"alpha": 0.8, "train_mean": 0.6964028776978417, "train_median": 0.6578737010391686, "train_std": 0.08112843687881868, "test_mean": 0.6922279792746114, "test_median": 0.6683937823834197, "test_std": 0.05867518203893084}
{"alpha": 0.4, "train_mean": 0.7155875299760192, "train_median": 0.7258193445243805, "train_std": 0.01986149493778325, "test_mean": 0.694300518134715, "test_median": 0.689119170984456, "test_std": 0.023856713851235934}