{"alpha": 0.9, "train_mean": 0.6296103896103895, "train_median": 0.6337662337662338, "train_std": 0.017379968488484273, "test_mean": 0.62560553633218, "test_median": 0.629757785467128, "test_std": 0.01900280998995985}
{"alpha": 0.9, "train_mean": 0.6396536796536797, "train_median": 0.6502164502164502, "train_std": 0.02170657913327394, "test_mean": 0.6290657439446367, "test_median": 0.6228373702422145, "test_std": 0.023098019748482558}

{"alpha": 0.9, "train_mean": 0.6330735930735931, "train_median": 0.6406926406926406, "train_std": 0.019262074900412138, "test_mean": 0.6262975778546712, "test_median": 0.643598615916955, "test_std": 0.0292791637388321}
{"alpha": 0.9, "train_mean": 0.6304761904761904, "train_median": 0.638095238095238, "train_std": 0.018860950724419165, "test_mean": 0.6304498269896194, "test_median": 0.6366782006920415, "test_std": 0.016580136402368106}
{"alpha": 0.4, "train_mean": 0.6491774891774892, "train_median": 0.6329004329004329, "train_std": 0.022103541709396355, "test_mean": 0.6422145328719723, "test_median": 0.6366782006920415, "test_std": 0.014283576083425821}
{"alpha": 0.9, "train_mean": 0.6327272727272727, "train_median": 0.645021645021645, "train_std": 0.02065184625575837, "test_mean": 0.6200692041522491, "test_median": 0.6262975778546713, "test_std": 0.030591053432941655}
{"alpha": 0.9, "train_mean": 0.6375757575757575, "train_median": 0.6329004329004329, "train_std": 0.01227606709940508, "test_mean": 0.62560553633218, "test_median": 0.6401384083044983, "test_std": 0.0239130139005827}
{"alpha": 0.4, "train_mean": 0.6630303030303031, "train_median": 0.6666666666666666, "train_std": 0.028581396660731177, "test_mean": 0.6519031141868512, "test_median": 0.6470588235294118, "test_std": 0.021730544592536434}
{"alpha": 0.9, "train_mean": 0.6387878787878788, "train_median": 0.6432900432900432, "train_std": 0.015423896756116618, "test_mean": 0.6249134948096886, "test_median": 0.6262975778546713, "test_std": 0.01249513500710574}
{"alpha": 0.9, "train_mean": 0.6152380952380953, "train_median": 0.5965367965367966, "train_std": 0.022963154395117195, "test_mean": 0.6152249134948098, "test_median": 0.5986159169550173, "test_std": 0.020807330627505793}