{"alpha": 0.6, "train_mean": 0.8488311688311688, "train_median": 0.8510822510822511, "train_std": 0.004729523907791423, "test_mean": 0.8283737024221454, "test_median": 0.8200692041522492, "test_std": 0.018388000353752848}
{"alpha": 0.9, "train_mean": 0.8297835497835496, "train_median": 0.8346320346320346, "train_std": 0.010427060929748624, "test_mean": 0.820069204152249, "test_median": 0.8166089965397924, "test_std": 0.02029464124375806}

{"alpha": 0.9, "train_mean": 0.8242424242424242, "train_median": 0.8242424242424242, "train_std": 0.002845311987039818, "test_mean": 0.8124567474048444, "test_median": 0.8200692041522492, "test_std": 0.013561188887380926}
{"alpha": 0.9, "train_mean": 0.8313419913419914, "train_median": 0.8346320346320346, "train_std": 0.007904908890398821, "test_mean": 0.8131487889273357, "test_median": 0.8131487889273357, "test_std": 0.024072701911316375}
{"alpha": 0.8, "train_mean": 0.8500432900432899, "train_median": 0.8502164502164502, "train_std": 0.004594458584042088, "test_mean": 0.8256055363321799, "test_median": 0.8200692041522492, "test_std": 0.017589294155209472}
{"alpha": 0.5, "train_mean": 0.8490043290043289, "train_median": 0.8502164502164502, "train_std": 0.004008947845122165, "test_mean": 0.8422145328719722, "test_median": 0.8373702422145328, "test_std": 0.01602191958863701}
{"alpha": 0.2, "train_mean": 0.8431168831168832, "train_median": 0.8476190476190476, "train_std": 0.007961602723859823, "test_mean": 0.8387543252595154, "test_median": 0.8304498269896193, "test_std": 0.03573240316519192}
{"alpha": 0.9, "train_mean": 0.8244155844155845, "train_median": 0.825974025974026, "train_std": 0.008647612806361034, "test_mean": 0.8186851211072664, "test_median": 0.8131487889273357, "test_std": 0.018388000353752827}
{"alpha": 0.9, "train_mean": 0.8228571428571427, "train_median": 0.8216450216450216, "train_std": 0.005758714856559596, "test_mean": 0.8131487889273357, "test_median": 0.8131487889273357, "test_std": 0.011371402577961924}
{"alpha": 0.9, "train_mean": 0.8278787878787879, "train_median": 0.8277056277056277, "train_std": 0.004786242410765438, "test_mean": 0.8207612456747405, "test_median": 0.8166089965397924, "test_std": 0.013383446093988732}