{"alpha": 0.9, "train_mean": 0.5943033102386451, "train_median": 0.596612779060816, "train_std": 0.0038950302203767735, "test_mean": 0.5862068965517241, "test_median": 0.6, "test_std": 0.021368183979075403}
{"alpha": 0.9, "train_mean": 0.5979984603541186, "train_median": 0.596612779060816, "train_std": 0.0024050037493169277, "test_mean": 0.5931034482758621, "test_median": 0.6, "test_std": 0.008723524579774822}

{"alpha": 0.9, "train_mean": 0.5967667436489608, "train_median": 0.596612779060816, "train_std": 0.0003079291762894787, "test_mean": 0.6013793103448275, "test_median": 0.6, "test_std": 0.002758620689655178}
{"alpha": 0.9, "train_mean": 0.5963048498845266, "train_median": 0.5981524249422633, "train_std": 0.004634308527572708, "test_mean": 0.5958620689655172, "test_median": 0.6, "test_std": 0.015482720221133539}
{"alpha": 0.9, "train_mean": 0.5932255581216321, "train_median": 0.596612779060816, "train_std": 0.006470177487128758, "test_mean": 0.5862068965517242, "test_median": 0.6, "test_std": 0.03264044018261859}
{"alpha": 0.9, "train_mean": 0.5950731331793688, "train_median": 0.5943033102386451, "train_std": 0.0012881601640247504, "test_mean": 0.5986206896551725, "test_median": 0.6, "test_std": 0.018194353045893678}
{"alpha": 0.9, "train_mean": 0.5904541955350269, "train_median": 0.596612779060816, "train_std": 0.008977601069815707, "test_mean": 0.5862068965517241, "test_median": 0.6, "test_std": 0.021368183979075403}
{"alpha": 0.9, "train_mean": 0.5904541955350269, "train_median": 0.5896843725943033, "train_std": 0.004272343933952768, "test_mean": 0.5917241379310345, "test_median": 0.6, "test_std": 0.016551724137931014}
{"alpha": 0.9, "train_mean": 0.5889145496535797, "train_median": 0.596612779060816, "train_std": 0.009478518227326501, "test_mean": 0.5986206896551723, "test_median": 0.6, "test_std": 0.0067572130835398155}
{"alpha": 0.9, "train_mean": 0.5952270977675135, "train_median": 0.5958429561200924, "train_std": 0.0017144770940200013, "test_mean": 0.5917241379310345, "test_median": 0.6, "test_std": 0.011034482758620671}