{"alpha": 0.9, "train_mean": 0.5983063895304079, "train_median": 0.596612779060816, "train_std": 0.0020884772850270354, "test_mean": 0.5889655172413792, "test_median": 0.6, "test_std": 0.014200869159982046}
{"alpha": 0.8, "train_mean": 0.619091608929946, "train_median": 0.6181678214010777, "train_std": 0.002355205318056715, "test_mean": 0.5917241379310345, "test_median": 0.593103448275862, "test_std": 0.021099391090728756}

{"alpha": 0.9, "train_mean": 0.5989222478829869, "train_median": 0.5989222478829869, "train_std": 0.001460636332641275, "test_mean": 0.5931034482758621, "test_median": 0.6, "test_std": 0.008723524579774822}
{"alpha": 0.9, "train_mean": 0.6003079291762894, "train_median": 0.6004618937644342, "train_std": 0.00203093240312133, "test_mean": 0.5834482758620689, "test_median": 0.5862068965517241, "test_std": 0.01120557021329096}
{"alpha": 0.9, "train_mean": 0.596612779060816, "train_median": 0.596612779060816, "train_std": 0.0, "test_mean": 0.6, "test_median": 0.6, "test_std": 0.0}
{"alpha": 0.9, "train_mean": 0.5986143187066975, "train_median": 0.5996920708237106, "train_std": 0.0016582493632438854, "test_mean": 0.5944827586206897, "test_median": 0.593103448275862, "test_std": 0.005160906740377861}
{"alpha": 0.9, "train_mean": 0.5992301770592764, "train_median": 0.5989222478829869, "train_std": 0.0031023004895473385, "test_mean": 0.5903448275862069, "test_median": 0.6, "test_std": 0.0193103448275862}
{"alpha": 0.9, "train_mean": 0.5983063895304079, "train_median": 0.5989222478829869, "train_std": 0.0014111087590318306, "test_mean": 0.5972413793103448, "test_median": 0.6, "test_std": 0.0033786065417699077}
{"alpha": 0.9, "train_mean": 0.5987682832948422, "train_median": 0.5996920708237106, "train_std": 0.001492742065409177, "test_mean": 0.5917241379310345, "test_median": 0.593103448275862, "test_std": 0.018194353045893678}
{"alpha": 0.9, "train_mean": 0.5978444957659738, "train_median": 0.596612779060816, "train_std": 0.001585162454347488, "test_mean": 0.5958620689655173, "test_median": 0.6, "test_std": 0.008275862068965488}