{"alpha": 0.8, "train_mean": 0.6999200639488409, "train_median": 0.6794564348521183, "train_std": 0.043781610821386735, "test_mean": 0.6984455958549224, "test_median": 0.6632124352331606, "test_std": 0.06433222049810886}
{"alpha": 0.4, "train_mean": 0.6927258193445244, "train_median": 0.6946442845723422, "train_std": 0.004125815475799839, "test_mean": 0.6829015544041451, "test_median": 0.6683937823834197, "test_std": 0.024827250882302466}

{"alpha": 0.9, "train_mean": 0.6650679456434851, "train_median": 0.6594724220623501, "train_std": 0.013640753961759566, "test_mean": 0.6528497409326425, "test_median": 0.6476683937823834, "test_std": 0.009268675554403307}
{"alpha": 0.9, "train_mean": 0.6557953637090328, "train_median": 0.6578737010391686, "train_std": 0.003338227500850683, "test_mean": 0.6715025906735751, "test_median": 0.6580310880829016, "test_std": 0.02163794095110994}
{"alpha": 0.9, "train_mean": 0.6842525979216626, "train_median": 0.6578737010391686, "train_std": 0.05438237030249274, "test_mean": 0.6860103626943006, "test_median": 0.6580310880829016, "test_std": 0.0468732969032068}
{"alpha": 0.9, "train_mean": 0.6788169464428457, "train_median": 0.6578737010391686, "train_std": 0.04109179555918107, "test_mean": 0.6797927461139897, "test_median": 0.6580310880829016, "test_std": 0.04886974558570609}
{"alpha": 0.9, "train_mean": 0.668265387689848, "train_median": 0.657074340527578, "train_std": 0.050901128298190414, "test_mean": 0.6839378238341969, "test_median": 0.6632124352331606, "test_std": 0.04132104049197282}
{"alpha": 0.9, "train_mean": 0.6789768185451639, "train_median": 0.657074340527578, "train_std": 0.04421728259136698, "test_mean": 0.677720207253886, "test_median": 0.6683937823834197, "test_std": 0.027299357248330564}
{"alpha": 0.9, "train_mean": 0.6569144684252598, "train_median": 0.657074340527578, "train_std": 0.0005981866325777844, "test_mean": 0.6642487046632125, "test_median": 0.6632124352331606, "test_std": 0.0038773651676414036}
{"alpha": 0.9, "train_mean": 0.6586730615507594, "train_median": 0.6602717825739408, "train_std": 0.0029042209631630557, "test_mean": 0.6507772020725389, "test_median": 0.6424870466321243, "test_std": 0.014873264346536078}
{"alpha": 0.9, "train_mean": 0.6896882494004796, "train_median": 0.657074340527578, "train_std": 0.04378394590290105, "test_mean": 0.700518134715026, "test_median": 0.6787564766839378, "test_std": 0.03978518926518644}