{"alpha": 0.4, "train_mean": 0.6634334103156274, "train_median": 0.6651270207852193, "train_std": 0.03360310204091688, "test_mean": 0.6537931034482758, "test_median": 0.6275862068965518, "test_std": 0.03762257019858166}
{"alpha": 0.8, "train_mean": 0.672671285604311, "train_median": 0.6674364896073903, "train_std": 0.04425618284396412, "test_mean": 0.623448275862069, "test_median": 0.6137931034482759, "test_std": 0.04460954932081717}

{"alpha": 0.8, "train_mean": 0.6441878367975364, "train_median": 0.634334103156274, "train_std": 0.03740864262388613, "test_mean": 0.6193103448275863, "test_median": 0.6137931034482759, "test_std": 0.05970996088803686}
{"alpha": 0.9, "train_mean": 0.6662047729022325, "train_median": 0.6374133949191686, "train_std": 0.03618855682898499, "test_mean": 0.6248275862068966, "test_median": 0.6137931034482759, "test_std": 0.04460954932081716}
{"alpha": 0.8, "train_mean": 0.6577367205542725, "train_median": 0.6158583525789069, "train_std": 0.05131111005344194, "test_mean": 0.6496551724137931, "test_median": 0.6137931034482759, "test_std": 0.04582964889885834}
{"alpha": 0.4, "train_mean": 0.6304849884526559, "train_median": 0.6304849884526559, "train_std": 0.0, "test_mean": 0.6275862068965518, "test_median": 0.6275862068965518, "test_std": 0.0}
{"alpha": 0.4, "train_mean": 0.6304849884526559, "train_median": 0.6304849884526559, "train_std": 0.0, "test_mean": 0.6275862068965518, "test_median": 0.6275862068965518, "test_std": 0.0}
{"alpha": 0.8, "train_mean": 0.6518860662047729, "train_median": 0.6158583525789069, "train_std": 0.04472505657980676, "test_mean": 0.6496551724137931, "test_median": 0.6137931034482759, "test_std": 0.04726025296279121}
{"alpha": 0.5, "train_mean": 0.6532717474980755, "train_median": 0.6274056966897613, "train_std": 0.036686243195517, "test_mean": 0.6565517241379311, "test_median": 0.6275862068965518, "test_std": 0.04541262795352918}
{"alpha": 0.4, "train_mean": 0.6683602771362586, "train_median": 0.6304849884526559, "train_std": 0.04641055588759527, "test_mean": 0.6606896551724138, "test_median": 0.6275862068965518, "test_std": 0.04077722896301923}