{"alpha": 0.9, "train_mean": 0.5992301770592763, "train_median": 0.5989222478829869, "train_std": 0.0017955202139631607, "test_mean": 0.593103448275862, "test_median": 0.6, "test_std": 0.011540138297021703}
{"alpha": 0.9, "train_mean": 0.5992301770592764, "train_median": 0.5989222478829869, "train_std": 0.0017282482155999762, "test_mean": 0.5931034482758621, "test_median": 0.6, "test_std": 0.01068409198953768}

{"alpha": 0.9, "train_mean": 0.5975365665896843, "train_median": 0.596612779060816, "train_std": 0.001492742065409177, "test_mean": 0.5944827586206897, "test_median": 0.6, "test_std": 0.0067572130835398155}
{"alpha": 0.9, "train_mean": 0.5975365665896843, "train_median": 0.5973826020015397, "train_std": 0.0008977601069815604, "test_mean": 0.5944827586206898, "test_median": 0.6, "test_std": 0.01013581962530969}
{"alpha": 0.9, "train_mean": 0.5975365665896843, "train_median": 0.596612779060816, "train_std": 0.001231716705157826, "test_mean": 0.5986206896551723, "test_median": 0.6, "test_std": 0.0067572130835398155}
{"alpha": 0.9, "train_mean": 0.5998460354118553, "train_median": 0.5996920708237106, "train_std": 0.002937457125225406, "test_mean": 0.5737931034482758, "test_median": 0.5724137931034483, "test_std": 0.02558239584964333}
{"alpha": 0.9, "train_mean": 0.5992301770592763, "train_median": 0.5989222478829869, "train_std": 0.002463433410315653, "test_mean": 0.5862068965517242, "test_median": 0.6, "test_std": 0.019012481037365813}
{"alpha": 0.9, "train_mean": 0.5992301770592763, "train_median": 0.6004618937644342, "train_std": 0.0022098075588001995, "test_mean": 0.5889655172413794, "test_median": 0.5862068965517241, "test_std": 0.010321813480755686}
{"alpha": 0.9, "train_mean": 0.5986143187066976, "train_median": 0.596612779060816, "train_std": 0.002557851843854698, "test_mean": 0.5903448275862069, "test_median": 0.6, "test_std": 0.01351442616707959}
{"alpha": 0.9, "train_mean": 0.5978444957659738, "train_median": 0.596612779060816, "train_std": 0.001585162454347488, "test_mean": 0.5958620689655173, "test_median": 0.6, "test_std": 0.005517241379310356}