{"alpha": 0.9, "train_mean": 0.6540415704387991, "train_median": 0.596612779060816, "train_std": 0.0977761205621343, "test_mean": 0.6551724137931034, "test_median": 0.6, "test_std": 0.08287348350786097}
{"alpha": 0.9, "train_mean": 0.6561970746728253, "train_median": 0.596612779060816, "train_std": 0.09708025861213126, "test_mean": 0.6358620689655173, "test_median": 0.6, "test_std": 0.09379310344827586}
{"alpha": 0.2, "train_mean": 0.6933025404157045, "train_median": 0.6597382602001539, "train_std": 0.07101189979068467, "test_mean": 0.6993103448275861, "test_median": 0.6758620689655173, "test_std": 0.07041240837572536}

{"alpha": 0.9, "train_mean": 0.6138568129330253, "train_median": 0.596612779060816, "train_std": 0.02125938216128354, "test_mean": 0.6, "test_median": 0.6, "test_std": 0.021808811449437106}
{"alpha": 0.5, "train_mean": 0.8063125481139337, "train_median": 0.844495765973826, "train_std": 0.07605071441417724, "test_mean": 0.7820689655172414, "test_median": 0.7862068965517242, "test_std": 0.055447589633770424}
{"alpha": 0.9, "train_mean": 0.7046959199384142, "train_median": 0.642802155504234, "train_std": 0.11476363832084298, "test_mean": 0.6896551724137931, "test_median": 0.6, "test_std": 0.12166111487558591}
{"alpha": 0.6, "train_mean": 0.6913010007698229, "train_median": 0.6535796766743649, "train_std": 0.07660415210259507, "test_mean": 0.696551724137931, "test_median": 0.6620689655172414, "test_std": 0.07272511076669831}
{"alpha": 0.9, "train_mean": 0.7043879907621247, "train_median": 0.6312548113933796, "train_std": 0.11853773537201778, "test_mean": 0.7186206896551725, "test_median": 0.6758620689655173, "test_std": 0.11812245001934699}
{"alpha": 0.9, "train_mean": 0.6723633564280217, "train_median": 0.6389530408006159, "train_std": 0.08843600497458072, "test_mean": 0.6413793103448275, "test_median": 0.6068965517241379, "test_std": 0.08355934472199147}
{"alpha": 0.5, "train_mean": 0.7344110854503464, "train_median": 0.6666666666666666, "train_std": 0.08998963467982178, "test_mean": 0.7144827586206896, "test_median": 0.6689655172413793, "test_std": 0.11870085502869054}
{"alpha": 0.9, "train_mean": 0.6605080831408776, "train_median": 0.6320246343341032, "train_std": 0.09199045928698985, "test_mean": 0.6648275862068965, "test_median": 0.6068965517241379, "test_std": 0.09532222092784}
{"alpha": 0.2, "train_mean": 0.69576597382602, "train_median": 0.6628175519630485, "train_std": 0.07255539355800858, "test_mean": 0.6772413793103448, "test_median": 0.6482758620689655, "test_std": 0.06562966760480177}
{"alpha": 0.5, "train_mean": 0.6939183987682833, "train_median": 0.657428791377983, "train_std": 0.07568984340607922, "test_mean": 0.703448275862069, "test_median": 0.6896551724137931, "test_std": 0.07592473900426419}