{"alpha": 0.9, "train_mean": 0.6411085450346421, "train_median": 0.6150885296381832, "train_std": 0.03729122762839376, "test_mean": 0.6344827586206897, "test_median": 0.6275862068965518, "test_std": 0.03053233602921195}
{"alpha": 0.8, "train_mean": 0.6394149345650499, "train_median": 0.6158583525789069, "train_std": 0.028860044991802884, "test_mean": 0.6289655172413793, "test_median": 0.6137931034482759, "test_std": 0.054895858598985915}
{"alpha": 0.8, "train_mean": 0.629253271747498, "train_median": 0.6166281755196305, "train_std": 0.024890888841214733, "test_mean": 0.5986206896551725, "test_median": 0.6137931034482759, "test_std": 0.03911019828622848}

{"alpha": 0.8, "train_mean": 0.6286374133949192, "train_median": 0.6158583525789069, "train_std": 0.02441977384807615, "test_mean": 0.6124137931034482, "test_median": 0.6137931034482759, "test_std": 0.037113445647099896}
{"alpha": 0.6, "train_mean": 0.6623556581986143, "train_median": 0.6859122401847575, "train_std": 0.031074921167773002, "test_mean": 0.6510344827586207, "test_median": 0.6482758620689655, "test_std": 0.022068965517241378}
{"alpha": 0.8, "train_mean": 0.6538876058506544, "train_median": 0.6759045419553503, "train_std": 0.031105419674640544, "test_mean": 0.6565517241379311, "test_median": 0.6413793103448275, "test_std": 0.04499174187668992}
{"alpha": 0.2, "train_mean": 0.660354118552733, "train_median": 0.636643571978445, "train_std": 0.02904345157210551, "test_mean": 0.6496551724137931, "test_median": 0.6344827586206897, "test_std": 0.02702885233415918}
{"alpha": 0.9, "train_mean": 0.6218629715165512, "train_median": 0.6127790608160123, "train_std": 0.017550612429971326, "test_mean": 0.6220689655172413, "test_median": 0.6137931034482759, "test_std": 0.027378528608660996}
{"alpha": 0.8, "train_mean": 0.6945342571208621, "train_median": 0.6789838337182448, "train_std": 0.05963897370461711, "test_mean": 0.6896551724137929, "test_median": 0.6551724137931034, "test_std": 0.07376409355652931}
{"alpha": 0.5, "train_mean": 0.6515781370284834, "train_median": 0.6274056966897613, "train_std": 0.029630083973788874, "test_mean": 0.6537931034482759, "test_median": 0.6275862068965518, "test_std": 0.033898498558467584}
{"alpha": 0.2, "train_mean": 0.6595842956120093, "train_median": 0.636643571978445, "train_std": 0.02818182894816948, "test_mean": 0.6579310344827586, "test_median": 0.6344827586206897, "test_std": 0.028800845541822183}
{"alpha": 0.9, "train_mean": 0.643879907621247, "train_median": 0.6173979984603541, "train_std": 0.03579999488784372, "test_mean": 0.6372413793103447, "test_median": 0.6206896551724138, "test_std": 0.04829556248279062}
{"alpha": 0.6, "train_mean": 0.6717474980754427, "train_median": 0.6243264049268669, "train_std": 0.06834640504513666, "test_mean": 0.6648275862068966, "test_median": 0.6275862068965518, "test_std": 0.05153528742695005}