{"alpha": 0.6, "train_mean": 0.8463629096722622, "train_median": 0.8457234212629896, "train_std": 0.00523931881956003, "test_mean": 0.8176165803108809, "test_median": 0.8186528497409327, "test_std": 0.014433562981537916}
{"alpha": 0.5, "train_mean": 0.8478017585931255, "train_median": 0.8473221422861711, "train_std": 0.003666617087507494, "test_mean": 0.8217616580310881, "test_median": 0.8238341968911918, "test_std": 0.0077547303352827725}

{"alpha": 0.8, "train_mean": 0.8425259792166268, "train_median": 0.8393285371702638, "train_std": 0.007378404961927615, "test_mean": 0.8176165803108809, "test_median": 0.8186528497409327, "test_std": 0.00891432670159858}
{"alpha": 0.4, "train_mean": 0.8533972821742605, "train_median": 0.8449240607513989, "train_std": 0.03575063369390501, "test_mean": 0.8424870466321244, "test_median": 0.8290155440414507, "test_std": 0.043793878982622665}
{"alpha": 0.5, "train_mean": 0.839488409272582, "train_median": 0.8401278976818545, "train_std": 0.001550017540340949, "test_mean": 0.8404145077720206, "test_median": 0.8341968911917098, "test_std": 0.013669332599246556}
{"alpha": 0.2, "train_mean": 0.8439648281374901, "train_median": 0.8425259792166268, "train_std": 0.002832940870770458, "test_mean": 0.8290155440414508, "test_median": 0.8290155440414507, "test_std": 0.013511300321663526}
{"alpha": 0.4, "train_mean": 0.8418864908073541, "train_median": 0.841726618705036, "train_std": 0.0017069669467675872, "test_mean": 0.8321243523316062, "test_median": 0.8290155440414507, "test_std": 0.030670774273468895}
{"alpha": 0.9, "train_mean": 0.8535571542765787, "train_median": 0.8561151079136691, "train_std": 0.017654108090776215, "test_mean": 0.8300518134715027, "test_median": 0.8082901554404145, "test_std": 0.0565123241634652}
{"alpha": 0.4, "train_mean": 0.8449240607513989, "train_median": 0.8465227817745803, "train_std": 0.006649603307141632, "test_mean": 0.8414507772020725, "test_median": 0.8341968911917098, "test_std": 0.031703748271043226}
{"alpha": 0.6, "train_mean": 0.8417266187050358, "train_median": 0.841726618705036, "train_std": 0.007549620433648358, "test_mean": 0.8176165803108807, "test_median": 0.8134715025906736, "test_std": 0.014800887934803837}
{"alpha": 0.8, "train_mean": 0.8412470023980815, "train_median": 0.8433253397282174, "train_std": 0.005219769054297193, "test_mean": 0.8259067357512955, "test_median": 0.8186528497409327, "test_std": 0.01658031088082902}