{"alpha": 0.9, "train_mean": 0.687099567099567, "train_median": 0.6848484848484848, "train_std": 0.005183248327998519, "test_mean": 0.6837370242214533, "test_median": 0.6816608996539792, "test_std": 0.011072664359861597}
{"alpha": 0.9, "train_mean": 0.6834632034632036, "train_median": 0.6865800865800866, "train_std": 0.006209669637070507, "test_mean": 0.6761245674740485, "test_median": 0.671280276816609, "test_std": 0.03130292838172633}

{"alpha": 0.4, "train_mean": 0.7198268398268398, "train_median": 0.7203463203463204, "train_std": 0.003777908957449615, "test_mean": 0.6982698961937717, "test_median": 0.6885813148788927, "test_std": 0.01796644288684731}
{"alpha": 0.9, "train_mean": 0.686060606060606, "train_median": 0.6874458874458874, "train_std": 0.00596335077323724, "test_mean": 0.6788927335640138, "test_median": 0.6747404844290658, "test_std": 0.025464871270552383}
{"alpha": 0.9, "train_mean": 0.6858874458874458, "train_median": 0.6865800865800866, "train_std": 0.0026488413057624838, "test_mean": 0.6788927335640137, "test_median": 0.6747404844290658, "test_std": 0.010123694697804695}
{"alpha": 0.9, "train_mean": 0.685887445887446, "train_median": 0.6865800865800866, "train_std": 0.005568116083398622, "test_mean": 0.6726643598615917, "test_median": 0.6643598615916955, "test_std": 0.018517769079944145}
{"alpha": 0.8, "train_mean": 0.7056277056277056, "train_median": 0.7056277056277056, "train_std": 0.0017316017316017286, "test_mean": 0.696885813148789, "test_median": 0.6885813148788927, "test_std": 0.0215090245922769}
{"alpha": 0.9, "train_mean": 0.6867532467532467, "train_median": 0.6857142857142857, "train_std": 0.004626974620220747, "test_mean": 0.6788927335640137, "test_median": 0.6782006920415224, "test_std": 0.01672393906379872}
{"alpha": 0.9, "train_mean": 0.6874458874458874, "train_median": 0.6865800865800866, "train_std": 0.0037540230976067313, "test_mean": 0.6795847750865052, "test_median": 0.6782006920415224, "test_std": 0.008361969531899365}
{"alpha": 0.9, "train_mean": 0.6851948051948052, "train_median": 0.6831168831168831, "train_std": 0.004191763960834721, "test_mean": 0.675432525951557, "test_median": 0.6782006920415224, "test_std": 0.0158415545221586}