{"alpha": 0.9, "train_mean": 0.6855411255411255, "train_median": 0.6874458874458874, "train_std": 0.005431822386617525, "test_mean": 0.6754325259515571, "test_median": 0.6782006920415224, "test_std": 0.01974441884800983}
{"alpha": 0.9, "train_mean": 0.6831168831168832, "train_median": 0.677056277056277, "train_std": 0.008250132813556068, "test_mean": 0.6955017301038062, "test_median": 0.7058823529411765, "test_std": 0.03297198408185908}

{"alpha": 0.9, "train_mean": 0.6819047619047619, "train_median": 0.6796536796536796, "train_std": 0.005066229900719574, "test_mean": 0.6955017301038062, "test_median": 0.6920415224913494, "test_std": 0.012184648347168875}
{"alpha": 0.9, "train_mean": 0.6855411255411256, "train_median": 0.6848484848484848, "train_std": 0.0070423201411819, "test_mean": 0.6913494809688582, "test_median": 0.6955017301038062, "test_std": 0.0103575290983362}
{"alpha": 0.9, "train_mean": 0.6917748917748918, "train_median": 0.6909090909090909, "train_std": 0.009276602760851155, "test_mean": 0.6698961937716263, "test_median": 0.6678200692041523, "test_std": 0.03526017772417164}
{"alpha": 0.9, "train_mean": 0.6858874458874459, "train_median": 0.6883116883116883, "train_std": 0.008612869344031784, "test_mean": 0.683044982698962, "test_median": 0.6643598615916955, "test_std": 0.027385963927210207}
{"alpha": 0.9, "train_mean": 0.6935064935064935, "train_median": 0.6917748917748918, "train_std": 0.007488051362922838, "test_mean": 0.6733564013840831, "test_median": 0.6608996539792388, "test_std": 0.03279721968463055}
{"alpha": 0.9, "train_mean": 0.6881385281385282, "train_median": 0.6848484848484848, "train_std": 0.006737688816742416, "test_mean": 0.6927335640138408, "test_median": 0.6920415224913494, "test_std": 0.00886245569194861}
{"alpha": 0.9, "train_mean": 0.6864069264069264, "train_median": 0.6891774891774892, "train_std": 0.004970632067327212, "test_mean": 0.6865051903114187, "test_median": 0.6851211072664359, "test_std": 0.023630963431091875}
{"alpha": 0.9, "train_mean": 0.6813852813852814, "train_median": 0.6813852813852814, "train_std": 0.006170919370114427, "test_mean": 0.6941176470588235, "test_median": 0.6885813148788927, "test_std": 0.02721052353126296}