{"alpha": 0.8, "train_mean": 0.648960739030023, "train_median": 0.6312548113933796, "train_std": 0.03877952022523457, "test_mean": 0.6482758620689655, "test_median": 0.6137931034482759, "test_std": 0.046977617561176285}
{"alpha": 0.2, "train_mean": 0.6719014626635873, "train_median": 0.636643571978445, "train_std": 0.04323746714326243, "test_mean": 0.6717241379310346, "test_median": 0.6344827586206897, "test_std": 0.04965517241379306}

{"alpha": 0.8, "train_mean": 0.6441878367975364, "train_median": 0.6158583525789069, "train_std": 0.03472712157142622, "test_mean": 0.6372413793103449, "test_median": 0.6137931034482759, "test_std": 0.02880084554182221}
{"alpha": 0.5, "train_mean": 0.6651270207852193, "train_median": 0.6274056966897613, "train_std": 0.04634308527572722, "test_mean": 0.6593103448275862, "test_median": 0.6275862068965518, "test_std": 0.05370461333498421}
{"alpha": 0.8, "train_mean": 0.6685142417244033, "train_median": 0.6381832178598922, "train_std": 0.05669284725313746, "test_mean": 0.6358620689655172, "test_median": 0.6137931034482759, "test_std": 0.05776659749343979}
{"alpha": 0.4, "train_mean": 0.644495765973826, "train_median": 0.6304849884526559, "train_std": 0.017244033872209387, "test_mean": 0.6372413793103449, "test_median": 0.6275862068965518, "test_std": 0.022914824449429175}
{"alpha": 0.4, "train_mean": 0.6367975365665897, "train_median": 0.6304849884526559, "train_std": 0.012625096227867606, "test_mean": 0.64, "test_median": 0.6275862068965518, "test_std": 0.024827586206896554}
{"alpha": 0.4, "train_mean": 0.6498845265588914, "train_median": 0.6304849884526559, "train_std": 0.03879907621247112, "test_mean": 0.6413793103448276, "test_median": 0.6275862068965518, "test_std": 0.027586206896551693}
{"alpha": 0.8, "train_mean": 0.6295612009237875, "train_median": 0.628175519630485, "train_std": 0.01377445373139034, "test_mean": 0.6206896551724138, "test_median": 0.6137931034482759, "test_std": 0.022240711029789098}
{"alpha": 0.4, "train_mean": 0.6688221709006928, "train_median": 0.6304849884526559, "train_std": 0.04695894698249915, "test_mean": 0.6551724137931034, "test_median": 0.6275862068965518, "test_std": 0.03378606541769897}