{"alpha": 0.9, "train_mean": 0.6922943722943723, "train_median": 0.6857142857142857, "train_std": 0.011028005768374488, "test_mean": 0.6913494809688582, "test_median": 0.6885813148788927, "test_std": 0.022467381426640728}
{"alpha": 0.9, "train_mean": 0.6914285714285715, "train_median": 0.69004329004329, "train_std": 0.009850363742564794, "test_mean": 0.6892733564013841, "test_median": 0.6885813148788927, "test_std": 0.024012943353491304}

{"alpha": 0.5, "train_mean": 0.6935064935064935, "train_median": 0.6961038961038961, "train_std": 0.008286397308402029, "test_mean": 0.6816608996539792, "test_median": 0.657439446366782, "test_std": 0.03726757651996199}
{"alpha": 0.9, "train_mean": 0.6981818181818182, "train_median": 0.6995670995670996, "train_std": 0.008685670097997897, "test_mean": 0.6719723183391004, "test_median": 0.6608996539792388, "test_std": 0.03151639456535835}
{"alpha": 0.2, "train_mean": 0.7101298701298701, "train_median": 0.7116883116883117, "train_std": 0.007084769712719922, "test_mean": 0.68719723183391, "test_median": 0.6885813148788927, "test_std": 0.012495135007105751}
{"alpha": 0.2, "train_mean": 0.6967965367965367, "train_median": 0.69004329004329, "train_std": 0.010595365223049956, "test_mean": 0.6761245674740484, "test_median": 0.6643598615916955, "test_std": 0.029246431292893334}
{"alpha": 0.2, "train_mean": 0.7064935064935065, "train_median": 0.7090909090909091, "train_std": 0.010617980756194549, "test_mean": 0.6913494809688581, "test_median": 0.7024221453287197, "test_std": 0.025745432855001055}
{"alpha": 0.4, "train_mean": 0.6895238095238095, "train_median": 0.6883116883116883, "train_std": 0.010527227119356292, "test_mean": 0.6816608996539791, "test_median": 0.671280276816609, "test_std": 0.0218842744648331}
{"alpha": 0.2, "train_mean": 0.7018181818181819, "train_median": 0.7021645021645022, "train_std": 0.013068718451333802, "test_mean": 0.6906574394463667, "test_median": 0.6851211072664359, "test_std": 0.02216694446788508}
{"alpha": 0.2, "train_mean": 0.7014718614718616, "train_median": 0.6987012987012987, "train_std": 0.011412818738205443, "test_mean": 0.7162629757785466, "test_median": 0.6920415224913494, "test_std": 0.034254307739140705}