{"alpha": 0.4, "train_mean": 0.6549653579676674, "train_median": 0.6304849884526559, "train_std": 0.02998319529541952, "test_mean": 0.6510344827586207, "test_median": 0.6275862068965518, "test_std": 0.02880084554182221}
{"alpha": 0.8, "train_mean": 0.6403387220939185, "train_median": 0.6220169361046959, "train_std": 0.02756955108310934, "test_mean": 0.6262068965517241, "test_median": 0.6137931034482759, "test_std": 0.06504731653821569}
{"alpha": 0.5, "train_mean": 0.6528098537336413, "train_median": 0.6274056966897613, "train_std": 0.03112218111394555, "test_mean": 0.6427586206896552, "test_median": 0.6275862068965518, "test_std": 0.019700492216669918}

{"alpha": 0.8, "train_mean": 0.6423402617397999, "train_median": 0.6243264049268669, "train_std": 0.02916643649352486, "test_mean": 0.6124137931034482, "test_median": 0.6137931034482759, "test_std": 0.06018599787385222}
{"alpha": 0.4, "train_mean": 0.6545034642032332, "train_median": 0.6304849884526559, "train_std": 0.029420533934917545, "test_mean": 0.6551724137931034, "test_median": 0.6275862068965518, "test_std": 0.03406645251097507}
{"alpha": 0.8, "train_mean": 0.6397228637413395, "train_median": 0.6166281755196305, "train_std": 0.028951893514502003, "test_mean": 0.6344827586206897, "test_median": 0.6137931034482759, "test_std": 0.05011283344713088}
{"alpha": 0.5, "train_mean": 0.6518860662047729, "train_median": 0.6274056966897613, "train_std": 0.02999110038013475, "test_mean": 0.6510344827586207, "test_median": 0.6275862068965518, "test_std": 0.02945400897112083}
{"alpha": 0.8, "train_mean": 0.654657428791378, "train_median": 0.6158583525789069, "train_std": 0.07759815242494228, "test_mean": 0.646896551724138, "test_median": 0.6137931034482759, "test_std": 0.06620689655172414}
{"alpha": 0.5, "train_mean": 0.6517321016166282, "train_median": 0.6274056966897613, "train_std": 0.029829422111316013, "test_mean": 0.6524137931034483, "test_median": 0.6275862068965518, "test_std": 0.03310344827586205}
{"alpha": 0.4, "train_mean": 0.6834488067744419, "train_median": 0.6913010007698229, "train_std": 0.052676143748371054, "test_mean": 0.6620689655172415, "test_median": 0.6275862068965518, "test_std": 0.0449070912995854}
{"alpha": 0.8, "train_mean": 0.6420323325635103, "train_median": 0.6158583525789069, "train_std": 0.03223711120136082, "test_mean": 0.6413793103448275, "test_median": 0.6137931034482759, "test_std": 0.03378606541769902}
{"alpha": 0.5, "train_mean": 0.6517321016166282, "train_median": 0.6274056966897613, "train_std": 0.029793639673575217, "test_mean": 0.6524137931034484, "test_median": 0.6275862068965518, "test_std": 0.030407458875929112}
{"alpha": 0.5, "train_mean": 0.6398768283294842, "train_median": 0.6274056966897613, "train_std": 0.024942263279445733, "test_mean": 0.6372413793103449, "test_median": 0.6275862068965518, "test_std": 0.0193103448275862}