{"alpha": 0.4, "train_mean": 0.6791377983063895, "train_median": 0.6435719784449576, "train_std": 0.08071974397797271, "test_mean": 0.686896551724138, "test_median": 0.6689655172413793, "test_std": 0.07095073737716794}
{"alpha": 0.9, "train_mean": 0.6366435719784449, "train_median": 0.6389530408006159, "train_std": 0.03880396366934162, "test_mean": 0.626206896551724, "test_median": 0.6137931034482759, "test_std": 0.046652509035276596}

{"alpha": 0.4, "train_mean": 0.6531177829099307, "train_median": 0.665896843725943, "train_std": 0.028408865588581318, "test_mean": 0.6482758620689656, "test_median": 0.6344827586206897, "test_std": 0.05030229663120129}
{"alpha": 0.8, "train_mean": 0.6361816782140108, "train_median": 0.628175519630485, "train_std": 0.038279944038485676, "test_mean": 0.6358620689655172, "test_median": 0.6344827586206897, "test_std": 0.016551724137931025}
{"alpha": 0.9, "train_mean": 0.6674364896073903, "train_median": 0.6805234795996921, "train_std": 0.039980426655623034, "test_mean": 0.6551724137931034, "test_median": 0.6620689655172414, "test_std": 0.020458478585091484}
{"alpha": 0.9, "train_mean": 0.6794457274826791, "train_median": 0.6297151655119323, "train_std": 0.09714982509509607, "test_mean": 0.6620689655172414, "test_median": 0.6, "test_std": 0.09772683908368741}
{"alpha": 0.2, "train_mean": 0.6817551963048498, "train_median": 0.6989992301770592, "train_std": 0.04963919562976515, "test_mean": 0.6717241379310345, "test_median": 0.6413793103448275, "test_std": 0.06115806697212514}
{"alpha": 0.8, "train_mean": 0.629253271747498, "train_median": 0.6104695919938414, "train_std": 0.0596095531820901, "test_mean": 0.6275862068965518, "test_median": 0.6068965517241379, "test_std": 0.10154572314099841}
{"alpha": 0.8, "train_mean": 0.658506543494996, "train_median": 0.6643571978444958, "train_std": 0.06833079557635525, "test_mean": 0.6786206896551724, "test_median": 0.6344827586206897, "test_std": 0.07148501252330998}
{"alpha": 0.9, "train_mean": 0.654657428791378, "train_median": 0.6766743648960739, "train_std": 0.048413478641273426, "test_mean": 0.6455172413793104, "test_median": 0.6344827586206897, "test_std": 0.04174550607012843}