{"alpha": 0.6, "train_mean": 0.8239808153477218, "train_median": 0.8425259792166268, "train_std": 0.0550280612232414, "test_mean": 0.8124352331606218, "test_median": 0.8186528497409327, "test_std": 0.049740932642487044}
{"alpha": 0.9, "train_mean": 0.8396482813749001, "train_median": 0.8465227817745803, "train_std": 0.016055808066204682, "test_mean": 0.8279792746113991, "test_median": 0.8134715025906736, "test_std": 0.05017085362449826}

{"alpha": 0.4, "train_mean": 0.8457234212629896, "train_median": 0.8473221422861711, "train_std": 0.004168954375829055, "test_mean": 0.8310880829015543, "test_median": 0.8290155440414507, "test_std": 0.016901042932953476}
{"alpha": 0.2, "train_mean": 0.8452438049560351, "train_median": 0.8449240607513989, "train_std": 0.00179455989773331, "test_mean": 0.8217616580310881, "test_median": 0.8238341968911918, "test_std": 0.015578545469816496}
{"alpha": 0.8, "train_mean": 0.8396482813749, "train_median": 0.8385291766586731, "train_std": 0.004453521431553667, "test_mean": 0.8155440414507773, "test_median": 0.8134715025906736, "test_std": 0.01066904677822488}
{"alpha": 0.2, "train_mean": 0.8460431654676259, "train_median": 0.8449240607513989, "train_std": 0.008192567849924198, "test_mean": 0.8362694300518136, "test_median": 0.8290155440414507, "test_std": 0.02674298010479575}
{"alpha": 0.9, "train_mean": 0.8244604316546763, "train_median": 0.8217426059152678, "train_std": 0.011254814328887636, "test_mean": 0.8227979274611398, "test_median": 0.8082901554404145, "test_std": 0.03458719019332361}
{"alpha": 0.6, "train_mean": 0.8399680255795363, "train_median": 0.8393285371702638, "train_std": 0.0054778070980053975, "test_mean": 0.8176165803108809, "test_median": 0.8134715025906736, "test_std": 0.020569360871791932}
{"alpha": 0.6, "train_mean": 0.8425259792166268, "train_median": 0.8441247002398081, "train_std": 0.00471554954556439, "test_mean": 0.8300518134715027, "test_median": 0.8238341968911918, "test_std": 0.015159314858370774}
{"alpha": 0.8, "train_mean": 0.8147082334132694, "train_median": 0.8321342925659473, "train_std": 0.0469909772581171, "test_mean": 0.7865284974093264, "test_median": 0.8134715025906736, "test_std": 0.0664668091640397}
{"alpha": 0.9, "train_mean": 0.8393285371702637, "train_median": 0.8433253397282174, "train_std": 0.010995203110503234, "test_mean": 0.8259067357512953, "test_median": 0.8082901554404145, "test_std": 0.03136320404232447}