{"alpha": 0.4, "train_mean": 0.6554272517321016, "train_median": 0.6304849884526559, "train_std": 0.03055178877244025, "test_mean": 0.646896551724138, "test_median": 0.6275862068965518, "test_std": 0.024049097619534745}
{"alpha": 0.9, "train_mean": 0.6437259430331024, "train_median": 0.6235565819861432, "train_std": 0.03611249179249859, "test_mean": 0.5917241379310345, "test_median": 0.6, "test_std": 0.03127112841035763}
{"alpha": 0.9, "train_mean": 0.6235565819861433, "train_median": 0.619707467282525, "train_std": 0.016235783004112794, "test_mean": 0.5986206896551725, "test_median": 0.5862068965517241, "test_std": 0.05094120086239833}

{"alpha": 0.4, "train_mean": 0.6548113933795227, "train_median": 0.6304849884526559, "train_std": 0.029797617621931838, "test_mean": 0.6524137931034484, "test_median": 0.6275862068965518, "test_std": 0.030718699932855267}
{"alpha": 0.8, "train_mean": 0.6406466512702078, "train_median": 0.6158583525789069, "train_std": 0.03040712913245917, "test_mean": 0.6455172413793104, "test_median": 0.6137931034482759, "test_std": 0.059741814697124744}
{"alpha": 0.9, "train_mean": 0.6243264049268669, "train_median": 0.6173979984603541, "train_std": 0.017186200169208122, "test_mean": 0.5986206896551725, "test_median": 0.593103448275862, "test_std": 0.04124114865579601}
{"alpha": 0.8, "train_mean": 0.640030792917629, "train_median": 0.6173979984603541, "train_std": 0.029007516800198738, "test_mean": 0.6317241379310345, "test_median": 0.6137931034482759, "test_std": 0.05003684730266773}
{"alpha": 0.8, "train_mean": 0.6403387220939185, "train_median": 0.6204772902232486, "train_std": 0.02815658319469409, "test_mean": 0.6303448275862069, "test_median": 0.6137931034482759, "test_std": 0.05861663271965733}
{"alpha": 0.4, "train_mean": 0.6551193225558122, "train_median": 0.6304849884526559, "train_std": 0.030170774352987595, "test_mean": 0.649655172413793, "test_median": 0.6275862068965518, "test_std": 0.027028852334159206}
{"alpha": 0.8, "train_mean": 0.6389530408006159, "train_median": 0.6158583525789069, "train_std": 0.02828929103089972, "test_mean": 0.6496551724137931, "test_median": 0.6137931034482759, "test_std": 0.04413793103448274}
{"alpha": 0.8, "train_mean": 0.6669745958429562, "train_median": 0.6805234795996921, "train_std": 0.025609083188229305, "test_mean": 0.6413793103448275, "test_median": 0.6413793103448275, "test_std": 0.01998810585681302}
{"alpha": 0.8, "train_mean": 0.6278675904541956, "train_median": 0.6158583525789069, "train_std": 0.024018475750577382, "test_mean": 0.6193103448275862, "test_median": 0.6137931034482759, "test_std": 0.035542341315103795}
{"alpha": 0.5, "train_mean": 0.6508083140877599, "train_median": 0.6274056966897613, "train_std": 0.028666370585752193, "test_mean": 0.6606896551724138, "test_median": 0.6275862068965518, "test_std": 0.04077722896301923}