{"alpha": 0.9, "train_mean": 0.630484988452656, "train_median": 0.6266358737490377, "train_std": 0.021538539817229935, "test_mean": 0.6041379310344828, "test_median": 0.6, "test_std": 0.045034007496040036}
{"alpha": 0.4, "train_mean": 0.6695919938414164, "train_median": 0.6304849884526559, "train_std": 0.053081845682565645, "test_mean": 0.6606896551724138, "test_median": 0.6275862068965518, "test_std": 0.044137931034482755}

{"alpha": 0.2, "train_mean": 0.6605080831408776, "train_median": 0.636643571978445, "train_std": 0.029253271747498054, "test_mean": 0.6648275862068965, "test_median": 0.6344827586206897, "test_std": 0.03940098443333985}
{"alpha": 0.4, "train_mean": 0.6634334103156274, "train_median": 0.6304849884526559, "train_std": 0.04291554036143185, "test_mean": 0.6620689655172415, "test_median": 0.6275862068965518, "test_std": 0.042736367958150785}
{"alpha": 0.6, "train_mean": 0.6506543494996151, "train_median": 0.628175519630485, "train_std": 0.028165000960194916, "test_mean": 0.6331034482758622, "test_median": 0.6, "test_std": 0.046652509035276596}
{"alpha": 0.4, "train_mean": 0.6304849884526559, "train_median": 0.6304849884526559, "train_std": 0.0, "test_mean": 0.6275862068965518, "test_median": 0.6275862068965518, "test_std": 0.0}
{"alpha": 0.9, "train_mean": 0.6311008468052348, "train_median": 0.6220169361046959, "train_std": 0.03543661483384135, "test_mean": 0.6248275862068965, "test_median": 0.6, "test_std": 0.042423604135806064}
{"alpha": 0.5, "train_mean": 0.651270207852194, "train_median": 0.6274056966897613, "train_std": 0.029228951439776565, "test_mean": 0.6524137931034483, "test_median": 0.6275862068965518, "test_std": 0.03310344827586205}
{"alpha": 0.9, "train_mean": 0.6238645111624326, "train_median": 0.6189376443418014, "train_std": 0.010606808098321693, "test_mean": 0.623448275862069, "test_median": 0.6206896551724138, "test_std": 0.03866991936241706}
{"alpha": 0.6, "train_mean": 0.6480369515011547, "train_median": 0.6243264049268669, "train_std": 0.029104601756107674, "test_mean": 0.6593103448275863, "test_median": 0.6275862068965518, "test_std": 0.04174550607012842}