{"alpha": 0.9, "train_mean": 0.5975365665896843, "train_median": 0.596612779060816, "train_std": 0.001231716705157826, "test_mean": 0.6, "test_median": 0.6, "test_std": 0.004361762289887428}
{"alpha": 0.9, "train_mean": 0.5983063895304079, "train_median": 0.5989222478829869, "train_std": 0.0008977601069815566, "test_mean": 0.5972413793103448, "test_median": 0.6, "test_std": 0.005517241379310356}

{"alpha": 0.9, "train_mean": 0.5976905311778291, "train_median": 0.5981524249422633, "train_std": 0.0009237875288683546, "test_mean": 0.5986206896551725, "test_median": 0.6, "test_std": 0.0067572130835398155}
{"alpha": 0.9, "train_mean": 0.5986143187066975, "train_median": 0.5996920708237106, "train_std": 0.0016582493632438854, "test_mean": 0.5903448275862069, "test_median": 0.593103448275862, "test_std": 0.010321813480755683}
{"alpha": 0.9, "train_mean": 0.596612779060816, "train_median": 0.596612779060816, "train_std": 0.0, "test_mean": 0.6, "test_median": 0.6, "test_std": 0.0}
{"alpha": 0.9, "train_mean": 0.5976905311778291, "train_median": 0.596612779060816, "train_std": 0.0013422321612134517, "test_mean": 0.5986206896551725, "test_median": 0.6, "test_std": 0.002758620689655178}
{"alpha": 0.9, "train_mean": 0.5973826020015396, "train_median": 0.596612779060816, "train_std": 0.0009737575550941813, "test_mean": 0.5917241379310345, "test_median": 0.6, "test_std": 0.011034482758620671}
{"alpha": 0.9, "train_mean": 0.5987682832948422, "train_median": 0.5996920708237106, "train_std": 0.0018475750577367387, "test_mean": 0.5917241379310345, "test_median": 0.593103448275862, "test_std": 0.00804269226875212}
{"alpha": 0.9, "train_mean": 0.5989222478829869, "train_median": 0.5981524249422633, "train_std": 0.0016865975596771926, "test_mean": 0.5889655172413792, "test_median": 0.5793103448275863, "test_std": 0.012024548809767345}
{"alpha": 0.9, "train_mean": 0.598306389530408, "train_median": 0.596612779060816, "train_std": 0.0020884772850270354, "test_mean": 0.5931034482758621, "test_median": 0.6, "test_std": 0.008723524579774822}