{"alpha": 0.9, "train_mean": 0.8371054657428791, "train_median": 0.8367975365665897, "train_std": 0.008744863323272024, "test_mean": 0.8372413793103448, "test_median": 0.8137931034482758, "test_std": 0.037673104231028036}
{"alpha": 0.8, "train_mean": 0.8438799076212471, "train_median": 0.8429561200923787, "train_std": 0.011830252632670398, "test_mean": 0.8262068965517242, "test_median": 0.8206896551724138, "test_std": 0.025951569272036925}

{"alpha": 0.8, "train_mean": 0.8334103156274055, "train_median": 0.8337182448036952, "train_std": 0.0010442386425135008, "test_mean": 0.8289655172413793, "test_median": 0.8344827586206897, "test_std": 0.02631556417701916}
{"alpha": 0.9, "train_mean": 0.8343341031562741, "train_median": 0.8337182448036952, "train_std": 0.0029775334266071807, "test_mean": 0.8248275862068966, "test_median": 0.8206896551724138, "test_std": 0.02163363743635604}
{"alpha": 0.9, "train_mean": 0.8449576597382601, "train_median": 0.8468052347959969, "train_std": 0.008038662036770826, "test_mean": 0.8220689655172414, "test_median": 0.8206896551724138, "test_std": 0.023244551098417537}
{"alpha": 0.8, "train_mean": 0.8408006158583525, "train_median": 0.8406466512702079, "train_std": 0.005092482034962664, "test_mean": 0.8248275862068966, "test_median": 0.8275862068965517, "test_std": 0.015482720221133582}
{"alpha": 0.5, "train_mean": 0.8408006158583525, "train_median": 0.8414164742109315, "train_std": 0.010018351645879884, "test_mean": 0.8193103448275864, "test_median": 0.8275862068965517, "test_std": 0.019211570037495324}
{"alpha": 0.5, "train_mean": 0.8374133949191686, "train_median": 0.836027713625866, "train_std": 0.008836548022960269, "test_mean": 0.8193103448275861, "test_median": 0.8, "test_std": 0.026674592559743054}
{"alpha": 0.4, "train_mean": 0.8418783679753655, "train_median": 0.8468052347959969, "train_std": 0.011299364515417264, "test_mean": 0.8303448275862069, "test_median": 0.8275862068965517, "test_std": 0.031933343180110964}
{"alpha": 0.2, "train_mean": 0.8464973056197074, "train_median": 0.8468052347959969, "train_std": 0.006340649817389985, "test_mean": 0.809655172413793, "test_median": 0.8068965517241379, "test_std": 0.03451033380192224}