{"alpha": 0.9, "train_mean": 0.8256277056277057, "train_median": 0.825974025974026, "train_std": 0.0022310127665324648, "test_mean": 0.8173010380622836, "test_median": 0.8166089965397924, "test_std": 0.008304498269896201}
{"alpha": 0.9, "train_mean": 0.8235497835497835, "train_median": 0.8225108225108225, "train_std": 0.0043255397391504125, "test_mean": 0.8380622837370242, "test_median": 0.8304498269896193, "test_std": 0.02080733062750576}

{"alpha": 0.9, "train_mean": 0.8273593073593075, "train_median": 0.8294372294372294, "train_std": 0.004729523907791388, "test_mean": 0.8193771626297577, "test_median": 0.8131487889273357, "test_std": 0.015689666503466624}
{"alpha": 0.8, "train_mean": 0.8400000000000001, "train_median": 0.8389610389610389, "train_std": 0.004848484848484855, "test_mean": 0.8235294117647058, "test_median": 0.8166089965397924, "test_std": 0.01856942265051727}
{"alpha": 0.6, "train_mean": 0.8410389610389611, "train_median": 0.8354978354978355, "train_std": 0.00998640405561641, "test_mean": 0.8352941176470589, "test_median": 0.8339100346020761, "test_std": 0.017036032699088124}
{"alpha": 0.8, "train_mean": 0.8358441558441558, "train_median": 0.8363636363636363, "train_std": 0.00676433765701285, "test_mean": 0.8352941176470589, "test_median": 0.8304498269896193, "test_std": 0.02270064978111659}
{"alpha": 0.6, "train_mean": 0.851948051948052, "train_median": 0.8519480519480519, "train_std": 0.003986446556959764, "test_mean": 0.8269896193771625, "test_median": 0.8269896193771626, "test_std": 0.015931992295116063}
{"alpha": 0.9, "train_mean": 0.8285714285714286, "train_median": 0.8268398268398268, "train_std": 0.002897523901416704, "test_mean": 0.8179930795847751, "test_median": 0.8131487889273357, "test_std": 0.014114932909599373}
{"alpha": 0.9, "train_mean": 0.8282251082251083, "train_median": 0.8285714285714286, "train_std": 0.002019377279600111, "test_mean": 0.8110726643598618, "test_median": 0.8062283737024222, "test_std": 0.014114932909599373}
{"alpha": 0.9, "train_mean": 0.8277056277056276, "train_median": 0.8268398268398268, "train_std": 0.004170249204776557, "test_mean": 0.823529411764706, "test_median": 0.8269896193771626, "test_std": 0.017778868620989804}