{"alpha": 0.9, "train_mean": 0.6845021645021646, "train_median": 0.683982683982684, "train_std": 0.0028767528529586523, "test_mean": 0.6761245674740485, "test_median": 0.6782006920415224, "test_std": 0.013944250297307854}
{"alpha": 0.9, "train_mean": 0.6858874458874459, "train_median": 0.6857142857142857, "train_std": 0.004528726175107198, "test_mean": 0.671280276816609, "test_median": 0.6782006920415224, "test_std": 0.018178443649223115}

{"alpha": 0.8, "train_mean": 0.7078787878787878, "train_median": 0.7056277056277056, "train_std": 0.007755565602271403, "test_mean": 0.6865051903114187, "test_median": 0.6678200692041523, "test_std": 0.025949250185816862}
{"alpha": 0.9, "train_mean": 0.6805194805194806, "train_median": 0.6831168831168831, "train_std": 0.007285085356870164, "test_mean": 0.694809688581315, "test_median": 0.6782006920415224, "test_std": 0.0395978394489134}
{"alpha": 0.9, "train_mean": 0.6813852813852814, "train_median": 0.6796536796536796, "train_std": 0.006409265982102788, "test_mean": 0.6885813148788927, "test_median": 0.6955017301038062, "test_std": 0.02407270191131638}
{"alpha": 0.9, "train_mean": 0.6793073593073593, "train_median": 0.6796536796536796, "train_std": 0.0030290659194001394, "test_mean": 0.6934256055363321, "test_median": 0.6920415224913494, "test_std": 0.012105782480647684}
{"alpha": 0.9, "train_mean": 0.687099567099567, "train_median": 0.6909090909090909, "train_std": 0.008458302851476937, "test_mean": 0.6719723183391004, "test_median": 0.6678200692041523, "test_std": 0.025464871270552372}
{"alpha": 0.9, "train_mean": 0.6813852813852813, "train_median": 0.6787878787878788, "train_std": 0.005922989221294212, "test_mean": 0.68719723183391, "test_median": 0.6885813148788927, "test_std": 0.0303710840934141}
{"alpha": 0.9, "train_mean": 0.6855411255411256, "train_median": 0.6883116883116883, "train_std": 0.00811084912805565, "test_mean": 0.6892733564013841, "test_median": 0.6816608996539792, "test_std": 0.024797886321341066}
{"alpha": 0.9, "train_mean": 0.6857142857142857, "train_median": 0.6857142857142857, "train_std": 0.003833063830507136, "test_mean": 0.685121107266436, "test_median": 0.6920415224913494, "test_std": 0.020876267306572126}