{"alpha": 0.2, "train_mean": 0.6854503464203233, "train_median": 0.6759045419553503, "train_std": 0.021080220579269948, "test_mean": 0.6537931034482758, "test_median": 0.6344827586206897, "test_std": 0.06832808869793565}
{"alpha": 0.2, "train_mean": 0.6711316397228637, "train_median": 0.6712856043110085, "train_std": 0.0032805659357448003, "test_mean": 0.6565517241379311, "test_median": 0.6551724137931034, "test_std": 0.029389345865741413}

{"alpha": 0.4, "train_mean": 0.6754426481909162, "train_median": 0.6766743648960739, "train_std": 0.0022098075588002056, "test_mean": 0.6786206896551723, "test_median": 0.6689655172413793, "test_std": 0.021189367580327186}
{"alpha": 0.4, "train_mean": 0.6902232486528099, "train_median": 0.6851424172440339, "train_std": 0.012187539601024339, "test_mean": 0.6551724137931034, "test_median": 0.6689655172413793, "test_std": 0.03516565181788131}
{"alpha": 0.4, "train_mean": 0.6863741339491918, "train_median": 0.6812933025404158, "train_std": 0.00987776131322273, "test_mean": 0.6786206896551723, "test_median": 0.6758620689655173, "test_std": 0.036126347182644944}
{"alpha": 0.5, "train_mean": 0.6892994611239416, "train_median": 0.6851424172440339, "train_std": 0.011761927177696245, "test_mean": 0.6758620689655173, "test_median": 0.6827586206896552, "test_std": 0.029902735708522473}
{"alpha": 0.4, "train_mean": 0.6789838337182449, "train_median": 0.6774441878367975, "train_std": 0.0032295884470212415, "test_mean": 0.6482758620689655, "test_median": 0.6620689655172414, "test_std": 0.028932657880555906}
{"alpha": 0.6, "train_mean": 0.6888375673595073, "train_median": 0.6859122401847575, "train_std": 0.006647277334849261, "test_mean": 0.6524137931034483, "test_median": 0.6551724137931034, "test_std": 0.027792333351186065}
{"alpha": 0.2, "train_mean": 0.6759045419553502, "train_median": 0.6697459584295612, "train_std": 0.015108939707894795, "test_mean": 0.6868965517241379, "test_median": 0.6827586206896552, "test_std": 0.014855627054164131}
{"alpha": 0.8, "train_mean": 0.6892994611239416, "train_median": 0.6882217090069284, "train_std": 0.004685180617306509, "test_mean": 0.6758620689655171, "test_median": 0.6758620689655173, "test_std": 0.03649312153192538}