{"alpha": 0.2, "train_mean": 0.7090327737809752, "train_median": 0.7282174260591526, "train_std": 0.028428478632000292, "test_mean": 0.6839378238341969, "test_median": 0.6787564766839378, "test_std": 0.014655062822519108}
{"alpha": 0.9, "train_mean": 0.6842525979216627, "train_median": 0.6962430055955235, "train_std": 0.024813674786494884, "test_mean": 0.6808290155440415, "test_median": 0.6839378238341969, "test_std": 0.02307881601173066}

{"alpha": 0.4, "train_mean": 0.7194244604316546, "train_median": 0.7266187050359713, "train_std": 0.022873446479909732, "test_mean": 0.6963730569948187, "test_median": 0.689119170984456, "test_std": 0.017828653403197177}
{"alpha": 0.6, "train_mean": 0.695603517186251, "train_median": 0.7106314948041567, "train_std": 0.023514789677589222, "test_mean": 0.6953367875647668, "test_median": 0.6994818652849741, "test_std": 0.03565730680639431}
{"alpha": 0.8, "train_mean": 0.7584332533972822, "train_median": 0.7242206235011991, "train_std": 0.1099920063948841, "test_mean": 0.7088082901554404, "test_median": 0.6994818652849741, "test_std": 0.032174455329036324}
{"alpha": 0.9, "train_mean": 0.6810551558752997, "train_median": 0.6874500399680256, "train_std": 0.01688146449395914, "test_mean": 0.6870466321243525, "test_median": 0.6994818652849741, "test_std": 0.028113284904146184}
{"alpha": 0.9, "train_mean": 0.6847322142286171, "train_median": 0.6938449240607514, "train_std": 0.0225787863088584, "test_mean": 0.6808290155440414, "test_median": 0.6839378238341969, "test_std": 0.014132830774078621}
{"alpha": 0.9, "train_mean": 0.6928856914468426, "train_median": 0.6954436450839329, "train_std": 0.007723659363185396, "test_mean": 0.6984455958549223, "test_median": 0.7046632124352331, "test_std": 0.019497292976400824}
{"alpha": 0.9, "train_mean": 0.6984812150279776, "train_median": 0.6970423661071143, "train_std": 0.003553335055298609, "test_mean": 0.6808290155440415, "test_median": 0.6632124352331606, "test_std": 0.0325395201411556}
{"alpha": 0.5, "train_mean": 0.7027977617905676, "train_median": 0.7226219024780176, "train_std": 0.02805470708693658, "test_mean": 0.6932642487046632, "test_median": 0.689119170984456, "test_std": 0.01651541704715983}