{"alpha": 0.9, "train_mean": 0.5412987012987014, "train_median": 0.5411255411255411, "train_std": 0.004075706422836322, "test_mean": 0.5321799307958477, "test_median": 0.5224913494809689, "test_std": 0.022679542710275356}
{"alpha": 0.9, "train_mean": 0.5418181818181818, "train_median": 0.5402597402597402, "train_std": 0.0189402720884853, "test_mean": 0.5349480968858131, "test_median": 0.532871972318339, "test_std": 0.016752551469771913}

{"alpha": 0.9, "train_mean": 0.5438961038961038, "train_median": 0.5402597402597402, "train_std": 0.012904790222605496, "test_mean": 0.5460207612456747, "test_median": 0.5467128027681661, "test_std": 0.013561188887380936}
{"alpha": 0.9, "train_mean": 0.5477056277056278, "train_median": 0.5454545454545454, "train_std": 0.01038383677961207, "test_mean": 0.5349480968858131, "test_median": 0.5363321799307958, "test_std": 0.009932664425195404}
{"alpha": 0.9, "train_mean": 0.5487445887445888, "train_median": 0.5463203463203463, "train_std": 0.011452159836388896, "test_mean": 0.5529411764705883, "test_median": 0.5605536332179931, "test_std": 0.015381391536950091}
{"alpha": 0.9, "train_mean": 0.5364502164502165, "train_median": 0.5367965367965368, "train_std": 0.007697354379530021, "test_mean": 0.5273356401384083, "test_median": 0.5259515570934256, "test_std": 0.009180968277800438}
{"alpha": 0.9, "train_mean": 0.532987012987013, "train_median": 0.535064935064935, "train_std": 0.008528907605904591, "test_mean": 0.5363321799307957, "test_median": 0.532871972318339, "test_std": 0.015161870103949256}
{"alpha": 0.9, "train_mean": 0.5558441558441558, "train_median": 0.5532467532467532, "train_std": 0.01265373222957237, "test_mean": 0.5557093425605536, "test_median": 0.5536332179930796, "test_std": 0.021730544592536448}
{"alpha": 0.9, "train_mean": 0.5414718614718614, "train_median": 0.5437229437229437, "train_std": 0.008422778532997626, "test_mean": 0.5377162629757786, "test_median": 0.5397923875432526, "test_std": 0.010170891665535723}
{"alpha": 0.9, "train_mean": 0.5425108225108225, "train_median": 0.5393939393939394, "train_std": 0.009634928307008522, "test_mean": 0.5314878892733563, "test_median": 0.5397923875432526, "test_std": 0.02059913642371935}