{"alpha": 0.9, "train_mean": 0.596612779060816, "train_median": 0.596612779060816, "train_std": 0.0, "test_mean": 0.6, "test_median": 0.6, "test_std": 0.0}
{"alpha": 0.9, "train_mean": 0.596612779060816, "train_median": 0.596612779060816, "train_std": 0.0, "test_mean": 0.6, "test_median": 0.6, "test_std": 0.0}

{"alpha": 0.9, "train_mean": 0.596612779060816, "train_median": 0.596612779060816, "train_std": 0.0, "test_mean": 0.6, "test_median": 0.6, "test_std": 0.0}
{"alpha": 0.9, "train_mean": 0.596612779060816, "train_median": 0.596612779060816, "train_std": 0.0, "test_mean": 0.6, "test_median": 0.6, "test_std": 0.0}
{"alpha": 0.9, "train_mean": 0.6049268668206313, "train_median": 0.596612779060816, "train_std": 0.016628175519630476, "test_mean": 0.6082758620689656, "test_median": 0.6, "test_std": 0.01655172413793102}
{"alpha": 0.9, "train_mean": 0.596612779060816, "train_median": 0.596612779060816, "train_std": 0.0, "test_mean": 0.6, "test_median": 0.6, "test_std": 0.0}
{"alpha": 0.9, "train_mean": 0.6020015396458815, "train_median": 0.596612779060816, "train_std": 0.010777521170130868, "test_mean": 0.6082758620689656, "test_median": 0.6, "test_std": 0.01655172413793102}
{"alpha": 0.9, "train_mean": 0.6038491147036181, "train_median": 0.596612779060816, "train_std": 0.0144726712856043, "test_mean": 0.6013793103448276, "test_median": 0.6, "test_std": 0.0027586206896551787}
{"alpha": 0.9, "train_mean": 0.596612779060816, "train_median": 0.596612779060816, "train_std": 0.0, "test_mean": 0.6, "test_median": 0.6, "test_std": 0.0}
{"alpha": 0.9, "train_mean": 0.6063125481139338, "train_median": 0.596612779060816, "train_std": 0.01939953810623556, "test_mean": 0.606896551724138, "test_median": 0.6, "test_std": 0.013793103448275891}