{"alpha": 0.5, "train_mean": 0.6474210931485758, "train_median": 0.6274056966897613, "train_std": 0.0342064827147007, "test_mean": 0.6524137931034483, "test_median": 0.6275862068965518, "test_std": 0.060532712434459825}
{"alpha": 0.4, "train_mean": 0.6555812163202464, "train_median": 0.6304849884526559, "train_std": 0.0378878040620244, "test_mean": 0.6524137931034484, "test_median": 0.6275862068965518, "test_std": 0.03741975163103595}

{"alpha": 0.8, "train_mean": 0.644495765973826, "train_median": 0.6158583525789069, "train_std": 0.04109845248377488, "test_mean": 0.6344827586206897, "test_median": 0.6137931034482759, "test_std": 0.032052275968613084}
{"alpha": 0.4, "train_mean": 0.6369515011547344, "train_median": 0.6304849884526559, "train_std": 0.01293302540415704, "test_mean": 0.6386206896551725, "test_median": 0.6275862068965518, "test_std": 0.022068965517241378}
{"alpha": 0.8, "train_mean": 0.6346420323325634, "train_median": 0.6158583525789069, "train_std": 0.023332620899709174, "test_mean": 0.6303448275862069, "test_median": 0.6137931034482759, "test_std": 0.02412807680625642}
{"alpha": 0.4, "train_mean": 0.6432640492686682, "train_median": 0.6304849884526559, "train_std": 0.015652982327499725, "test_mean": 0.6510344827586207, "test_median": 0.6275862068965518, "test_std": 0.02880084554182221}
{"alpha": 0.4, "train_mean": 0.6355658198614318, "train_median": 0.6304849884526559, "train_std": 0.010161662817551953, "test_mean": 0.6510344827586207, "test_median": 0.6275862068965518, "test_std": 0.04689655172413793}
{"alpha": 0.5, "train_mean": 0.6525019245573518, "train_median": 0.6274056966897613, "train_std": 0.036257271204397326, "test_mean": 0.663448275862069, "test_median": 0.6275862068965518, "test_std": 0.04903831402656873}
{"alpha": 0.4, "train_mean": 0.6515781370284834, "train_median": 0.6304849884526559, "train_std": 0.03738392095003188, "test_mean": 0.6413793103448276, "test_median": 0.6275862068965518, "test_std": 0.034894098319099336}
{"alpha": 0.4, "train_mean": 0.6748267898383371, "train_median": 0.6304849884526559, "train_std": 0.05611285832246003, "test_mean": 0.6827586206896552, "test_median": 0.6275862068965518, "test_std": 0.06813290502195014}