{"alpha": 0.4, "train_mean": 0.679134199134199, "train_median": 0.6787878787878788, "train_std": 0.0029284042468030722, "test_mean": 0.6650519031141868, "test_median": 0.6643598615916955, "test_std": 0.013736632000885261}
{"alpha": 0.9, "train_mean": 0.6716883116883118, "train_median": 0.6658008658008658, "train_std": 0.016256780223769467, "test_mean": 0.6525951557093426, "test_median": 0.6470588235294118, "test_std": 0.009932664425195394}

{"alpha": 0.9, "train_mean": 0.6628571428571428, "train_median": 0.6658008658008658, "train_std": 0.01141544569617284, "test_mean": 0.657439446366782, "test_median": 0.643598615916955, "test_std": 0.03354795749077046}
{"alpha": 0.9, "train_mean": 0.6734199134199134, "train_median": 0.6796536796536796, "train_std": 0.022420063459240892, "test_mean": 0.6484429065743944, "test_median": 0.643598615916955, "test_std": 0.034712626170199205}
{"alpha": 0.9, "train_mean": 0.667012987012987, "train_median": 0.6675324675324675, "train_std": 0.008924051066129974, "test_mean": 0.6373702422145329, "test_median": 0.6332179930795848, "test_std": 0.015066810420122633}
{"alpha": 0.8, "train_mean": 0.6729004329004329, "train_median": 0.6744588744588744, "train_std": 0.005486746153335022, "test_mean": 0.6636678200692041, "test_median": 0.657439446366782, "test_std": 0.019500349901183902}
{"alpha": 0.9, "train_mean": 0.6666666666666666, "train_median": 0.6692640692640692, "train_std": 0.008535935961119451, "test_mean": 0.6622837370242215, "test_median": 0.6678200692041523, "test_std": 0.020599136423719317}
{"alpha": 0.9, "train_mean": 0.6642424242424243, "train_median": 0.6658008658008658, "train_std": 0.008733866814142673, "test_mean": 0.6595155709342561, "test_median": 0.6539792387543253, "test_std": 0.013596458618953991}
{"alpha": 0.9, "train_mean": 0.6632034632034631, "train_median": 0.6632034632034632, "train_std": 0.004346285852125078, "test_mean": 0.6539792387543253, "test_median": 0.657439446366782, "test_std": 0.0208762673065721}
{"alpha": 0.8, "train_mean": 0.6774025974025972, "train_median": 0.677056277056277, "train_std": 0.005810549518809508, "test_mean": 0.6505190311418685, "test_median": 0.6470588235294118, "test_std": 0.018046235031702836}