{"alpha": 0.9, "train_mean": 0.596612779060816, "train_median": 0.596612779060816, "train_std": 0.0, "test_mean": 0.6, "test_median": 0.6, "test_std": 0.0}
{"alpha": 0.9, "train_mean": 0.6149345650500384, "train_median": 0.596612779060816, "train_std": 0.03664357197844494, "test_mean": 0.6358620689655172, "test_median": 0.6, "test_std": 0.07172413793103449}

{"alpha": 0.9, "train_mean": 0.596612779060816, "train_median": 0.596612779060816, "train_std": 0.0, "test_mean": 0.6, "test_median": 0.6, "test_std": 0.0}
{"alpha": 0.9, "train_mean": 0.596612779060816, "train_median": 0.596612779060816, "train_std": 0.0, "test_mean": 0.6, "test_median": 0.6, "test_std": 0.0}
{"alpha": 0.9, "train_mean": 0.596612779060816, "train_median": 0.596612779060816, "train_std": 0.0, "test_mean": 0.6, "test_median": 0.6, "test_std": 0.0}
{"alpha": 0.9, "train_mean": 0.596612779060816, "train_median": 0.596612779060816, "train_std": 0.0, "test_mean": 0.6, "test_median": 0.6, "test_std": 0.0}
{"alpha": 0.9, "train_mean": 0.596612779060816, "train_median": 0.596612779060816, "train_std": 0.0, "test_mean": 0.6, "test_median": 0.6, "test_std": 0.0}
{"alpha": 0.9, "train_mean": 0.596612779060816, "train_median": 0.596612779060816, "train_std": 0.0, "test_mean": 0.6, "test_median": 0.6, "test_std": 0.0}
{"alpha": 0.9, "train_mean": 0.596612779060816, "train_median": 0.596612779060816, "train_std": 0.0, "test_mean": 0.6, "test_median": 0.6, "test_std": 0.0}
{"alpha": 0.9, "train_mean": 0.596612779060816, "train_median": 0.596612779060816, "train_std": 0.0, "test_mean": 0.6, "test_median": 0.6, "test_std": 0.0}