{"alpha": 0.6, "train_mean": 0.8095923261390887, "train_median": 0.8177458033573142, "train_std": 0.02672017205986676, "test_mean": 0.5523316062176166, "test_median": 0.5544041450777202, "test_std": 0.032867878812753805}
{"alpha": 0.4, "train_mean": 0.8094324540367707, "train_median": 0.8225419664268585, "train_std": 0.03513041668219187, "test_mean": 0.5316062176165803, "test_median": 0.533678756476684, "test_std": 0.03303083409431964}

{"alpha": 0.6, "train_mean": 0.8156674660271783, "train_median": 0.829736211031175, "train_std": 0.03557145294988618, "test_mean": 0.5512953367875648, "test_median": 0.5284974093264249, "test_std": 0.02811328490414618}
{"alpha": 0.5, "train_mean": 0.824300559552358, "train_median": 0.8225419664268585, "train_std": 0.023865429841006692, "test_mean": 0.5378238341968912, "test_median": 0.533678756476684, "test_std": 0.013669332599246561}
{"alpha": 0.9, "train_mean": 0.7589128697042365, "train_median": 0.7657873701039168, "train_std": 0.06044265016975842, "test_mean": 0.5378238341968912, "test_median": 0.538860103626943, "test_std": 0.02030665071737349}
{"alpha": 0.9, "train_mean": 0.7750599520383694, "train_median": 0.8137490007993605, "train_std": 0.053370949436904826, "test_mean": 0.5233160621761659, "test_median": 0.5129533678756477, "test_std": 0.021488540262515763}
{"alpha": 0.2, "train_mean": 0.8028776978417266, "train_median": 0.8257394084732215, "train_std": 0.050225291017339545, "test_mean": 0.5471502590673575, "test_median": 0.5440414507772021, "test_std": 0.02571953087251989}
{"alpha": 0.9, "train_mean": 0.7844924060751399, "train_median": 0.7937649880095923, "train_std": 0.04422017266650825, "test_mean": 0.5523316062176166, "test_median": 0.5284974093264249, "test_std": 0.037305699481865254}
{"alpha": 0.9, "train_mean": 0.7502797761790567, "train_median": 0.7290167865707434, "train_std": 0.05256267968162305, "test_mean": 0.5606217616580311, "test_median": 0.5647668393782384, "test_std": 0.014433562981537957}
{"alpha": 0.8, "train_mean": 0.7715427657873701, "train_median": 0.7569944044764189, "train_std": 0.06014761597534121, "test_mean": 0.5647668393782384, "test_median": 0.5595854922279793, "test_std": 0.030212185983654383}