{"alpha": 0.5, "train_mean": 0.6953040800615857, "train_median": 0.6882217090069284, "train_std": 0.046510049286284466, "test_mean": 0.7048275862068966, "test_median": 0.7034482758620689, "test_std": 0.06519339198949776}
{"alpha": 0.4, "train_mean": 0.6742109314857582, "train_median": 0.6443418013856813, "train_std": 0.07638785117786416, "test_mean": 0.6841379310344827, "test_median": 0.6827586206896552, "test_std": 0.08071028324594644}

{"alpha": 0.8, "train_mean": 0.6437259430331024, "train_median": 0.6543494996150885, "train_std": 0.053406851422785395, "test_mean": 0.6344827586206897, "test_median": 0.6068965517241379, "test_std": 0.07414995892808614}
{"alpha": 0.5, "train_mean": 0.7234795996920708, "train_median": 0.7613548883756736, "train_std": 0.07537883587407598, "test_mean": 0.6924137931034482, "test_median": 0.696551724137931, "test_std": 0.07254175885409492}
{"alpha": 0.8, "train_mean": 0.6740569668976135, "train_median": 0.6905311778290993, "train_std": 0.060147956634813746, "test_mean": 0.6579310344827586, "test_median": 0.6275862068965518, "test_std": 0.0569706935946576}
{"alpha": 0.5, "train_mean": 0.6722093918398768, "train_median": 0.6474210931485759, "train_std": 0.05870958649583614, "test_mean": 0.6744827586206897, "test_median": 0.6482758620689655, "test_std": 0.056095722503897244}
{"alpha": 0.8, "train_mean": 0.7119322555812163, "train_median": 0.7097767513471901, "train_std": 0.03945641101005934, "test_mean": 0.6951724137931035, "test_median": 0.696551724137931, "test_std": 0.02404909761953476}
{"alpha": 0.8, "train_mean": 0.6880677444187837, "train_median": 0.6974595842956121, "train_std": 0.05569050476577258, "test_mean": 0.689655172413793, "test_median": 0.6482758620689655, "test_std": 0.07839046752211214}
{"alpha": 0.5, "train_mean": 0.7167051578137029, "train_median": 0.7013086989992302, "train_std": 0.05658486635979489, "test_mean": 0.6979310344827587, "test_median": 0.6827586206896552, "test_std": 0.05986906045299504}
{"alpha": 0.9, "train_mean": 0.6871439568899154, "train_median": 0.6959199384141648, "train_std": 0.038551453911154415, "test_mean": 0.6731034482758621, "test_median": 0.6482758620689655, "test_std": 0.05663576597971808}