{"alpha": 0.4, "train_mean": 0.8620477290223247, "train_median": 0.8614318706697459, "train_std": 0.002977533426607196, "test_mean": 0.5282758620689655, "test_median": 0.5103448275862069, "test_std": 0.033954575517492896}
{"alpha": 0.8, "train_mean": 0.7878367975365665, "train_median": 0.8498845265588915, "train_std": 0.0845987427899962, "test_mean": 0.5393103448275862, "test_median": 0.5310344827586206, "test_std": 0.014727004485560434}

{"alpha": 0.5, "train_mean": 0.8326404926866819, "train_median": 0.8629715165511932, "train_std": 0.060051321310077545, "test_mean": 0.5048275862068966, "test_median": 0.503448275862069, "test_std": 0.03473014706762531}
{"alpha": 0.4, "train_mean": 0.8394149345650501, "train_median": 0.8637413394919169, "train_std": 0.04982509123327428, "test_mean": 0.5406896551724139, "test_median": 0.5241379310344828, "test_std": 0.04946323055735476}
{"alpha": 0.8, "train_mean": 0.7688991531947653, "train_median": 0.7321016166281755, "train_std": 0.07578186452143752, "test_mean": 0.5379310344827586, "test_median": 0.5379310344827586, "test_std": 0.05011283344713089}
{"alpha": 0.2, "train_mean": 0.7947652040030793, "train_median": 0.8598922247882987, "train_std": 0.0842097629147167, "test_mean": 0.5641379310344827, "test_median": 0.5241379310344828, "test_std": 0.06548456535431293}
{"alpha": 0.6, "train_mean": 0.8343341031562741, "train_median": 0.859122401847575, "train_std": 0.05580319006203772, "test_mean": 0.5186206896551724, "test_median": 0.496551724137931, "test_std": 0.052231989596583435}
{"alpha": 0.9, "train_mean": 0.8107775211701309, "train_median": 0.8537336412625096, "train_std": 0.08629904013854792, "test_mean": 0.5213793103448275, "test_median": 0.5103448275862069, "test_std": 0.019796827716423892}
{"alpha": 0.9, "train_mean": 0.7856812933025404, "train_median": 0.8491147036181679, "train_std": 0.08119147050050618, "test_mean": 0.5282758620689656, "test_median": 0.5241379310344828, "test_std": 0.029129258044059157}
{"alpha": 0.6, "train_mean": 0.8612779060816012, "train_median": 0.8614318706697459, "train_std": 0.0034220339908996177, "test_mean": 0.5172413793103449, "test_median": 0.5172413793103449, "test_std": 0.009753196981883403}