{"alpha": 0.9, "train_mean": 0.6743405275779376, "train_median": 0.6594724220623501, "train_std": 0.0301374814847595, "test_mean": 0.6663212435233161, "test_median": 0.6476683937823834, "test_std": 0.034772977690285}
{"alpha": 0.9, "train_mean": 0.6762589928057554, "train_median": 0.6562749800159872, "train_std": 0.0407814900133934, "test_mean": 0.6974093264248705, "test_median": 0.6683937823834197, "test_std": 0.05330495813310541}

{"alpha": 0.8, "train_mean": 0.6770583533173461, "train_median": 0.6778577138289369, "train_std": 0.002476727959205389, "test_mean": 0.6715025906735752, "test_median": 0.6683937823834197, "test_std": 0.012943001032950041}
{"alpha": 0.9, "train_mean": 0.657234212629896, "train_median": 0.6562749800159872, "train_std": 0.002547942038450709, "test_mean": 0.6621761658031089, "test_median": 0.6683937823834197, "test_std": 0.0165154170471598}
{"alpha": 0.9, "train_mean": 0.657074340527578, "train_median": 0.6562749800159872, "train_std": 0.0024245804777143294, "test_mean": 0.6621761658031089, "test_median": 0.6683937823834197, "test_std": 0.015159314858370793}
{"alpha": 0.8, "train_mean": 0.6855315747402078, "train_median": 0.6786570743405276, "train_std": 0.05181089549290833, "test_mean": 0.682901554404145, "test_median": 0.6632124352331606, "test_std": 0.06315294916142006}
{"alpha": 0.9, "train_mean": 0.6789768185451639, "train_median": 0.657074340527578, "train_std": 0.043412267780546125, "test_mean": 0.6797927461139897, "test_median": 0.6632124352331606, "test_std": 0.036106220497791386}
{"alpha": 0.9, "train_mean": 0.6588329336530775, "train_median": 0.6594724220623501, "train_std": 0.00117481522435643, "test_mean": 0.6518134715025907, "test_median": 0.6476683937823834, "test_std": 0.007614994019015088}
{"alpha": 0.9, "train_mean": 0.658193445243805, "train_median": 0.6586730615507594, "train_std": 0.00255795363709034, "test_mean": 0.655958549222798, "test_median": 0.6528497409326425, "test_std": 0.016580310880829004}
{"alpha": 0.8, "train_mean": 0.6767386091127098, "train_median": 0.6754596322941646, "train_std": 0.002294596338034763, "test_mean": 0.6746113989637306, "test_median": 0.6839378238341969, "test_std": 0.015851874135521613}
{"alpha": 0.4, "train_mean": 0.6935251798561152, "train_median": 0.6930455635491607, "train_std": 0.004277885902561061, "test_mean": 0.6756476683937823, "test_median": 0.6787564766839378, "test_std": 0.02772868012489046}