{"alpha": 0.4, "train_mean": 0.643982683982684, "train_median": 0.6303030303030303, "train_std": 0.017250090951220504, "test_mean": 0.6408304498269896, "test_median": 0.629757785467128, "test_std": 0.013736632000885284}
{"alpha": 0.8, "train_mean": 0.6599134199134199, "train_median": 0.664069264069264, "train_std": 0.013846318823690959, "test_mean": 0.6429065743944637, "test_median": 0.6401384083044983, "test_std": 0.008588009443592271}

{"alpha": 0.4, "train_mean": 0.6394805194805195, "train_median": 0.6303030303030303, "train_std": 0.01627705627705628, "test_mean": 0.6332179930795847, "test_median": 0.629757785467128, "test_std": 0.008753709785933214}
{"alpha": 0.2, "train_mean": 0.6458874458874458, "train_median": 0.6363636363636364, "train_std": 0.013004317475683858, "test_mean": 0.6429065743944637, "test_median": 0.6366782006920415, "test_std": 0.009387307935121493}
{"alpha": 0.9, "train_mean": 0.64, "train_median": 0.638095238095238, "train_std": 0.010567027741916793, "test_mean": 0.6290657439446367, "test_median": 0.6262975778546713, "test_std": 0.01338344609398873}
{"alpha": 0.9, "train_mean": 0.6254545454545455, "train_median": 0.6207792207792208, "train_std": 0.02095595833650991, "test_mean": 0.6269896193771627, "test_median": 0.6193771626297578, "test_std": 0.02045916332054599}
{"alpha": 0.8, "train_mean": 0.6441558441558441, "train_median": 0.645021645021645, "train_std": 0.016299146840865936, "test_mean": 0.6380622837370243, "test_median": 0.6401384083044983, "test_std": 0.013596458618953968}
{"alpha": 0.2, "train_mean": 0.6425974025974026, "train_median": 0.6363636363636364, "train_std": 0.012467532467532473, "test_mean": 0.643598615916955, "test_median": 0.6366782006920415, "test_std": 0.01384083044982698}
{"alpha": 0.9, "train_mean": 0.6263203463203463, "train_median": 0.6207792207792208, "train_std": 0.023733684805706534, "test_mean": 0.6179930795847751, "test_median": 0.615916955017301, "test_std": 0.020482558597852925}
{"alpha": 0.4, "train_mean": 0.6412121212121212, "train_median": 0.6303030303030303, "train_std": 0.013977791217738926, "test_mean": 0.6387543252595156, "test_median": 0.629757785467128, "test_std": 0.01341918299630817}