{"alpha": 0.4, "train_mean": 0.7508852963818322, "train_median": 0.6751347190146266, "train_std": 0.1264972531488048, "test_mean": 0.6979310344827587, "test_median": 0.6620689655172414, "test_std": 0.05609572250389728}
{"alpha": 0.8, "train_mean": 0.6892994611239415, "train_median": 0.7082371054657429, "train_std": 0.0254698569572127, "test_mean": 0.6786206896551724, "test_median": 0.6620689655172414, "test_std": 0.029129258044059143}
{"alpha": 0.8, "train_mean": 0.6859122401847574, "train_median": 0.6951501154734411, "train_std": 0.024935609601121653, "test_mean": 0.6910344827586207, "test_median": 0.6827586206896552, "test_std": 0.031271128410357625}

{"alpha": 0.6, "train_mean": 0.6760585065434949, "train_median": 0.6666666666666666, "train_std": 0.02033498627387105, "test_mean": 0.6813793103448276, "test_median": 0.6758620689655173, "test_std": 0.015359349966427635}
{"alpha": 0.2, "train_mean": 0.6977675134719015, "train_median": 0.6805234795996921, "train_std": 0.034121831965427785, "test_mean": 0.6813793103448276, "test_median": 0.6689655172413793, "test_std": 0.043267274872712064}
{"alpha": 0.5, "train_mean": 0.6885296381832179, "train_median": 0.6712856043110085, "train_std": 0.02349461274970006, "test_mean": 0.689655172413793, "test_median": 0.6758620689655173, "test_std": 0.030532336029211952}
{"alpha": 0.8, "train_mean": 0.6871439568899153, "train_median": 0.6712856043110085, "train_std": 0.028798375523082908, "test_mean": 0.6910344827586208, "test_median": 0.6689655172413793, "test_std": 0.056769974144156334}
{"alpha": 0.5, "train_mean": 0.6909930715935335, "train_median": 0.6720554272517321, "train_std": 0.024141529590763686, "test_mean": 0.6744827586206896, "test_median": 0.6620689655172414, "test_std": 0.024049097619534745}
{"alpha": 0.9, "train_mean": 0.6652809853733641, "train_median": 0.6404926866820632, "train_std": 0.0309901306003369, "test_mean": 0.6537931034482758, "test_median": 0.6344827586206897, "test_std": 0.027378528608660944}
{"alpha": 0.9, "train_mean": 0.6860662047729023, "train_median": 0.6920708237105466, "train_std": 0.01740821434962597, "test_mean": 0.6786206896551725, "test_median": 0.6689655172413793, "test_std": 0.03193334318011099}
{"alpha": 0.6, "train_mean": 0.7030023094688223, "train_median": 0.7159353348729792, "train_std": 0.023275657401595713, "test_mean": 0.6799999999999999, "test_median": 0.6827586206896552, "test_std": 0.026745819902986627}
{"alpha": 0.4, "train_mean": 0.6986913010007698, "train_median": 0.7043879907621247, "train_std": 0.022047600001342742, "test_mean": 0.6772413793103448, "test_median": 0.6758620689655173, "test_std": 0.008042692268752155}
{"alpha": 0.8, "train_mean": 0.746420323325635, "train_median": 0.7090069284064665, "train_std": 0.1289655402241285, "test_mean": 0.689655172413793, "test_median": 0.6758620689655173, "test_std": 0.030532336029211956}