{"alpha": 0.8, "train_mean": 0.6992207792207792, "train_median": 0.7056277056277056, "train_std": 0.010120615893473572, "test_mean": 0.7107266435986159, "test_median": 0.6885813148788927, "test_std": 0.03076278307390014}
{"alpha": 0.9, "train_mean": 0.6983549783549783, "train_median": 0.7004329004329004, "train_std": 0.006675094464899172, "test_mean": 0.673356401384083, "test_median": 0.671280276816609, "test_std": 0.01785949882430993}

{"alpha": 0.4, "train_mean": 0.6931601731601732, "train_median": 0.6883116883116883, "train_std": 0.012202571724639219, "test_mean": 0.6678200692041522, "test_median": 0.671280276816609, "test_std": 0.012760615165803296}
{"alpha": 0.4, "train_mean": 0.6978354978354979, "train_median": 0.7004329004329004, "train_std": 0.009030929738808879, "test_mean": 0.6975778546712803, "test_median": 0.6955017301038062, "test_std": 0.02875097311811903}
{"alpha": 0.5, "train_mean": 0.6902164502164503, "train_median": 0.6874458874458874, "train_std": 0.006371729694536492, "test_mean": 0.6823529411764706, "test_median": 0.6747404844290658, "test_std": 0.024408570364772873}
{"alpha": 0.2, "train_mean": 0.6921212121212121, "train_median": 0.6874458874458874, "train_std": 0.012116263677600632, "test_mean": 0.6844290657439446, "test_median": 0.6782006920415224, "test_std": 0.027542904833401265}
{"alpha": 0.8, "train_mean": 0.6815584415584416, "train_median": 0.6822510822510822, "train_std": 0.007575633888909915, "test_mean": 0.6761245674740485, "test_median": 0.6643598615916955, "test_std": 0.027560287545660735}
{"alpha": 0.8, "train_mean": 0.6995670995670996, "train_median": 0.7073593073593074, "train_std": 0.01397135428844627, "test_mean": 0.6941176470588235, "test_median": 0.6816608996539792, "test_std": 0.028415868744149215}
{"alpha": 0.8, "train_mean": 0.6857142857142857, "train_median": 0.6761904761904762, "train_std": 0.014342011595392983, "test_mean": 0.6719723183391004, "test_median": 0.6643598615916955, "test_std": 0.021036241043004385}
{"alpha": 0.5, "train_mean": 0.6898701298701297, "train_median": 0.6857142857142857, "train_std": 0.011851039745294339, "test_mean": 0.6775086505190311, "test_median": 0.6782006920415224, "test_std": 0.025181183942782362}