{"alpha": 0.9, "train_mean": 0.6407673860911272, "train_median": 0.6474820143884892, "train_std": 0.022573125620748574, "test_mean": 0.6518134715025906, "test_median": 0.6580310880829016, "test_std": 0.0269031191414449}
{"alpha": 0.9, "train_mean": 0.6319744204636291, "train_median": 0.6506794564348521, "train_std": 0.02929457245991076, "test_mean": 0.610362694300518, "test_median": 0.6010362694300518, "test_std": 0.0241697487869235}

{"alpha": 0.9, "train_mean": 0.6685851318944843, "train_median": 0.6602717825739408, "train_std": 0.011970140078231755, "test_mean": 0.6694300518134714, "test_median": 0.6683937823834197, "test_std": 0.024169748786923528}
{"alpha": 0.9, "train_mean": 0.6476418864908073, "train_median": 0.64828137490008, "train_std": 0.00333056221518781, "test_mean": 0.6673575129533679, "test_median": 0.6683937823834197, "test_std": 0.020828757763981146}
{"alpha": 0.9, "train_mean": 0.6575539568345323, "train_median": 0.6586730615507594, "train_std": 0.005643281405187121, "test_mean": 0.644559585492228, "test_median": 0.6528497409326425, "test_std": 0.01335139764427474}
{"alpha": 0.9, "train_mean": 0.6577138289368506, "train_median": 0.657074340527578, "train_std": 0.005140826599780486, "test_mean": 0.6404145077720208, "test_median": 0.6321243523316062, "test_std": 0.01927572563496196}
{"alpha": 0.9, "train_mean": 0.6719424460431656, "train_median": 0.6634692246203038, "train_std": 0.019959057159764183, "test_mean": 0.661139896373057, "test_median": 0.6580310880829016, "test_std": 0.031533935864669314}
{"alpha": 0.9, "train_mean": 0.654996003197442, "train_median": 0.657074340527578, "train_std": 0.005020085841121539, "test_mean": 0.6518134715025907, "test_median": 0.6580310880829016, "test_std": 0.014433562981537945}
{"alpha": 0.9, "train_mean": 0.6554756195043965, "train_median": 0.6578737010391686, "train_std": 0.005421526765088147, "test_mean": 0.6632124352331606, "test_median": 0.6632124352331606, "test_std": 0.012691656698358434}
{"alpha": 0.9, "train_mean": 0.6439648281374899, "train_median": 0.6562749800159872, "train_std": 0.02389860675897632, "test_mean": 0.6404145077720207, "test_median": 0.6424870466321243, "test_std": 0.02508542681224911}