{"alpha": 0.9, "train_mean": 0.6351515151515151, "train_median": 0.6363636363636364, "train_std": 0.014063335414197027, "test_mean": 0.6373702422145329, "test_median": 0.629757785467128, "test_std": 0.017148113070399786}
{"alpha": 0.5, "train_mean": 0.6303030303030303, "train_median": 0.6277056277056277, "train_std": 0.004380644377722444, "test_mean": 0.6276816608996539, "test_median": 0.6262975778546713, "test_std": 0.0035287332273998572}

{"alpha": 0.9, "train_mean": 0.6330735930735931, "train_median": 0.6406926406926406, "train_std": 0.018693280307626774, "test_mean": 0.6262975778546712, "test_median": 0.6366782006920415, "test_std": 0.017913050665113915}
{"alpha": 0.8, "train_mean": 0.6365367965367965, "train_median": 0.6303030303030303, "train_std": 0.021252898344680526, "test_mean": 0.6332179930795847, "test_median": 0.629757785467128, "test_std": 0.017231694945313104}
{"alpha": 0.9, "train_mean": 0.6427705627705628, "train_median": 0.6441558441558441, "train_std": 0.012541865947866212, "test_mean": 0.6325259515570935, "test_median": 0.6366782006920415, "test_std": 0.013736632000885263}
{"alpha": 0.2, "train_mean": 0.6408658008658009, "train_median": 0.6363636363636364, "train_std": 0.007395378875865859, "test_mean": 0.6401384083044983, "test_median": 0.6366782006920415, "test_std": 0.0069204152249135115}
{"alpha": 0.9, "train_mean": 0.6225108225108225, "train_median": 0.625974025974026, "train_std": 0.022762495896318565, "test_mean": 0.6193771626297577, "test_median": 0.6124567474048442, "test_std": 0.02087626730657213}
{"alpha": 0.6, "train_mean": 0.6382683982683982, "train_median": 0.6242424242424243, "train_std": 0.017948617862995567, "test_mean": 0.6422145328719723, "test_median": 0.6262975778546713, "test_std": 0.019524894089502927}
{"alpha": 0.9, "train_mean": 0.6356709956709957, "train_median": 0.6415584415584416, "train_std": 0.01999531438150433, "test_mean": 0.6276816608996538, "test_median": 0.6332179930795848, "test_std": 0.016170687121865656}
{"alpha": 0.6, "train_mean": 0.6398268398268397, "train_median": 0.6242424242424243, "train_std": 0.019118326063869102, "test_mean": 0.6429065743944637, "test_median": 0.6262975778546713, "test_std": 0.020459163320545953}