{"alpha": 0.9, "train_mean": 0.8254545454545456, "train_median": 0.8251082251082251, "train_std": 0.0020923023330899804, "test_mean": 0.8269896193771625, "test_median": 0.8235294117647058, "test_std": 0.009023117515851393}
{"alpha": 0.9, "train_mean": 0.8283982683982684, "train_median": 0.8285714285714286, "train_std": 0.005030593609119972, "test_mean": 0.8242214532871973, "test_median": 0.8200692041522492, "test_std": 0.027104714225005048}

{"alpha": 0.9, "train_mean": 0.825974025974026, "train_median": 0.8242424242424242, "train_std": 0.00539304294455323, "test_mean": 0.8221453287197231, "test_median": 0.8235294117647058, "test_std": 0.016170687121865618}
{"alpha": 0.6, "train_mean": 0.845887445887446, "train_median": 0.8510822510822511, "train_std": 0.00911355661779447, "test_mean": 0.8276816608996539, "test_median": 0.8235294117647058, "test_std": 0.011029326955369713}
{"alpha": 0.8, "train_mean": 0.8337662337662337, "train_median": 0.8346320346320346, "train_std": 0.00930886930266013, "test_mean": 0.8352941176470589, "test_median": 0.8339100346020761, "test_std": 0.030212982633831254}
{"alpha": 0.8, "train_mean": 0.8353246753246752, "train_median": 0.8363636363636363, "train_std": 0.011863683555297402, "test_mean": 0.8297577854671282, "test_median": 0.8304498269896193, "test_std": 0.008010959794318507}
{"alpha": 0.9, "train_mean": 0.8278787878787879, "train_median": 0.825974025974026, "train_std": 0.005486746153335022, "test_mean": 0.8262975778546713, "test_median": 0.8304498269896193, "test_std": 0.015689666503466607}
{"alpha": 0.8, "train_mean": 0.8375757575757575, "train_median": 0.8372294372294372, "train_std": 0.014861541846666902, "test_mean": 0.8318339100346022, "test_median": 0.8269896193771626, "test_std": 0.01703603269908815}
{"alpha": 0.9, "train_mean": 0.8212987012987014, "train_median": 0.8225108225108225, "train_std": 0.005706409369102729, "test_mean": 0.8442906574394463, "test_median": 0.8373702422145328, "test_std": 0.014350478445209511}
{"alpha": 0.8, "train_mean": 0.8290909090909091, "train_median": 0.8354978354978355, "train_std": 0.011296627830510879, "test_mean": 0.8290657439446367, "test_median": 0.8304498269896193, "test_std": 0.016608996539792413}