{"alpha": 0.9, "train_mean": 0.6063948840927258, "train_median": 0.6059152677857714, "train_std": 0.002796619613834705, "test_mean": 0.5751295336787565, "test_median": 0.5699481865284974, "test_std": 0.006553943337136508}
{"alpha": 0.9, "train_mean": 0.6086330935251799, "train_median": 0.6075139888089528, "train_std": 0.005688392286061462, "test_mean": 0.5886010362694301, "test_median": 0.5854922279792746, "test_std": 0.02307881601173065}

{"alpha": 0.9, "train_mean": 0.6091127098321343, "train_median": 0.609912070343725, "train_std": 0.0031164810055344535, "test_mean": 0.5917098445595854, "test_median": 0.5854922279792746, "test_std": 0.02208007850016842}
{"alpha": 0.9, "train_mean": 0.6081534772182253, "train_median": 0.609912070343725, "train_std": 0.005817235938820228, "test_mean": 0.5709844559585493, "test_median": 0.5595854922279793, "test_std": 0.02158825560207221}
{"alpha": 0.9, "train_mean": 0.608792965627498, "train_median": 0.6067146282973621, "train_std": 0.0049945641412672635, "test_mean": 0.5720207253886012, "test_median": 0.5751295336787565, "test_std": 0.018421128326042667}
{"alpha": 0.9, "train_mean": 0.6111910471622701, "train_median": 0.6107114308553158, "train_std": 0.0020598079499160858, "test_mean": 0.5740932642487048, "test_median": 0.5699481865284974, "test_std": 0.020040497000843226}
{"alpha": 0.9, "train_mean": 0.6091127098321343, "train_median": 0.609912070343725, "train_std": 0.0031974420463628975, "test_mean": 0.5689119170984457, "test_median": 0.5544041450777202, "test_std": 0.024390885587440053}
{"alpha": 0.9, "train_mean": 0.6059152677857714, "train_median": 0.6067146282973621, "train_std": 0.0036805321928765266, "test_mean": 0.5948186528497408, "test_median": 0.5906735751295337, "test_std": 0.02208007850016842}
{"alpha": 0.9, "train_mean": 0.6060751398880895, "train_median": 0.6067146282973621, "train_std": 0.0019839606148666505, "test_mean": 0.6041450777202073, "test_median": 0.6010362694300518, "test_std": 0.023078816011730636}
{"alpha": 0.9, "train_mean": 0.6075139888089528, "train_median": 0.6051159072741806, "train_std": 0.004044479821158601, "test_mean": 0.5844559585492227, "test_median": 0.5854922279792746, "test_std": 0.0076149940190150455}
{"alpha": 0.9, "train_mean": 0.6095923261390886, "train_median": 0.6115107913669064, "train_std": 0.003100035080681905, "test_mean": 0.5813471502590675, "test_median": 0.5751295336787565, "test_std": 0.017768319377701784}