{"alpha": 0.8, "train_mean": 0.6949961508852964, "train_median": 0.7043879907621247, "train_std": 0.019257271271753112, "test_mean": 0.6841379310344828, "test_median": 0.6689655172413793, "test_std": 0.028734712628965063}
{"alpha": 0.9, "train_mean": 0.6571208622016935, "train_median": 0.6828329484218629, "train_std": 0.04055030922605943, "test_mean": 0.6744827586206895, "test_median": 0.6689655172413793, "test_std": 0.04825615361251282}

{"alpha": 0.5, "train_mean": 0.7006928406466513, "train_median": 0.7151655119322555, "train_std": 0.029238681990378376, "test_mean": 0.6772413793103448, "test_median": 0.6896551724137931, "test_std": 0.01655172413793107}
{"alpha": 0.6, "train_mean": 0.6909930715935335, "train_median": 0.6797536566589685, "train_std": 0.02757900757824748, "test_mean": 0.6717241379310346, "test_median": 0.6758620689655173, "test_std": 0.02638776064787445}
{"alpha": 0.9, "train_mean": 0.6913010007698229, "train_median": 0.6905311778290993, "train_std": 0.0030405569912442558, "test_mean": 0.6827586206896552, "test_median": 0.6758620689655173, "test_std": 0.03434455061514132}
{"alpha": 0.8, "train_mean": 0.6791377983063895, "train_median": 0.7013086989992302, "train_std": 0.03693995200578698, "test_mean": 0.6510344827586207, "test_median": 0.6344827586206897, "test_std": 0.035595828691210855}
{"alpha": 0.4, "train_mean": 0.7108545034642032, "train_median": 0.7113163972286374, "train_std": 0.01245686750187454, "test_mean": 0.696551724137931, "test_median": 0.696551724137931, "test_std": 0.023080276594043467}
{"alpha": 0.9, "train_mean": 0.7008468052347959, "train_median": 0.6951501154734411, "train_std": 0.01844107600709202, "test_mean": 0.6827586206896552, "test_median": 0.6896551724137931, "test_std": 0.019506393963766827}
{"alpha": 0.9, "train_mean": 0.6788298691301001, "train_median": 0.6913010007698229, "train_std": 0.0201417225084071, "test_mean": 0.6689655172413793, "test_median": 0.6620689655172414, "test_std": 0.019506393963766827}
{"alpha": 0.2, "train_mean": 0.677752117013087, "train_median": 0.636643571978445, "train_std": 0.05037630977316722, "test_mean": 0.6772413793103448, "test_median": 0.6344827586206897, "test_std": 0.0527755212957489}