{"alpha": 0.2, "train_mean": 0.8290993071593533, "train_median": 0.8252501924557352, "train_std": 0.012733532334494434, "test_mean": 0.8234482758620689, "test_median": 0.8206896551724138, "test_std": 0.01979682771642391}
{"alpha": 0.8, "train_mean": 0.8380292532717476, "train_median": 0.8391070053887606, "train_std": 0.010617976689494475, "test_mean": 0.8137931034482758, "test_median": 0.8, "test_std": 0.039737545630035676}

{"alpha": 0.9, "train_mean": 0.8344880677444187, "train_median": 0.8283294842186297, "train_std": 0.011995412582468038, "test_mean": 0.8137931034482758, "test_median": 0.8068965517241379, "test_std": 0.02428526463677105}
{"alpha": 0.5, "train_mean": 0.8311008468052348, "train_median": 0.8229407236335643, "train_std": 0.013356816255147862, "test_mean": 0.8248275862068966, "test_median": 0.8137931034482758, "test_std": 0.04503400749604003}
{"alpha": 0.5, "train_mean": 0.8347959969207082, "train_median": 0.8367975365665897, "train_std": 0.01214857677880147, "test_mean": 0.8248275862068966, "test_median": 0.8206896551724138, "test_std": 0.04035514162297321}
{"alpha": 0.6, "train_mean": 0.8435719784449576, "train_median": 0.8437259430331023, "train_std": 0.00950848200563173, "test_mean": 0.8165517241379311, "test_median": 0.8137931034482758, "test_std": 0.02249587093834497}
{"alpha": 0.9, "train_mean": 0.8323325635103928, "train_median": 0.8314087759815243, "train_std": 0.012820730267323197, "test_mean": 0.8179310344827586, "test_median": 0.8137931034482758, "test_std": 0.011205570213291001}
{"alpha": 0.6, "train_mean": 0.8374133949191688, "train_median": 0.8414164742109315, "train_std": 0.009508482005631742, "test_mean": 0.8331034482758621, "test_median": 0.8206896551724138, "test_std": 0.04215367390327207}
{"alpha": 0.5, "train_mean": 0.8364896073903003, "train_median": 0.8375673595073133, "train_std": 0.008798911200757218, "test_mean": 0.8248275862068966, "test_median": 0.8275862068965517, "test_std": 0.00935493790775901}
{"alpha": 0.8, "train_mean": 0.8408006158583525, "train_median": 0.8429561200923787, "train_std": 0.0059907856684661516, "test_mean": 0.8206896551724139, "test_median": 0.8137931034482758, "test_std": 0.02091827708703877}