{"alpha": 0.9, "train_mean": 0.5965367965367966, "train_median": 0.5965367965367966, "train_std": 0.0, "test_mean": 0.5986159169550173, "test_median": 0.5986159169550173, "test_std": 0.0}
{"alpha": 0.9, "train_mean": 0.5965367965367966, "train_median": 0.5965367965367966, "train_std": 0.0, "test_mean": 0.5979238754325259, "test_median": 0.5986159169550173, "test_std": 0.0013840830449826757}

{"alpha": 0.9, "train_mean": 0.5965367965367966, "train_median": 0.5965367965367966, "train_std": 0.0, "test_mean": 0.5986159169550173, "test_median": 0.5986159169550173, "test_std": 0.0}
{"alpha": 0.9, "train_mean": 0.5965367965367966, "train_median": 0.5965367965367966, "train_std": 0.0, "test_mean": 0.5986159169550173, "test_median": 0.5986159169550173, "test_std": 0.0}
{"alpha": 0.9, "train_mean": 0.5965367965367966, "train_median": 0.5965367965367966, "train_std": 0.0, "test_mean": 0.5986159169550173, "test_median": 0.5986159169550173, "test_std": 0.0}
{"alpha": 0.9, "train_mean": 0.5965367965367966, "train_median": 0.5965367965367966, "train_std": 0.0, "test_mean": 0.5986159169550173, "test_median": 0.5986159169550173, "test_std": 0.0}
{"alpha": 0.9, "train_mean": 0.5970562770562771, "train_median": 0.5965367965367966, "train_std": 0.0006926406926406725, "test_mean": 0.5965397923875433, "test_median": 0.5986159169550173, "test_std": 0.00276816608996539}
{"alpha": 0.9, "train_mean": 0.5965367965367966, "train_median": 0.5965367965367966, "train_std": 0.0, "test_mean": 0.597923875432526, "test_median": 0.5986159169550173, "test_std": 0.0013840830449826757}
{"alpha": 0.9, "train_mean": 0.5972294372294373, "train_median": 0.5965367965367966, "train_std": 0.0010096886398000499, "test_mean": 0.5965397923875433, "test_median": 0.5986159169550173, "test_std": 0.0027681660899653905}
{"alpha": 0.9, "train_mean": 0.5965367965367966, "train_median": 0.5965367965367966, "train_std": 0.0, "test_mean": 0.5986159169550173, "test_median": 0.5986159169550173, "test_std": 0.0}