{"alpha": 0.8, "train_mean": 0.6758441558441558, "train_median": 0.6753246753246753, "train_std": 0.0031264883264532873, "test_mean": 0.6705882352941176, "test_median": 0.6505190311418685, "test_std": 0.024797886321341084}
{"alpha": 0.8, "train_mean": 0.6916017316017317, "train_median": 0.696969696969697, "train_std": 0.010087973446669805, "test_mean": 0.6782006920415226, "test_median": 0.6920415224913494, "test_std": 0.04064823572481221}

{"alpha": 0.5, "train_mean": 0.6938528138528138, "train_median": 0.6909090909090909, "train_std": 0.012825547488929003, "test_mean": 0.685121107266436, "test_median": 0.6816608996539792, "test_std": 0.040233749076120776}
{"alpha": 0.4, "train_mean": 0.7014718614718615, "train_median": 0.7082251082251082, "train_std": 0.01304345598979498, "test_mean": 0.6865051903114187, "test_median": 0.6851211072664359, "test_std": 0.02773351544569396}
{"alpha": 0.9, "train_mean": 0.699047619047619, "train_median": 0.6978354978354978, "train_std": 0.00500669516703066, "test_mean": 0.673356401384083, "test_median": 0.6643598615916955, "test_std": 0.02649714840010608}
{"alpha": 0.6, "train_mean": 0.6886580086580087, "train_median": 0.6857142857142857, "train_std": 0.011571971911067439, "test_mean": 0.6975778546712802, "test_median": 0.6885813148788927, "test_std": 0.021730544592536462}
{"alpha": 0.5, "train_mean": 0.6928138528138528, "train_median": 0.69004329004329, "train_std": 0.00646516180176434, "test_mean": 0.696885813148789, "test_median": 0.6816608996539792, "test_std": 0.02491349480968861}
{"alpha": 0.9, "train_mean": 0.6973160173160173, "train_median": 0.696969696969697, "train_std": 0.003656919841029063, "test_mean": 0.6851211072664359, "test_median": 0.6782006920415224, "test_std": 0.0209906586686548}
{"alpha": 0.5, "train_mean": 0.6884848484848486, "train_median": 0.6831168831168831, "train_std": 0.008699467835207274, "test_mean": 0.6885813148788927, "test_median": 0.698961937716263, "test_std": 0.025047696983880777}
{"alpha": 0.8, "train_mean": 0.6817316017316016, "train_median": 0.6831168831168831, "train_std": 0.0035739857039913973, "test_mean": 0.6823529411764706, "test_median": 0.6678200692041523, "test_std": 0.042850728250277435}