{"alpha": 0.6, "train_mean": 0.6761904761904761, "train_median": 0.677056277056277, "train_std": 0.0027379027360765243, "test_mean": 0.6546712802768166, "test_median": 0.6505190311418685, "test_std": 0.012066156245095286}
{"alpha": 0.8, "train_mean": 0.6701298701298701, "train_median": 0.6683982683982684, "train_std": 0.0059733985491464345, "test_mean": 0.6671280276816608, "test_median": 0.6643598615916955, "test_std": 0.017425160293445232}

{"alpha": 0.8, "train_mean": 0.6737662337662338, "train_median": 0.6744588744588744, "train_std": 0.0025916241639992923, "test_mean": 0.6525951557093427, "test_median": 0.6505190311418685, "test_std": 0.009688581314878895}
{"alpha": 0.2, "train_mean": 0.6839826839826839, "train_median": 0.6822510822510822, "train_std": 0.00981071201677251, "test_mean": 0.6636678200692041, "test_median": 0.657439446366782, "test_std": 0.031440323021731616}
{"alpha": 0.6, "train_mean": 0.6746320346320347, "train_median": 0.677056277056277, "train_std": 0.006782045377512072, "test_mean": 0.669204152249135, "test_median": 0.6608996539792388, "test_std": 0.02604136708958722}
{"alpha": 0.8, "train_mean": 0.6775757575757576, "train_median": 0.6761904761904762, "train_std": 0.006896037316619894, "test_mean": 0.6470588235294118, "test_median": 0.6505190311418685, "test_std": 0.02076124567474047}
{"alpha": 0.2, "train_mean": 0.6848484848484849, "train_median": 0.6813852813852814, "train_std": 0.006948018232983143, "test_mean": 0.6463667820069203, "test_median": 0.6608996539792388, "test_std": 0.022573711322214664}
{"alpha": 0.4, "train_mean": 0.6780952380952382, "train_median": 0.6805194805194805, "train_std": 0.003848677189765025, "test_mean": 0.6719723183391004, "test_median": 0.657439446366782, "test_std": 0.021375010673329423}
{"alpha": 0.2, "train_mean": 0.6824242424242424, "train_median": 0.6848484848484848, "train_std": 0.008716684293439475, "test_mean": 0.6657439446366782, "test_median": 0.6608996539792388, "test_std": 0.024231337577870715}
{"alpha": 0.8, "train_mean": 0.6725541125541126, "train_median": 0.6753246753246753, "train_std": 0.008954239635565636, "test_mean": 0.6581314878892733, "test_median": 0.643598615916955, "test_std": 0.029636834747908444}