{"alpha": 0.9, "train_mean": 0.596612779060816, "train_median": 0.596612779060816, "train_std": 0.0, "test_mean": 0.6, "test_median": 0.6, "test_std": 0.0}
{"alpha": 0.9, "train_mean": 0.596612779060816, "train_median": 0.596612779060816, "train_std": 0.0, "test_mean": 0.6, "test_median": 0.6, "test_std": 0.0}

{"alpha": 0.9, "train_mean": 0.596612779060816, "train_median": 0.596612779060816, "train_std": 0.0, "test_mean": 0.6, "test_median": 0.6, "test_std": 0.0}
{"alpha": 0.9, "train_mean": 0.5963048498845266, "train_median": 0.596612779060816, "train_std": 0.000615858352578913, "test_mean": 0.5944827586206898, "test_median": 0.6, "test_std": 0.011034482758620668}
{"alpha": 0.9, "train_mean": 0.6063125481139338, "train_median": 0.596612779060816, "train_std": 0.013576848458844432, "test_mean": 0.6055172413793104, "test_median": 0.6, "test_std": 0.018709875815517977}
{"alpha": 0.9, "train_mean": 0.6090839107005388, "train_median": 0.596612779060816, "train_std": 0.02494226327944573, "test_mean": 0.6137931034482759, "test_median": 0.6, "test_std": 0.027586206896551738}
{"alpha": 0.9, "train_mean": 0.6078521939953812, "train_median": 0.596612779060816, "train_std": 0.022478829869130124, "test_mean": 0.6110344827586207, "test_median": 0.6, "test_std": 0.022068965517241378}
{"alpha": 0.9, "train_mean": 0.6032332563510392, "train_median": 0.596612779060816, "train_std": 0.013240954580446518, "test_mean": 0.606896551724138, "test_median": 0.6, "test_std": 0.013793103448275891}
{"alpha": 0.9, "train_mean": 0.6078521939953812, "train_median": 0.596612779060816, "train_std": 0.022478829869130124, "test_mean": 0.6137931034482759, "test_median": 0.6, "test_std": 0.027586206896551738}
{"alpha": 0.9, "train_mean": 0.6040030792917628, "train_median": 0.596612779060816, "train_std": 0.014780600461893778, "test_mean": 0.6027586206896551, "test_median": 0.6, "test_std": 0.005517241379310356}