{"alpha": 0.5, "train_mean": 0.6981818181818182, "train_median": 0.7004329004329004, "train_std": 0.01114968660225472, "test_mean": 0.6809688581314879, "test_median": 0.6747404844290658, "test_std": 0.026748993896315146}
{"alpha": 0.4, "train_mean": 0.6985281385281386, "train_median": 0.6943722943722944, "train_std": 0.00953796665206611, "test_mean": 0.6705882352941176, "test_median": 0.6643598615916955, "test_std": 0.02114976718330259}

{"alpha": 0.8, "train_mean": 0.6964502164502165, "train_median": 0.6909090909090909, "train_std": 0.014222344033510678, "test_mean": 0.6782006920415224, "test_median": 0.6643598615916955, "test_std": 0.02903277088360283}
{"alpha": 0.5, "train_mean": 0.6935064935064935, "train_median": 0.6917748917748918, "train_std": 0.008177121352808708, "test_mean": 0.685121107266436, "test_median": 0.6747404844290658, "test_std": 0.029197263819694088}
{"alpha": 0.9, "train_mean": 0.6962770562770562, "train_median": 0.6961038961038961, "train_std": 0.005674794669497455, "test_mean": 0.669204152249135, "test_median": 0.6678200692041523, "test_std": 0.012872716427500529}
{"alpha": 0.5, "train_mean": 0.7038961038961039, "train_median": 0.7090909090909091, "train_std": 0.010744306187005085, "test_mean": 0.6927335640138408, "test_median": 0.6920415224913494, "test_std": 0.02546487127055237}
{"alpha": 0.4, "train_mean": 0.6935064935064934, "train_median": 0.6909090909090909, "train_std": 0.011288662173511082, "test_mean": 0.6934256055363321, "test_median": 0.6851211072664359, "test_std": 0.016752551469771927}
{"alpha": 0.5, "train_mean": 0.704935064935065, "train_median": 0.7116883116883117, "train_std": 0.013020447582412088, "test_mean": 0.693425605536332, "test_median": 0.6920415224913494, "test_std": 0.021949829103326934}
{"alpha": 0.6, "train_mean": 0.6890043290043291, "train_median": 0.6891774891774892, "train_std": 0.008036572388482969, "test_mean": 0.6740484429065744, "test_median": 0.6747404844290658, "test_std": 0.0337188310452037}
{"alpha": 0.9, "train_mean": 0.6905627705627706, "train_median": 0.6909090909090909, "train_std": 0.004191763960834706, "test_mean": 0.6892733564013842, "test_median": 0.6816608996539792, "test_std": 0.01849188818807945}