{"alpha": 0.9, "train_mean": 0.6488311688311688, "train_median": 0.6329004329004329, "train_std": 0.023112829386616244, "test_mean": 0.6346020761245675, "test_median": 0.6332179930795848, "test_std": 0.029733634683655145}
{"alpha": 0.9, "train_mean": 0.6287445887445887, "train_median": 0.6303030303030303, "train_std": 0.004723179808479963, "test_mean": 0.6283737024221454, "test_median": 0.6332179930795848, "test_std": 0.01952489408950297}

{"alpha": 0.9, "train_mean": 0.6299567099567099, "train_median": 0.6303030303030303, "train_std": 0.0016058213845014395, "test_mean": 0.6262975778546712, "test_median": 0.6332179930795848, "test_std": 0.016229812317728142}
{"alpha": 0.9, "train_mean": 0.6313419913419913, "train_median": 0.6285714285714286, "train_std": 0.014114413071733221, "test_mean": 0.6339100346020761, "test_median": 0.629757785467128, "test_std": 0.014745519552015592}
{"alpha": 0.9, "train_mean": 0.6379220779220778, "train_median": 0.625974025974026, "train_std": 0.023877274719831955, "test_mean": 0.6380622837370241, "test_median": 0.629757785467128, "test_std": 0.024428183522107634}
{"alpha": 0.9, "train_mean": 0.6283982683982684, "train_median": 0.6277056277056277, "train_std": 0.003068406086003364, "test_mean": 0.6214532871972318, "test_median": 0.6228373702422145, "test_std": 0.014615025662244218}
{"alpha": 0.9, "train_mean": 0.6275324675324676, "train_median": 0.6251082251082251, "train_std": 0.006418615755099807, "test_mean": 0.615916955017301, "test_median": 0.6228373702422145, "test_std": 0.018178443649223115}
{"alpha": 0.9, "train_mean": 0.6206060606060606, "train_median": 0.6303030303030303, "train_std": 0.015287209319025592, "test_mean": 0.6179930795847751, "test_median": 0.6124567474048442, "test_std": 0.01812567592208831}
{"alpha": 0.9, "train_mean": 0.6342857142857142, "train_median": 0.6285714285714286, "train_std": 0.0136741728293677, "test_mean": 0.6352941176470588, "test_median": 0.6401384083044983, "test_std": 0.020365313452681187}
{"alpha": 0.9, "train_mean": 0.6283982683982684, "train_median": 0.6277056277056277, "train_std": 0.004495499562163532, "test_mean": 0.631833910034602, "test_median": 0.6262975778546713, "test_std": 0.019027995965214543}