{"alpha": 0.5, "train_mean": 0.6813749000799361, "train_median": 0.6802557953637091, "train_std": 0.0024560018378476747, "test_mean": 0.6538860103626943, "test_median": 0.6632124352331606, "test_std": 0.01806797489550537}
{"alpha": 0.2, "train_mean": 0.7018385291766587, "train_median": 0.6698641087130296, "train_std": 0.0651623470427552, "test_mean": 0.7015544041450779, "test_median": 0.6735751295336787, "test_std": 0.059312281953385226}

{"alpha": 0.6, "train_mean": 0.6914468425259793, "train_median": 0.6834532374100719, "train_std": 0.017694599217568885, "test_mean": 0.6704663212435233, "test_median": 0.6683937823834197, "test_std": 0.013351397644274744}
{"alpha": 0.2, "train_mean": 0.6816946442845724, "train_median": 0.6706634692246203, "train_std": 0.019938557416612303, "test_mean": 0.6984455958549223, "test_median": 0.6839378238341969, "test_std": 0.030984282668862245}
{"alpha": 0.2, "train_mean": 0.6700239808153478, "train_median": 0.6706634692246203, "train_std": 0.0015500175403409626, "test_mean": 0.6663212435233161, "test_median": 0.6580310880829016, "test_std": 0.013351397644274739}
{"alpha": 0.8, "train_mean": 0.6864908073541167, "train_median": 0.6866506794564349, "train_std": 0.0038302633255670247, "test_mean": 0.6860103626943006, "test_median": 0.6787564766839378, "test_std": 0.022608729771265712}
{"alpha": 0.4, "train_mean": 0.6880895283772981, "train_median": 0.6842525979216627, "train_std": 0.012273763528485538, "test_mean": 0.6694300518134715, "test_median": 0.6580310880829016, "test_std": 0.03784866811968843}
{"alpha": 0.2, "train_mean": 0.6799360511590727, "train_median": 0.6706634692246203, "train_std": 0.0191419722424886, "test_mean": 0.682901554404145, "test_median": 0.6735751295336787, "test_std": 0.054775441601668445}
{"alpha": 0.2, "train_mean": 0.6872901678657073, "train_median": 0.6730615507593924, "train_std": 0.023219462213140505, "test_mean": 0.6880829015544041, "test_median": 0.6787564766839378, "test_std": 0.029926485136152637}
{"alpha": 0.4, "train_mean": 0.6751398880895284, "train_median": 0.6754596322941646, "train_std": 0.0016459840353296713, "test_mean": 0.682901554404145, "test_median": 0.6839378238341969, "test_std": 0.010047004885836954}