{"alpha": 0.9, "train_mean": 0.6144726712856043, "train_median": 0.6120092378752887, "train_std": 0.01321227895484213, "test_mean": 0.6151724137931034, "test_median": 0.6137931034482759, "test_std": 0.05419829711555451}
{"alpha": 0.8, "train_mean": 0.6535796766743649, "train_median": 0.6412625096227867, "train_std": 0.04672514520552274, "test_mean": 0.6427586206896552, "test_median": 0.6137931034482759, "test_std": 0.08451019962505044}

{"alpha": 0.4, "train_mean": 0.6506543494996151, "train_median": 0.6304849884526559, "train_std": 0.03770215220323673, "test_mean": 0.6427586206896552, "test_median": 0.6275862068965518, "test_std": 0.019700492216669918}
{"alpha": 0.9, "train_mean": 0.6277136258660508, "train_median": 0.6381832178598922, "train_std": 0.05582909673832294, "test_mean": 0.6317241379310345, "test_median": 0.6206896551724138, "test_std": 0.06959710792575373}
{"alpha": 0.8, "train_mean": 0.6210931485758275, "train_median": 0.6158583525789069, "train_std": 0.026279730217881436, "test_mean": 0.626206896551724, "test_median": 0.6137931034482759, "test_std": 0.018709875815517966}
{"alpha": 0.5, "train_mean": 0.6426481909160893, "train_median": 0.6274056966897613, "train_std": 0.0426189999120455, "test_mean": 0.6303448275862069, "test_median": 0.6275862068965518, "test_std": 0.022068965517241385}
{"alpha": 0.9, "train_mean": 0.6053887605850654, "train_median": 0.5842956120092379, "train_std": 0.05148176167123981, "test_mean": 0.6124137931034482, "test_median": 0.6068965517241379, "test_std": 0.06548456535431295}
{"alpha": 0.9, "train_mean": 0.6123171670515781, "train_median": 0.6073903002309469, "train_std": 0.055573752161734866, "test_mean": 0.6151724137931035, "test_median": 0.6, "test_std": 0.06081491775185824}
{"alpha": 0.9, "train_mean": 0.6041570438799077, "train_median": 0.596612779060816, "train_std": 0.05524819251028224, "test_mean": 0.6027586206896551, "test_median": 0.6, "test_std": 0.058940305156473076}
{"alpha": 0.8, "train_mean": 0.6180138568129331, "train_median": 0.6158583525789069, "train_std": 0.03145327343532115, "test_mean": 0.616551724137931, "test_median": 0.6137931034482759, "test_std": 0.03102681897710894}