{"alpha": 0.9, "train_mean": 0.6841558441558442, "train_median": 0.6848484848484848, "train_std": 0.00588235073643739, "test_mean": 0.6934256055363323, "test_median": 0.6920415224913494, "test_std": 0.008361969531899377}
{"alpha": 0.9, "train_mean": 0.6838095238095239, "train_median": 0.6813852813852814, "train_std": 0.007126966450997966, "test_mean": 0.6892733564013841, "test_median": 0.6955017301038062, "test_std": 0.03204383917727398}

{"alpha": 0.9, "train_mean": 0.6834632034632036, "train_median": 0.683982683982684, "train_std": 0.004083056665818755, "test_mean": 0.6948096885813149, "test_median": 0.6955017301038062, "test_std": 0.012456747404844292}
{"alpha": 0.9, "train_mean": 0.6815584415584415, "train_median": 0.6805194805194805, "train_std": 0.0031646176419908205, "test_mean": 0.6871972318339101, "test_median": 0.6955017301038062, "test_std": 0.016170687121865646}
{"alpha": 0.9, "train_mean": 0.6836363636363636, "train_median": 0.6865800865800866, "train_std": 0.008873508554333479, "test_mean": 0.6865051903114188, "test_median": 0.6851211072664359, "test_std": 0.02481719180213303}
{"alpha": 0.9, "train_mean": 0.6829437229437229, "train_median": 0.6848484848484848, "train_std": 0.007904908890398845, "test_mean": 0.6740484429065744, "test_median": 0.6643598615916955, "test_std": 0.028144912674965758}
{"alpha": 0.9, "train_mean": 0.6884848484848485, "train_median": 0.6874458874458874, "train_std": 0.005856808493606129, "test_mean": 0.673356401384083, "test_median": 0.6643598615916955, "test_std": 0.016021919588637006}
{"alpha": 0.9, "train_mean": 0.6857142857142857, "train_median": 0.6874458874458874, "train_std": 0.008268284942901005, "test_mean": 0.675432525951557, "test_median": 0.6608996539792388, "test_std": 0.025181183942782348}
{"alpha": 0.9, "train_mean": 0.6910822510822511, "train_median": 0.6909090909090909, "train_std": 0.0038486771897649798, "test_mean": 0.6643598615916955, "test_median": 0.657439446366782, "test_std": 0.028784268986969425}
{"alpha": 0.9, "train_mean": 0.6902164502164502, "train_median": 0.69004329004329, "train_std": 0.005030593609119984, "test_mean": 0.6761245674740485, "test_median": 0.6747404844290658, "test_std": 0.01493912328368367}