{"alpha": 0.9, "train_mean": 0.60846805234796, "train_median": 0.6312548113933796, "train_std": 0.06604273275460557, "test_mean": 0.5903448275862069, "test_median": 0.6068965517241379, "test_std": 0.10028259712713675}
{"alpha": 0.8, "train_mean": 0.6598922247882987, "train_median": 0.6458814472671286, "train_std": 0.04312492871019783, "test_mean": 0.6551724137931034, "test_median": 0.6137931034482759, "test_std": 0.05142441898567516}

{"alpha": 0.8, "train_mean": 0.6120092378752886, "train_median": 0.6158583525789069, "train_std": 0.01791555129519799, "test_mean": 0.6041379310344828, "test_median": 0.6137931034482759, "test_std": 0.012024548809767398}
{"alpha": 0.9, "train_mean": 0.6301770592763664, "train_median": 0.596612779060816, "train_std": 0.058987930858578355, "test_mean": 0.6303448275862069, "test_median": 0.6, "test_std": 0.05763471011248601}
{"alpha": 0.9, "train_mean": 0.6164742109314857, "train_median": 0.596612779060816, "train_std": 0.04344803203431293, "test_mean": 0.6331034482758622, "test_median": 0.6, "test_std": 0.07290800158015176}
{"alpha": 0.4, "train_mean": 0.6378752886836028, "train_median": 0.6304849884526559, "train_std": 0.014780600461893778, "test_mean": 0.6331034482758622, "test_median": 0.6275862068965518, "test_std": 0.011034482758620666}
{"alpha": 0.9, "train_mean": 0.648960739030023, "train_median": 0.596612779060816, "train_std": 0.08518152584735894, "test_mean": 0.6551724137931034, "test_median": 0.6, "test_std": 0.10050999559854723}
{"alpha": 0.9, "train_mean": 0.5996920708237106, "train_median": 0.596612779060816, "train_std": 0.04861966694481578, "test_mean": 0.5848275862068966, "test_median": 0.6, "test_std": 0.033898498558467584}
{"alpha": 0.9, "train_mean": 0.6557351809083911, "train_median": 0.596612779060816, "train_std": 0.08177447584913083, "test_mean": 0.6413793103448275, "test_median": 0.6, "test_std": 0.06643638388299196}
{"alpha": 0.5, "train_mean": 0.6234026173979985, "train_median": 0.6274056966897613, "train_std": 0.030101553588544893, "test_mean": 0.6055172413793104, "test_median": 0.6275862068965518, "test_std": 0.03762257019858171}