{"alpha": 0.9, "train_mean": 0.6206060606060607, "train_median": 0.6138528138528139, "train_std": 0.019447976666111404, "test_mean": 0.6179930795847751, "test_median": 0.6228373702422145, "test_std": 0.021730544592536465}
{"alpha": 0.9, "train_mean": 0.6256277056277055, "train_median": 0.6277056277056277, "train_std": 0.019996813898877287, "test_mean": 0.6200692041522491, "test_median": 0.6089965397923875, "test_std": 0.01974441884800985}

{"alpha": 0.2, "train_mean": 0.6405194805194805, "train_median": 0.6363636363636364, "train_std": 0.008311688311688315, "test_mean": 0.6422145328719723, "test_median": 0.6366782006920415, "test_std": 0.011072664359861584}
{"alpha": 0.4, "train_mean": 0.6427705627705629, "train_median": 0.6303030303030303, "train_std": 0.016045137882057667, "test_mean": 0.6435986159169549, "test_median": 0.629757785467128, "test_std": 0.017092164754641495}
{"alpha": 0.5, "train_mean": 0.6427705627705628, "train_median": 0.638095238095238, "train_std": 0.015338121134392068, "test_mean": 0.643598615916955, "test_median": 0.629757785467128, "test_std": 0.02029464124375803}
{"alpha": 0.5, "train_mean": 0.638961038961039, "train_median": 0.6277056277056277, "train_std": 0.014237094227597915, "test_mean": 0.6332179930795848, "test_median": 0.6262975778546713, "test_std": 0.008753709785933225}
{"alpha": 0.4, "train_mean": 0.6403463203463203, "train_median": 0.6303030303030303, "train_std": 0.013011232827130197, "test_mean": 0.6408304498269896, "test_median": 0.629757785467128, "test_std": 0.018876376051191485}
{"alpha": 0.2, "train_mean": 0.6386147186147186, "train_median": 0.6363636363636364, "train_std": 0.004946443933189844, "test_mean": 0.6373702422145329, "test_median": 0.6366782006920415, "test_std": 0.00138408304498272}
{"alpha": 0.4, "train_mean": 0.6509090909090909, "train_median": 0.6502164502164502, "train_std": 0.018620959388772416, "test_mean": 0.6505190311418685, "test_median": 0.643598615916955, "test_std": 0.020529269168430887}
{"alpha": 0.2, "train_mean": 0.6413852813852813, "train_median": 0.6363636363636364, "train_std": 0.009201960350189735, "test_mean": 0.643598615916955, "test_median": 0.6366782006920415, "test_std": 0.009539134084491521}