{"alpha": 0.5, "train_mean": 0.6464973056197074, "train_median": 0.6274056966897613, "train_std": 0.038183217859892246, "test_mean": 0.64, "test_median": 0.6275862068965518, "test_std": 0.024827586206896558}
{"alpha": 0.4, "train_mean": 0.637721324095458, "train_median": 0.6304849884526559, "train_std": 0.0144726712856043, "test_mean": 0.6317241379310345, "test_median": 0.6275862068965518, "test_std": 0.00827586206896549}

{"alpha": 0.5, "train_mean": 0.6528098537336413, "train_median": 0.6274056966897613, "train_std": 0.03559213740243238, "test_mean": 0.6537931034482759, "test_median": 0.6275862068965518, "test_std": 0.0428253095069242}
{"alpha": 0.8, "train_mean": 0.6551193225558121, "train_median": 0.6589684372594303, "train_std": 0.021566037006796764, "test_mean": 0.6248275862068966, "test_median": 0.6137931034482759, "test_std": 0.04331122336029679}
{"alpha": 0.5, "train_mean": 0.6589684372594303, "train_median": 0.6451116243264049, "train_std": 0.03610461384916916, "test_mean": 0.6179310344827587, "test_median": 0.6275862068965518, "test_std": 0.04770101094011193}
{"alpha": 0.5, "train_mean": 0.634949961508853, "train_median": 0.6274056966897613, "train_std": 0.015088529638183213, "test_mean": 0.6289655172413794, "test_median": 0.6275862068965518, "test_std": 0.0027586206896551787}
{"alpha": 0.4, "train_mean": 0.6566589684372593, "train_median": 0.6304849884526559, "train_std": 0.03750863037745907, "test_mean": 0.6510344827586207, "test_median": 0.6275862068965518, "test_std": 0.03252365826910783}
{"alpha": 0.4, "train_mean": 0.6497305619707467, "train_median": 0.6304849884526559, "train_std": 0.03849114703618168, "test_mean": 0.6441379310344828, "test_median": 0.6275862068965518, "test_std": 0.03310344827586204}
{"alpha": 0.4, "train_mean": 0.6560431100846805, "train_median": 0.6304849884526559, "train_std": 0.035184866776500574, "test_mean": 0.6510344827586207, "test_median": 0.6275862068965518, "test_std": 0.04689655172413793}
{"alpha": 0.4, "train_mean": 0.675442648190916, "train_median": 0.6705157813702848, "train_std": 0.04138927822632943, "test_mean": 0.6606896551724138, "test_median": 0.6275862068965518, "test_std": 0.046652509035276575}