{"alpha": 0.5, "train_mean": 0.7136258660508084, "train_median": 0.7028483448806775, "train_std": 0.03613742728305205, "test_mean": 0.6827586206896552, "test_median": 0.6827586206896552, "test_std": 0.032052275968613125}
{"alpha": 0.5, "train_mean": 0.7039260969976906, "train_median": 0.6820631254811393, "train_std": 0.058863221356351414, "test_mean": 0.6689655172413793, "test_median": 0.6482758620689655, "test_std": 0.054652724844576415}

{"alpha": 0.5, "train_mean": 0.683910700538876, "train_median": 0.7159353348729792, "train_std": 0.0592105450216706, "test_mean": 0.6717241379310345, "test_median": 0.6758620689655173, "test_std": 0.10169549567540284}
{"alpha": 0.2, "train_mean": 0.7036181678214011, "train_median": 0.7244033872209392, "train_std": 0.044924956732703296, "test_mean": 0.6882758620689656, "test_median": 0.6896551724137931, "test_std": 0.030344827586206876}
{"alpha": 0.4, "train_mean": 0.7308698999230178, "train_median": 0.7259430331023865, "train_std": 0.04612415204915452, "test_mean": 0.7089655172413794, "test_median": 0.696551724137931, "test_std": 0.03983318366398249}
{"alpha": 0.9, "train_mean": 0.7285604311008468, "train_median": 0.7390300230946882, "train_std": 0.020371091836509016, "test_mean": 0.7089655172413794, "test_median": 0.696551724137931, "test_std": 0.056769974144156334}
{"alpha": 0.6, "train_mean": 0.6911470361816783, "train_median": 0.7236335642802155, "train_std": 0.0625016585938165, "test_mean": 0.6813793103448276, "test_median": 0.6827586206896552, "test_std": 0.06143739986571058}
{"alpha": 0.5, "train_mean": 0.7490377213240954, "train_median": 0.7390300230946882, "train_std": 0.05517434388534875, "test_mean": 0.7337931034482759, "test_median": 0.6896551724137931, "test_std": 0.07918731086569555}
{"alpha": 0.2, "train_mean": 0.7057736720554273, "train_median": 0.6866820631254812, "train_std": 0.04058478507357829, "test_mean": 0.6910344827586207, "test_median": 0.6551724137931034, "test_std": 0.058746315693922344}
{"alpha": 0.5, "train_mean": 0.7137798306389531, "train_median": 0.6989992301770592, "train_std": 0.026135006985187646, "test_mean": 0.686896551724138, "test_median": 0.6758620689655173, "test_std": 0.0342335824716989}