{"alpha": 0.9, "train_mean": 0.7933795227097767, "train_median": 0.850654349499615, "train_std": 0.0740609679482674, "test_mean": 0.5227586206896552, "test_median": 0.5310344827586206, "test_std": 0.033045927036443976}
{"alpha": 0.6, "train_mean": 0.8337182448036952, "train_median": 0.8606620477290223, "train_std": 0.0543431749226417, "test_mean": 0.5324137931034483, "test_median": 0.5379310344827586, "test_std": 0.019211570037495324}

{"alpha": 0.8, "train_mean": 0.8007698229407236, "train_median": 0.8552732871439569, "train_std": 0.07256519441179544, "test_mean": 0.5296551724137931, "test_median": 0.5172413793103449, "test_std": 0.03762257019858168}
{"alpha": 0.5, "train_mean": 0.861431870669746, "train_median": 0.8598922247882987, "train_std": 0.003477009943228987, "test_mean": 0.5517241379310345, "test_median": 0.5379310344827586, "test_std": 0.04021346134376071}
{"alpha": 0.9, "train_mean": 0.822016936104696, "train_median": 0.8545034642032333, "train_std": 0.06733447241802795, "test_mean": 0.526896551724138, "test_median": 0.5241379310344828, "test_std": 0.05697069359465762}
{"alpha": 0.8, "train_mean": 0.8118552732871439, "train_median": 0.8560431100846805, "train_std": 0.0903046607656346, "test_mean": 0.5379310344827586, "test_median": 0.5172413793103449, "test_std": 0.04677468953879496}
{"alpha": 0.6, "train_mean": 0.7998460354118553, "train_median": 0.8568129330254042, "train_std": 0.07652365301178571, "test_mean": 0.5572413793103449, "test_median": 0.5379310344827586, "test_std": 0.044779815395166685}
{"alpha": 0.8, "train_mean": 0.8589684372594302, "train_median": 0.8606620477290223, "train_std": 0.003387220939183974, "test_mean": 0.5337931034482758, "test_median": 0.5310344827586206, "test_std": 0.02945400897112087}
{"alpha": 0.8, "train_mean": 0.8292532717474981, "train_median": 0.8552732871439569, "train_std": 0.05632747691152421, "test_mean": 0.5255172413793103, "test_median": 0.5172413793103449, "test_std": 0.05331351197265566}
{"alpha": 0.5, "train_mean": 0.8600461893764434, "train_median": 0.8606620477290223, "train_std": 0.003937401648204586, "test_mean": 0.526896551724138, "test_median": 0.5172413793103449, "test_std": 0.02709914855777725}