{"alpha": 0.2, "train_mean": 0.6900692840646651, "train_median": 0.7028483448806775, "train_std": 0.05874631795860338, "test_mean": 0.6910344827586207, "test_median": 0.6482758620689655, "test_std": 0.07065516399925902}
{"alpha": 0.5, "train_mean": 0.6685142417244034, "train_median": 0.648960739030023, "train_std": 0.06671234258895355, "test_mean": 0.6634482758620688, "test_median": 0.6551724137931034, "test_std": 0.07277741218357471}

{"alpha": 0.2, "train_mean": 0.7196304849884527, "train_median": 0.7251732101616628, "train_std": 0.05704465907531679, "test_mean": 0.6951724137931035, "test_median": 0.696551724137931, "test_std": 0.0580950060376626}
{"alpha": 0.8, "train_mean": 0.6999230177059277, "train_median": 0.7097767513471901, "train_std": 0.044770085460219426, "test_mean": 0.689655172413793, "test_median": 0.696551724137931, "test_std": 0.0738929392329869}
{"alpha": 0.2, "train_mean": 0.7401077752117013, "train_median": 0.7528868360277137, "train_std": 0.04901445192311548, "test_mean": 0.7186206896551723, "test_median": 0.7034482758620689, "test_std": 0.08291938408380213}
{"alpha": 0.4, "train_mean": 0.722247882986913, "train_median": 0.7143956889915319, "train_std": 0.0355201343533871, "test_mean": 0.6855172413793105, "test_median": 0.6896551724137931, "test_std": 0.028132521454304997}
{"alpha": 0.6, "train_mean": 0.6865280985373363, "train_median": 0.6759045419553503, "train_std": 0.052480021799431564, "test_mean": 0.6910344827586207, "test_median": 0.696551724137931, "test_std": 0.04192740456157422}
{"alpha": 0.5, "train_mean": 0.761046959199384, "train_median": 0.7613548883756736, "train_std": 0.048849739335329566, "test_mean": 0.736551724137931, "test_median": 0.7103448275862069, "test_std": 0.060185997873852246}
{"alpha": 0.2, "train_mean": 0.6802155504234026, "train_median": 0.6859122401847575, "train_std": 0.038863785134164275, "test_mean": 0.7103448275862069, "test_median": 0.6758620689655173, "test_std": 0.06614940032155475}
{"alpha": 0.2, "train_mean": 0.7002309468822172, "train_median": 0.7313317936874519, "train_std": 0.06956507889672907, "test_mean": 0.6855172413793104, "test_median": 0.6827586206896552, "test_std": 0.06359802418426762}