{"alpha": 0.8, "train_mean": 0.6281755196304849, "train_median": 0.5996920708237106, "train_std": 0.06993450562590216, "test_mean": 0.616551724137931, "test_median": 0.5793103448275863, "test_std": 0.06162291835500325}
{"alpha": 0.6, "train_mean": 0.7028483448806775, "train_median": 0.6828329484218629, "train_std": 0.09936144985246828, "test_mean": 0.6910344827586208, "test_median": 0.6413793103448275, "test_std": 0.09969275034258017}

{"alpha": 0.8, "train_mean": 0.6645111624326405, "train_median": 0.6158583525789069, "train_std": 0.10432779550685457, "test_mean": 0.6675862068965517, "test_median": 0.6137931034482759, "test_std": 0.11183476855516958}
{"alpha": 0.8, "train_mean": 0.6845265588914551, "train_median": 0.6697459584295612, "train_std": 0.07574744794101608, "test_mean": 0.6662068965517242, "test_median": 0.6275862068965518, "test_std": 0.096610819353586}
{"alpha": 0.9, "train_mean": 0.6387990762124711, "train_median": 0.6104695919938414, "train_std": 0.056169438615819904, "test_mean": 0.6193103448275863, "test_median": 0.6, "test_std": 0.05056635249606444}
{"alpha": 0.6, "train_mean": 0.6472671285604311, "train_median": 0.6043110084680523, "train_std": 0.0667368560597026, "test_mean": 0.6386206896551725, "test_median": 0.5862068965517241, "test_std": 0.08751830112670517}
{"alpha": 0.5, "train_mean": 0.6463433410315627, "train_median": 0.6435719784449576, "train_std": 0.026113229321255597, "test_mean": 0.6579310344827587, "test_median": 0.6275862068965518, "test_std": 0.0542333882795517}
{"alpha": 0.4, "train_mean": 0.6384911470361817, "train_median": 0.6558891454965358, "train_std": 0.08082275696943322, "test_mean": 0.6358620689655172, "test_median": 0.6206896551724138, "test_std": 0.07303835748895848}
{"alpha": 0.9, "train_mean": 0.6380292532717475, "train_median": 0.6304849884526559, "train_std": 0.05614200007253061, "test_mean": 0.6275862068965516, "test_median": 0.6068965517241379, "test_std": 0.07453382668196577}
{"alpha": 0.8, "train_mean": 0.6836027713625865, "train_median": 0.7105465742879138, "train_std": 0.07528537754209483, "test_mean": 0.6703448275862068, "test_median": 0.6620689655172414, "test_std": 0.07105791377871037}