{"alpha": 0.2, "train_mean": 0.6847322142286172, "train_median": 0.6706634692246203, "train_std": 0.02899200241670486, "test_mean": 0.6704663212435233, "test_median": 0.6683937823834197, "test_std": 0.018127311590192624}
{"alpha": 0.6, "train_mean": 0.6893685051958434, "train_median": 0.6818545163868905, "train_std": 0.014242083102362971, "test_mean": 0.6756476683937823, "test_median": 0.6735751295336787, "test_std": 0.016253250923687148}

{"alpha": 0.2, "train_mean": 0.6887290167865707, "train_median": 0.6802557953637091, "train_std": 0.01608761437326206, "test_mean": 0.6663212435233161, "test_median": 0.6424870466321243, "test_std": 0.06384630798238078}
{"alpha": 0.4, "train_mean": 0.6874500399680257, "train_median": 0.6826538768984812, "train_std": 0.013115360065223772, "test_mean": 0.6808290155440415, "test_median": 0.689119170984456, "test_std": 0.02529856086162424}
{"alpha": 0.9, "train_mean": 0.7159072741806555, "train_median": 0.7034372501998402, "train_std": 0.038384622575152405, "test_mean": 0.6984455958549224, "test_median": 0.6683937823834197, "test_std": 0.055650659407658266}
{"alpha": 0.2, "train_mean": 0.6866506794564348, "train_median": 0.6722621902478018, "train_std": 0.02434574451973631, "test_mean": 0.6829015544041451, "test_median": 0.689119170984456, "test_std": 0.0250425823286934}
{"alpha": 0.2, "train_mean": 0.6685851318944844, "train_median": 0.6690647482014388, "train_std": 0.004482124946083502, "test_mean": 0.6735751295336787, "test_median": 0.6632124352331606, "test_std": 0.026010156265308032}
{"alpha": 0.4, "train_mean": 0.6837729816147082, "train_median": 0.6818545163868905, "train_std": 0.01073169397079994, "test_mean": 0.666321243523316, "test_median": 0.6632124352331606, "test_std": 0.024434872792853057}
{"alpha": 0.2, "train_mean": 0.6837729816147082, "train_median": 0.6746602717825739, "train_std": 0.02701128944419086, "test_mean": 0.6580310880829014, "test_median": 0.6373056994818653, "test_std": 0.035141606130182725}
{"alpha": 0.2, "train_mean": 0.6727418065547562, "train_median": 0.6706634692246203, "train_std": 0.005145795983830902, "test_mean": 0.6445595854922279, "test_median": 0.6476683937823834, "test_std": 0.032207814026777304}