{"alpha": 0.9, "train_mean": 0.642077922077922, "train_median": 0.6329004329004329, "train_std": 0.016007719132702464, "test_mean": 0.6249134948096886, "test_median": 0.6228373702422145, "test_std": 0.015871757704054988}
{"alpha": 0.9, "train_mean": 0.6258008658008658, "train_median": 0.6268398268398269, "train_std": 0.0027597190390492173, "test_mean": 0.6311418685121108, "test_median": 0.6332179930795848, "test_std": 0.009438188025595737}

{"alpha": 0.9, "train_mean": 0.6441558441558441, "train_median": 0.6346320346320347, "train_std": 0.01877011548803359, "test_mean": 0.6359861591695501, "test_median": 0.629757785467128, "test_std": 0.013736632000885249}
{"alpha": 0.9, "train_mean": 0.6292640692640693, "train_median": 0.6311688311688312, "train_std": 0.004691330626543424, "test_mean": 0.613840830449827, "test_median": 0.6020761245674741, "test_std": 0.017176018887184574}
{"alpha": 0.9, "train_mean": 0.6424242424242423, "train_median": 0.6303030303030303, "train_std": 0.021015967339842456, "test_mean": 0.6422145328719724, "test_median": 0.6505190311418685, "test_std": 0.026677280646915415}
{"alpha": 0.9, "train_mean": 0.6413852813852814, "train_median": 0.6277056277056277, "train_std": 0.027039613916458014, "test_mean": 0.639446366782007, "test_median": 0.6332179930795848, "test_std": 0.021149767183302567}
{"alpha": 0.9, "train_mean": 0.6422510822510823, "train_median": 0.6424242424242425, "train_std": 0.010957085381510924, "test_mean": 0.6422145328719723, "test_median": 0.6366782006920415, "test_std": 0.03366196956959255}
{"alpha": 0.9, "train_mean": 0.6266666666666667, "train_median": 0.6285714285714286, "train_std": 0.005727388886074896, "test_mean": 0.6221453287197232, "test_median": 0.6228373702422145, "test_std": 0.014417070350172784}
{"alpha": 0.9, "train_mean": 0.6218181818181818, "train_median": 0.6216450216450217, "train_std": 0.00465926373924633, "test_mean": 0.6380622837370242, "test_median": 0.6332179930795848, "test_std": 0.014450251223405612}
{"alpha": 0.9, "train_mean": 0.6348051948051948, "train_median": 0.6320346320346321, "train_std": 0.009152952579326414, "test_mean": 0.6290657439446367, "test_median": 0.6262975778546713, "test_std": 0.019002809989959853}