{"alpha": 0.9, "train_mean": 0.6936104695919938, "train_median": 0.6913010007698229, "train_std": 0.010419660856467203, "test_mean": 0.6924137931034482, "test_median": 0.6827586206896552, "test_std": 0.05079159348833646}
{"alpha": 0.4, "train_mean": 0.6888375673595073, "train_median": 0.7120862201693611, "train_std": 0.03358899020506824, "test_mean": 0.6799999999999999, "test_median": 0.6827586206896552, "test_std": 0.031026818977108937}

{"alpha": 0.8, "train_mean": 0.6919168591224019, "train_median": 0.6982294072363356, "train_std": 0.015628732921261903, "test_mean": 0.6786206896551723, "test_median": 0.6620689655172414, "test_std": 0.02638776064787447}
{"alpha": 0.4, "train_mean": 0.6846805234795996, "train_median": 0.6859122401847575, "train_std": 0.029557993154159107, "test_mean": 0.6744827586206896, "test_median": 0.6689655172413793, "test_std": 0.03473014706762529}
{"alpha": 0.9, "train_mean": 0.6620477290223248, "train_median": 0.6843725943033102, "train_std": 0.03706679473023351, "test_mean": 0.6537931034482758, "test_median": 0.6758620689655173, "test_std": 0.039110198286228484}
{"alpha": 0.4, "train_mean": 0.7051578137028484, "train_median": 0.7105465742879138, "train_std": 0.012489176160537793, "test_mean": 0.7048275862068965, "test_median": 0.7034482758620689, "test_std": 0.011865276230403619}
{"alpha": 0.5, "train_mean": 0.697459584295612, "train_median": 0.7120862201693611, "train_std": 0.035122828939452205, "test_mean": 0.6772413793103449, "test_median": 0.6689655172413793, "test_std": 0.04147116242309766}
{"alpha": 0.8, "train_mean": 0.6706697459584297, "train_median": 0.6943802925327175, "train_std": 0.03555682079245769, "test_mean": 0.6882758620689655, "test_median": 0.6896551724137931, "test_std": 0.055925889469553916}
{"alpha": 0.9, "train_mean": 0.6871439568899154, "train_median": 0.6982294072363356, "train_std": 0.022568288777258555, "test_mean": 0.6937931034482758, "test_median": 0.6758620689655173, "test_std": 0.03338956810182123}
{"alpha": 0.9, "train_mean": 0.6505003849114703, "train_median": 0.6266358737490377, "train_std": 0.03704120494828779, "test_mean": 0.6331034482758621, "test_median": 0.6137931034482759, "test_std": 0.07381565881522568}