{"alpha": 0.4, "train_mean": 0.851270207852194, "train_median": 0.852963818321786, "train_std": 0.009632327833482437, "test_mean": 0.8413793103448276, "test_median": 0.8344827586206897, "test_std": 0.015109587793245963}
{"alpha": 0.4, "train_mean": 0.8463433410315627, "train_median": 0.8398768283294842, "train_std": 0.014249836443007353, "test_mean": 0.8262068965517242, "test_median": 0.8344827586206897, "test_std": 0.021982589586909282}

{"alpha": 0.2, "train_mean": 0.8380292532717476, "train_median": 0.8314087759815243, "train_std": 0.015362549263453637, "test_mean": 0.8082758620689654, "test_median": 0.8, "test_std": 0.03002971180286514}
{"alpha": 0.6, "train_mean": 0.8444957659738261, "train_median": 0.8491147036181679, "train_std": 0.01334261065021912, "test_mean": 0.8220689655172414, "test_median": 0.8137931034482758, "test_std": 0.03187371036770024}
{"alpha": 0.5, "train_mean": 0.8481909160892993, "train_median": 0.8498845265588915, "train_std": 0.009009231001279618, "test_mean": 0.8124137931034483, "test_median": 0.8137931034482758, "test_std": 0.025582395849643325}
{"alpha": 0.9, "train_mean": 0.7956889915319476, "train_median": 0.8429561200923787, "train_std": 0.09982036145396841, "test_mean": 0.7668965517241378, "test_median": 0.8068965517241379, "test_std": 0.08921909864163437}
{"alpha": 0.6, "train_mean": 0.8423402617397997, "train_median": 0.8421862971516552, "train_std": 0.0046291905707075975, "test_mean": 0.8344827586206897, "test_median": 0.8206896551724138, "test_std": 0.01998810585681303}
{"alpha": 0.8, "train_mean": 0.8517321016166282, "train_median": 0.8491147036181679, "train_std": 0.008199246777948794, "test_mean": 0.8220689655172413, "test_median": 0.8275862068965517, "test_std": 0.030656704511576368}
{"alpha": 0.5, "train_mean": 0.8449576597382602, "train_median": 0.8406466512702079, "train_std": 0.01490039979915036, "test_mean": 0.8303448275862069, "test_median": 0.8137931034482758, "test_std": 0.035057282833486414}
{"alpha": 0.2, "train_mean": 0.8323325635103928, "train_median": 0.8337182448036952, "train_std": 0.01017098972435028, "test_mean": 0.8372413793103448, "test_median": 0.8275862068965517, "test_std": 0.026387760647874483}