{"alpha": 0.9, "train_mean": 0.6076982294072364, "train_median": 0.6073903002309469, "train_std": 0.004424975477505739, "test_mean": 0.576551724137931, "test_median": 0.5793103448275863, "test_std": 0.018811285099290826}
{"alpha": 0.9, "train_mean": 0.6087759815242494, "train_median": 0.6089299461123941, "train_std": 0.004142763370923385, "test_mean": 0.5903448275862069, "test_median": 0.5862068965517241, "test_std": 0.014855627054164136}
{"alpha": 0.9, "train_mean": 0.6072363356428021, "train_median": 0.6081601231716706, "train_std": 0.0028556177045406224, "test_mean": 0.583448275862069, "test_median": 0.5724137931034483, "test_std": 0.02249587093834494}

{"alpha": 0.9, "train_mean": 0.6055427251732101, "train_median": 0.6043110084680523, "train_std": 0.0034633477688074147, "test_mean": 0.5889655172413792, "test_median": 0.593103448275862, "test_std": 0.00935493790775897}
{"alpha": 0.9, "train_mean": 0.6063125481139338, "train_median": 0.6073903002309469, "train_std": 0.004760469540797637, "test_mean": 0.5834482758620689, "test_median": 0.5862068965517241, "test_std": 0.009354937907758957}
{"alpha": 0.9, "train_mean": 0.6058506543494996, "train_median": 0.6073903002309469, "train_std": 0.004102513500992816, "test_mean": 0.5889655172413792, "test_median": 0.5862068965517241, "test_std": 0.021633637436356032}
{"alpha": 0.9, "train_mean": 0.6075442648190916, "train_median": 0.6081601231716706, "train_std": 0.0031327159275405456, "test_mean": 0.5751724137931035, "test_median": 0.5793103448275863, "test_std": 0.0166662703084063}
{"alpha": 0.9, "train_mean": 0.6052347959969208, "train_median": 0.6043110084680523, "train_std": 0.004499350021925309, "test_mean": 0.5806896551724139, "test_median": 0.593103448275862, "test_std": 0.028734712628965018}
{"alpha": 0.8, "train_mean": 0.6289453425712086, "train_median": 0.6266358737490377, "train_std": 0.003925342196761211, "test_mean": 0.5972413793103448, "test_median": 0.593103448275862, "test_std": 0.018811285099290847}
{"alpha": 0.9, "train_mean": 0.6043110084680523, "train_median": 0.6020015396458814, "train_std": 0.004462317704754279, "test_mean": 0.5862068965517242, "test_median": 0.5862068965517241, "test_std": 0.01510958779324595}
{"alpha": 0.9, "train_mean": 0.6058506543494996, "train_median": 0.6066204772902233, "train_std": 0.004989022862515672, "test_mean": 0.593103448275862, "test_median": 0.6, "test_std": 0.008723524579774822}
{"alpha": 0.9, "train_mean": 0.6060046189376443, "train_median": 0.6066204772902233, "train_std": 0.00439271520175122, "test_mean": 0.5889655172413792, "test_median": 0.593103448275862, "test_std": 0.016666270308406297}
{"alpha": 0.9, "train_mean": 0.606158583525789, "train_median": 0.605080831408776, "train_std": 0.0052347959969207, "test_mean": 0.5779310344827586, "test_median": 0.5862068965517241, "test_std": 0.01711679123584944}