{"alpha": 0.9, "train_mean": 0.5953810623556584, "train_median": 0.596612779060816, "train_std": 0.0017955202139631169, "test_mean": 0.5986206896551723, "test_median": 0.6, "test_std": 0.0067572130835398155}
{"alpha": 0.9, "train_mean": 0.5895304080061587, "train_median": 0.596612779060816, "train_std": 0.008996065378285787, "test_mean": 0.5875862068965517, "test_median": 0.593103448275862, "test_std": 0.03580897927102667}

{"alpha": 0.9, "train_mean": 0.592763664357198, "train_median": 0.596612779060816, "train_std": 0.005198442807123657, "test_mean": 0.5889655172413792, "test_median": 0.6, "test_std": 0.022495870938344955}
{"alpha": 0.9, "train_mean": 0.5946112394149345, "train_median": 0.596612779060816, "train_std": 0.007614634653658655, "test_mean": 0.5724137931034483, "test_median": 0.593103448275862, "test_std": 0.031754108781300215}
{"alpha": 0.9, "train_mean": 0.5958429561200924, "train_median": 0.5958429561200924, "train_std": 0.0006885505704387412, "test_mean": 0.5972413793103448, "test_median": 0.6, "test_std": 0.005517241379310356}
{"alpha": 0.9, "train_mean": 0.5896843725943033, "train_median": 0.596612779060816, "train_std": 0.012374769082315712, "test_mean": 0.5917241379310345, "test_median": 0.593103448275862, "test_std": 0.01013581962530968}
{"alpha": 0.9, "train_mean": 0.5953810623556582, "train_median": 0.596612779060816, "train_std": 0.001983694954076219, "test_mean": 0.5944827586206897, "test_median": 0.6, "test_std": 0.008042692268752111}
{"alpha": 0.9, "train_mean": 0.5923017705927636, "train_median": 0.5950731331793687, "train_std": 0.004685180617306544, "test_mean": 0.5944827586206897, "test_median": 0.6, "test_std": 0.014066260727152504}
{"alpha": 0.9, "train_mean": 0.5913779830638953, "train_median": 0.596612779060816, "train_std": 0.00740632084422213, "test_mean": 0.5889655172413792, "test_median": 0.5862068965517241, "test_std": 0.009354937907758964}
{"alpha": 0.9, "train_mean": 0.5967667436489608, "train_median": 0.596612779060816, "train_std": 0.0003079291762894787, "test_mean": 0.5972413793103448, "test_median": 0.6, "test_std": 0.005517241379310356}