{"alpha": 0.9, "train_mean": 0.6997690531177828, "train_median": 0.7059276366435719, "train_std": 0.03366512384333564, "test_mean": 0.6786206896551724, "test_median": 0.6896551724137931, "test_std": 0.01979682771642391}
{"alpha": 0.8, "train_mean": 0.6945342571208621, "train_median": 0.6989992301770592, "train_std": 0.03146834303825323, "test_mean": 0.6689655172413793, "test_median": 0.6551724137931034, "test_std": 0.03350333186618241}

{"alpha": 0.9, "train_mean": 0.6926866820631254, "train_median": 0.6913010007698229, "train_std": 0.02315312084406417, "test_mean": 0.7006896551724139, "test_median": 0.6827586206896552, "test_std": 0.0345103338019222}
{"alpha": 0.6, "train_mean": 0.6974595842956121, "train_median": 0.7136258660508084, "train_std": 0.037073189415820655, "test_mean": 0.686896551724138, "test_median": 0.6896551724137931, "test_std": 0.03505728283348643}
{"alpha": 0.9, "train_mean": 0.6618937644341801, "train_median": 0.6974595842956121, "train_std": 0.053723273019159565, "test_mean": 0.6620689655172413, "test_median": 0.6482758620689655, "test_std": 0.06153022902950471}
{"alpha": 0.9, "train_mean": 0.7054657428791378, "train_median": 0.6989992301770592, "train_std": 0.03124229452393729, "test_mean": 0.6744827586206897, "test_median": 0.6551724137931034, "test_std": 0.04435292466431317}
{"alpha": 0.2, "train_mean": 0.698075442648191, "train_median": 0.6897613548883756, "train_std": 0.010814847931538668, "test_mean": 0.6855172413793104, "test_median": 0.6689655172413793, "test_std": 0.02602477553670787}
{"alpha": 0.5, "train_mean": 0.7030023094688221, "train_median": 0.7159353348729792, "train_std": 0.04441391364894457, "test_mean": 0.6799999999999999, "test_median": 0.6758620689655173, "test_std": 0.03222985226358046}
{"alpha": 0.9, "train_mean": 0.6957659738260199, "train_median": 0.7028483448806775, "train_std": 0.030010853982042018, "test_mean": 0.673103448275862, "test_median": 0.6620689655172414, "test_std": 0.022495870938344955}
{"alpha": 0.4, "train_mean": 0.6956120092378753, "train_median": 0.7113163972286374, "train_std": 0.03656974987357296, "test_mean": 0.6744827586206897, "test_median": 0.6689655172413793, "test_std": 0.03187371036770025}