{"alpha": 0.5, "train_mean": 0.6628297362110311, "train_median": 0.627498001598721, "train_std": 0.04438114061595748, "test_mean": 0.6383419689119172, "test_median": 0.6269430051813472, "test_std": 0.01618704596042831}
{"alpha": 0.9, "train_mean": 0.6594724220623501, "train_median": 0.6698641087130296, "train_std": 0.02726276418518588, "test_mean": 0.6683937823834197, "test_median": 0.6580310880829016, "test_std": 0.044087144841829295}

{"alpha": 0.9, "train_mean": 0.6770583533173462, "train_median": 0.6802557953637091, "train_std": 0.02479306541849854, "test_mean": 0.6715025906735751, "test_median": 0.6424870466321243, "test_std": 0.052697128021103094}
{"alpha": 0.9, "train_mean": 0.6677857713828939, "train_median": 0.6762589928057554, "train_std": 0.015496877142833132, "test_mean": 0.6518134715025907, "test_median": 0.6528497409326425, "test_std": 0.02349385295078682}
{"alpha": 0.9, "train_mean": 0.6481215027977617, "train_median": 0.6243005595523581, "train_std": 0.0300814559235931, "test_mean": 0.661139896373057, "test_median": 0.6528497409326425, "test_std": 0.03430662250206601}
{"alpha": 0.5, "train_mean": 0.6570743405275781, "train_median": 0.6498800959232613, "train_std": 0.03462993590167814, "test_mean": 0.6590673575129534, "test_median": 0.6373056994818653, "test_std": 0.03827188665827853}
{"alpha": 0.4, "train_mean": 0.6861710631494804, "train_median": 0.6938449240607514, "train_std": 0.024005316553632732, "test_mean": 0.6797927461139898, "test_median": 0.6632124352331606, "test_std": 0.036106220497791386}
{"alpha": 0.2, "train_mean": 0.6724220623501198, "train_median": 0.6594724220623501, "train_std": 0.03727249292602977, "test_mean": 0.6642487046632124, "test_median": 0.6424870466321243, "test_std": 0.030984282668862276}
{"alpha": 0.2, "train_mean": 0.6773780975219824, "train_median": 0.6698641087130296, "train_std": 0.029425154244945725, "test_mean": 0.677720207253886, "test_median": 0.6528497409326425, "test_std": 0.04580732871564837}
{"alpha": 0.5, "train_mean": 0.6844124700239809, "train_median": 0.6970423661071143, "train_std": 0.0374844683057224, "test_mean": 0.6860103626943005, "test_median": 0.6735751295336787, "test_std": 0.041786207572343935}