{"alpha": 0.8, "train_mean": 0.6722093918398768, "train_median": 0.6481909160892995, "train_std": 0.04984364266150203, "test_mean": 0.6675862068965518, "test_median": 0.6275862068965518, "test_std": 0.059390483149271665}
{"alpha": 0.9, "train_mean": 0.626481909160893, "train_median": 0.6089299461123941, "train_std": 0.07857083113151009, "test_mean": 0.6, "test_median": 0.5655172413793104, "test_std": 0.09595877037752322}

{"alpha": 0.6, "train_mean": 0.626481909160893, "train_median": 0.6243264049268669, "train_std": 0.013714088339734176, "test_mean": 0.6096551724137932, "test_median": 0.6275862068965518, "test_std": 0.024519157013284394}
{"alpha": 0.4, "train_mean": 0.6852963818321787, "train_median": 0.6635873749037722, "train_std": 0.04808380889094354, "test_mean": 0.6648275862068965, "test_median": 0.6275862068965518, "test_std": 0.04689655172413792}
{"alpha": 0.5, "train_mean": 0.6526558891454965, "train_median": 0.634334103156274, "train_std": 0.03246207428018246, "test_mean": 0.6386206896551725, "test_median": 0.6275862068965518, "test_std": 0.017771170657551884}
{"alpha": 0.5, "train_mean": 0.6452655889145497, "train_median": 0.6274056966897613, "train_std": 0.032447466199935875, "test_mean": 0.6344827586206897, "test_median": 0.6275862068965518, "test_std": 0.0510531186850255}
{"alpha": 0.9, "train_mean": 0.6238645111624326, "train_median": 0.6274056966897613, "train_std": 0.06515012957276085, "test_mean": 0.6289655172413793, "test_median": 0.6068965517241379, "test_std": 0.06050127503299673}
{"alpha": 0.8, "train_mean": 0.6635873749037722, "train_median": 0.6420323325635104, "train_std": 0.0339735345005696, "test_mean": 0.6565517241379311, "test_median": 0.6620689655172414, "test_std": 0.0347301470676253}
{"alpha": 0.9, "train_mean": 0.6280215550423403, "train_median": 0.625866050808314, "train_std": 0.036354557256569414, "test_mean": 0.6372413793103449, "test_median": 0.6137931034482759, "test_std": 0.05060396228370796}
{"alpha": 0.8, "train_mean": 0.6605080831408775, "train_median": 0.6505003849114703, "train_std": 0.047751366792833504, "test_mean": 0.6510344827586206, "test_median": 0.6275862068965518, "test_std": 0.05041563277930224}