{"alpha": 0.4, "train_mean": 0.6646651270207851, "train_median": 0.6304849884526559, "train_std": 0.04519745806166904, "test_mean": 0.670344827586207, "test_median": 0.6275862068965518, "test_std": 0.05349163980597325}
{"alpha": 0.9, "train_mean": 0.6064665127020785, "train_median": 0.596612779060816, "train_std": 0.012416840741281555, "test_mean": 0.5931034482758621, "test_median": 0.6, "test_std": 0.025433226089083837}

{"alpha": 0.8, "train_mean": 0.6484988452655889, "train_median": 0.6335642802155504, "train_std": 0.022457728925899707, "test_mean": 0.6303448275862069, "test_median": 0.6137931034482759, "test_std": 0.04607804989928295}
{"alpha": 0.6, "train_mean": 0.6509622786759046, "train_median": 0.6304849884526559, "train_std": 0.027535997340949425, "test_mean": 0.6248275862068965, "test_median": 0.6137931034482759, "test_std": 0.05281155784572866}
{"alpha": 0.9, "train_mean": 0.611855273287144, "train_median": 0.596612779060816, "train_std": 0.02072754522253599, "test_mean": 0.6082758620689656, "test_median": 0.6, "test_std": 0.01655172413793102}
{"alpha": 0.8, "train_mean": 0.6484988452655889, "train_median": 0.628175519630485, "train_std": 0.04459820232859712, "test_mean": 0.6551724137931034, "test_median": 0.6137931034482759, "test_std": 0.05703744311209746}
{"alpha": 0.9, "train_mean": 0.6126250962278675, "train_median": 0.596612779060816, "train_std": 0.022582989194900774, "test_mean": 0.6193103448275863, "test_median": 0.6, "test_std": 0.035273687869088084}
{"alpha": 0.8, "train_mean": 0.6561970746728252, "train_median": 0.6682063125481139, "train_std": 0.023005215444153012, "test_mean": 0.6427586206896552, "test_median": 0.6482758620689655, "test_std": 0.03580897927102667}
{"alpha": 0.4, "train_mean": 0.6423402617397999, "train_median": 0.6304849884526559, "train_std": 0.023710546574287904, "test_mean": 0.6427586206896552, "test_median": 0.6275862068965518, "test_std": 0.030344827586206866}
{"alpha": 0.9, "train_mean": 0.6180138568129332, "train_median": 0.596612779060816, "train_std": 0.026401223377209716, "test_mean": 0.6262068965517241, "test_median": 0.6, "test_std": 0.03275680575734599}