{"alpha": 0.9, "train_mean": 0.7014626635873749, "train_median": 0.634334103156274, "train_std": 0.11385199818470393, "test_mean": 0.7144827586206897, "test_median": 0.6482758620689655, "test_std": 0.12186423509578835}
{"alpha": 0.9, "train_mean": 0.6625096227867591, "train_median": 0.6289453425712086, "train_std": 0.09263065475598548, "test_mean": 0.6524137931034483, "test_median": 0.6, "test_std": 0.10122672072777254}
{"alpha": 0.9, "train_mean": 0.6711316397228637, "train_median": 0.6389530408006159, "train_std": 0.08636905653635459, "test_mean": 0.6524137931034483, "test_median": 0.6068965517241379, "test_std": 0.10150824547847781}

{"alpha": 0.5, "train_mean": 0.6571208622016936, "train_median": 0.6566589684372595, "train_std": 0.0018603611968582903, "test_mean": 0.6648275862068965, "test_median": 0.6689655172413793, "test_std": 0.016666270308406297}
{"alpha": 0.4, "train_mean": 0.6991531947652041, "train_median": 0.6628175519630485, "train_std": 0.07346934609647764, "test_mean": 0.673103448275862, "test_median": 0.6413793103448275, "test_std": 0.08609371881008131}
{"alpha": 0.9, "train_mean": 0.6646651270207853, "train_median": 0.6420323325635104, "train_std": 0.09192420889683202, "test_mean": 0.6331034482758621, "test_median": 0.6, "test_std": 0.09844450140720264}
{"alpha": 0.8, "train_mean": 0.7265588914549654, "train_median": 0.6528098537336413, "train_std": 0.09412690292015422, "test_mean": 0.7448275862068965, "test_median": 0.6896551724137931, "test_std": 0.09546182881654222}
{"alpha": 0.8, "train_mean": 0.7265588914549653, "train_median": 0.6520400307929176, "train_std": 0.09163596679580494, "test_mean": 0.7268965517241379, "test_median": 0.6551724137931034, "test_std": 0.09350869658856992}
{"alpha": 0.9, "train_mean": 0.6557351809083911, "train_median": 0.596612779060816, "train_std": 0.09878049290404285, "test_mean": 0.6510344827586206, "test_median": 0.6, "test_std": 0.09532222092783998}
{"alpha": 0.4, "train_mean": 0.7321016166281755, "train_median": 0.6612779060816012, "train_std": 0.09279224881339732, "test_mean": 0.7434482758620691, "test_median": 0.7310344827586207, "test_std": 0.09038430303672207}
{"alpha": 0.2, "train_mean": 0.7339491916859122, "train_median": 0.6628175519630485, "train_std": 0.0896512938431988, "test_mean": 0.7144827586206898, "test_median": 0.6689655172413793, "test_std": 0.09381338523107281}
{"alpha": 0.5, "train_mean": 0.6982294072363358, "train_median": 0.6605080831408776, "train_std": 0.07475611015433543, "test_mean": 0.670344827586207, "test_median": 0.6551724137931034, "test_std": 0.08473502098431816}
{"alpha": 0.9, "train_mean": 0.6626635873749038, "train_median": 0.6381832178598922, "train_std": 0.09207854736257899, "test_mean": 0.6510344827586207, "test_median": 0.6068965517241379, "test_std": 0.09186662513294738}