{"alpha": 0.9, "train_mean": 0.7760191846522783, "train_median": 0.8049560351718625, "train_std": 0.05912761151444314, "test_mean": 0.5409326424870466, "test_median": 0.538860103626943, "test_std": 0.01625325092368719}
{"alpha": 0.9, "train_mean": 0.7389288569144684, "train_median": 0.7362110311750599, "train_std": 0.03365526099347498, "test_mean": 0.5450777202072539, "test_median": 0.538860103626943, "test_std": 0.008290155440414487}

{"alpha": 0.9, "train_mean": 0.7384492406075139, "train_median": 0.6938449240607514, "train_std": 0.06325038230895905, "test_mean": 0.5512953367875648, "test_median": 0.5440414507772021, "test_std": 0.031018921341131118}
{"alpha": 0.9, "train_mean": 0.784652278177458, "train_median": 0.7889688249400479, "train_std": 0.025712086625765386, "test_mean": 0.5461139896373057, "test_median": 0.533678756476684, "test_std": 0.02443487279285305}
{"alpha": 0.9, "train_mean": 0.7726618705035971, "train_median": 0.7921662669864109, "train_std": 0.04110485547985442, "test_mean": 0.538860103626943, "test_median": 0.533678756476684, "test_std": 0.026622243686352586}
{"alpha": 0.6, "train_mean": 0.7822541966426858, "train_median": 0.8137490007993605, "train_std": 0.05271320451798274, "test_mean": 0.5461139896373057, "test_median": 0.538860103626943, "test_std": 0.02331030441285387}
{"alpha": 0.5, "train_mean": 0.81550759392486, "train_median": 0.8401278976818545, "train_std": 0.04174897031137091, "test_mean": 0.5585492227979275, "test_median": 0.5492227979274611, "test_std": 0.03770653968634251}
{"alpha": 0.9, "train_mean": 0.7763389288569145, "train_median": 0.8089528377298162, "train_std": 0.06498245414344712, "test_mean": 0.5626943005181346, "test_median": 0.5595854922279793, "test_std": 0.018710331694578003}
{"alpha": 0.9, "train_mean": 0.7760191846522781, "train_median": 0.8257394084732215, "train_std": 0.06763629205838406, "test_mean": 0.5450777202072539, "test_median": 0.5440414507772021, "test_std": 0.01515931485837078}
{"alpha": 0.9, "train_mean": 0.7593924860111911, "train_median": 0.7881694644284573, "train_std": 0.05643960732044552, "test_mean": 0.5160621761658032, "test_median": 0.5025906735751295, "test_std": 0.029419833298608068}