{"alpha": 0.9, "train_mean": 0.6829437229437229, "train_median": 0.6822510822510822, "train_std": 0.004001461474732951, "test_mean": 0.6885813148788926, "test_median": 0.6816608996539792, "test_std": 0.015780974741856607}
{"alpha": 0.9, "train_mean": 0.685887445887446, "train_median": 0.6865800865800866, "train_std": 0.003523288302922249, "test_mean": 0.6913494809688581, "test_median": 0.6816608996539792, "test_std": 0.02340696820109031}

{"alpha": 0.9, "train_mean": 0.6851948051948052, "train_median": 0.6865800865800866, "train_std": 0.003357700334141197, "test_mean": 0.6899653979238755, "test_median": 0.6851211072664359, "test_std": 0.020009456463392347}
{"alpha": 0.9, "train_mean": 0.6891774891774892, "train_median": 0.6891774891774892, "train_std": 0.0036732819801898586, "test_mean": 0.6657439446366782, "test_median": 0.657439446366782, "test_std": 0.023427419902852253}
{"alpha": 0.9, "train_mean": 0.690909090909091, "train_median": 0.6891774891774892, "train_std": 0.004678530246270583, "test_mean": 0.6802768166089965, "test_median": 0.6816608996539792, "test_std": 0.011703484100545133}
{"alpha": 0.9, "train_mean": 0.6864069264069265, "train_median": 0.683982683982684, "train_std": 0.006782045377512077, "test_mean": 0.6698961937716263, "test_median": 0.6747404844290658, "test_std": 0.026315783172085203}
{"alpha": 0.9, "train_mean": 0.6876190476190476, "train_median": 0.6891774891774892, "train_std": 0.006107425831531901, "test_mean": 0.6989619377162629, "test_median": 0.6920415224913494, "test_std": 0.023263302856708128}
{"alpha": 0.9, "train_mean": 0.6838095238095239, "train_median": 0.683982683982684, "train_std": 0.0064186157550997925, "test_mean": 0.6865051903114187, "test_median": 0.6920415224913494, "test_std": 0.024817191802133026}
{"alpha": 0.9, "train_mean": 0.6841558441558442, "train_median": 0.683982683982684, "train_std": 0.001489580132821252, "test_mean": 0.6761245674740484, "test_median": 0.6782006920415224, "test_std": 0.007453515303992396}
{"alpha": 0.9, "train_mean": 0.6872727272727273, "train_median": 0.6874458874458874, "train_std": 0.005907782548651776, "test_mean": 0.675432525951557, "test_median": 0.6747404844290658, "test_std": 0.014582219727131817}