{"alpha": 0.8, "train_mean": 0.7068514241724404, "train_median": 0.7113163972286374, "train_std": 0.04951918603309228, "test_mean": 0.6855172413793102, "test_median": 0.6620689655172414, "test_std": 0.05423338827955172}
{"alpha": 0.2, "train_mean": 0.6903772132409546, "train_median": 0.7097767513471901, "train_std": 0.03599414159940962, "test_mean": 0.6786206896551723, "test_median": 0.6758620689655173, "test_std": 0.03040745887592909}

{"alpha": 0.6, "train_mean": 0.7034642032332564, "train_median": 0.7136258660508084, "train_std": 0.049569424600297125, "test_mean": 0.6620689655172413, "test_median": 0.6551724137931034, "test_std": 0.02467385354482525}
{"alpha": 0.9, "train_mean": 0.7042340261739799, "train_median": 0.7005388760585065, "train_std": 0.026709195250907536, "test_mean": 0.7075862068965517, "test_median": 0.696551724137931, "test_std": 0.03866991936241707}
{"alpha": 0.5, "train_mean": 0.6854503464203233, "train_median": 0.7020785219399538, "train_std": 0.030960284192212063, "test_mean": 0.670344827586207, "test_median": 0.6551724137931034, "test_std": 0.03711344564709989}
{"alpha": 0.5, "train_mean": 0.682832948421863, "train_median": 0.7120862201693611, "train_std": 0.04549386543577996, "test_mean": 0.6758620689655174, "test_median": 0.6344827586206897, "test_std": 0.05900482658264119}
{"alpha": 0.4, "train_mean": 0.7127020785219399, "train_median": 0.7274826789838337, "train_std": 0.02760392280956424, "test_mean": 0.6965517241379311, "test_median": 0.6827586206896552, "test_std": 0.031149213215548192}
{"alpha": 0.6, "train_mean": 0.6882217090069285, "train_median": 0.7043879907621247, "train_std": 0.03362989821493468, "test_mean": 0.6703448275862068, "test_median": 0.6758620689655173, "test_std": 0.026315564177019163}
{"alpha": 0.5, "train_mean": 0.6715935334872979, "train_median": 0.6712856043110085, "train_std": 0.02589444535554384, "test_mean": 0.6662068965517242, "test_median": 0.6620689655172414, "test_std": 0.03163405501015094}
{"alpha": 0.2, "train_mean": 0.7131639722863741, "train_median": 0.7182448036951501, "train_std": 0.010606808098321674, "test_mean": 0.670344827586207, "test_median": 0.6551724137931034, "test_std": 0.018709875815517987}