{"alpha": 0.9, "train_mean": 0.6652278177458033, "train_median": 0.6498800959232613, "train_std": 0.02913183815799995, "test_mean": 0.6601036269430052, "test_median": 0.6580310880829016, "test_std": 0.01752490624382154}
{"alpha": 0.9, "train_mean": 0.6617106314948041, "train_median": 0.6562749800159872, "train_std": 0.01532105330226818, "test_mean": 0.6735751295336787, "test_median": 0.6683937823834197, "test_std": 0.027612254081811886}

{"alpha": 0.9, "train_mean": 0.656274980015987, "train_median": 0.6578737010391686, "train_std": 0.00428981866187009, "test_mean": 0.655958549222798, "test_median": 0.6580310880829016, "test_std": 0.009609967352845323}
{"alpha": 0.8, "train_mean": 0.6745003996802558, "train_median": 0.6754596322941646, "train_std": 0.004726377457744043, "test_mean": 0.6663212435233161, "test_median": 0.6632124352331606, "test_std": 0.01252129116434671}
{"alpha": 0.9, "train_mean": 0.6645883293365308, "train_median": 0.6578737010391686, "train_std": 0.016087614373262046, "test_mean": 0.6652849740932643, "test_median": 0.6580310880829016, "test_std": 0.018710331694578034}
{"alpha": 0.9, "train_mean": 0.6522781774580336, "train_median": 0.6554756195043965, "train_std": 0.009945535421260311, "test_mean": 0.6518134715025907, "test_median": 0.6476683937823834, "test_std": 0.01949729297640081}
{"alpha": 0.9, "train_mean": 0.6585131894484412, "train_median": 0.6578737010391686, "train_std": 0.003961474562226652, "test_mean": 0.6476683937823834, "test_median": 0.6476683937823834, "test_std": 0.022465785895003934}
{"alpha": 0.9, "train_mean": 0.6642685851318945, "train_median": 0.6578737010391686, "train_std": 0.018002478989939896, "test_mean": 0.6518134715025907, "test_median": 0.6580310880829016, "test_std": 0.010047004885836954}
{"alpha": 0.9, "train_mean": 0.6557953637090328, "train_median": 0.6594724220623501, "train_std": 0.010660005165895872, "test_mean": 0.6373056994818653, "test_median": 0.6373056994818653, "test_std": 0.011815289379265672}
{"alpha": 0.9, "train_mean": 0.6519584332533974, "train_median": 0.6490807354116707, "train_std": 0.005597807002401781, "test_mean": 0.6549222797927461, "test_median": 0.6580310880829016, "test_std": 0.009033987447752722}