{"alpha": 0.9, "train_mean": 0.6210931485758275, "train_median": 0.6073903002309469, "train_std": 0.08249887559416196, "test_mean": 0.613793103448276, "test_median": 0.6137931034482759, "test_std": 0.07826902598130266}
{"alpha": 0.8, "train_mean": 0.6424942263279445, "train_median": 0.6158583525789069, "train_std": 0.04114514578725317, "test_mean": 0.6331034482758621, "test_median": 0.6137931034482759, "test_std": 0.042153673903272064}

{"alpha": 0.9, "train_mean": 0.5866050808314087, "train_median": 0.6327944572748267, "train_std": 0.08180867498425266, "test_mean": 0.5806896551724139, "test_median": 0.593103448275862, "test_std": 0.07238423041876924}
{"alpha": 0.9, "train_mean": 0.598922247882987, "train_median": 0.6243264049268669, "train_std": 0.04714434909069656, "test_mean": 0.5972413793103448, "test_median": 0.6068965517241379, "test_std": 0.02709914855777725}
{"alpha": 0.4, "train_mean": 0.6469591993841416, "train_median": 0.6304849884526559, "train_std": 0.020504476445987973, "test_mean": 0.6468965517241381, "test_median": 0.6275862068965518, "test_std": 0.024049097619534745}
{"alpha": 0.9, "train_mean": 0.6221709006928406, "train_median": 0.596612779060816, "train_std": 0.06026764791113224, "test_mean": 0.6248275862068965, "test_median": 0.6, "test_std": 0.07966636732796499}
{"alpha": 0.4, "train_mean": 0.6326404926866821, "train_median": 0.6304849884526559, "train_std": 0.043336040416143536, "test_mean": 0.6248275862068967, "test_median": 0.6275862068965518, "test_std": 0.05458305913768103}
{"alpha": 0.9, "train_mean": 0.646805234795997, "train_median": 0.6274056966897613, "train_std": 0.06535320710485146, "test_mean": 0.6455172413793104, "test_median": 0.6068965517241379, "test_std": 0.06594776876072785}
{"alpha": 0.8, "train_mean": 0.6295612009237874, "train_median": 0.6158583525789069, "train_std": 0.03932100046175799, "test_mean": 0.6151724137931034, "test_median": 0.6137931034482759, "test_std": 0.018194353045893678}
{"alpha": 0.9, "train_mean": 0.6120092378752886, "train_median": 0.596612779060816, "train_std": 0.05130510386366999, "test_mean": 0.6220689655172414, "test_median": 0.6, "test_std": 0.05890801794224173}