{"alpha": 0.9, "train_mean": 0.7485211830535572, "train_median": 0.6970423661071143, "train_std": 0.10701237140971105, "test_mean": 0.6901554404145077, "test_median": 0.6787564766839378, "test_std": 0.02303223914082163}
{"alpha": 0.9, "train_mean": 0.6821742605915266, "train_median": 0.6898481215027977, "train_std": 0.022725469287717546, "test_mean": 0.6787564766839378, "test_median": 0.689119170984456, "test_std": 0.031260317365799685}

{"alpha": 0.9, "train_mean": 0.6842525979216626, "train_median": 0.6946442845723422, "train_std": 0.0227614308875644, "test_mean": 0.6642487046632125, "test_median": 0.6580310880829016, "test_std": 0.02525607794187343}
{"alpha": 0.5, "train_mean": 0.7141486810551558, "train_median": 0.718625099920064, "train_std": 0.02150027175306843, "test_mean": 0.6953367875647668, "test_median": 0.694300518134715, "test_std": 0.020306650717373493}
{"alpha": 0.9, "train_mean": 0.7488409272581935, "train_median": 0.7018385291766587, "train_std": 0.1077760913587579, "test_mean": 0.6901554404145077, "test_median": 0.689119170984456, "test_std": 0.04673563640944945}
{"alpha": 0.9, "train_mean": 0.702158273381295, "train_median": 0.6994404476418865, "train_std": 0.010791070842964793, "test_mean": 0.6963730569948187, "test_median": 0.694300518134715, "test_std": 0.013747667524789233}
{"alpha": 0.9, "train_mean": 0.6946442845723422, "train_median": 0.6962430055955235, "train_std": 0.0045218659068684, "test_mean": 0.682901554404145, "test_median": 0.6735751295336787, "test_std": 0.022561182442567072}
{"alpha": 0.9, "train_mean": 0.7146282973621103, "train_median": 0.6874500399680256, "train_std": 0.10465091537247874, "test_mean": 0.6860103626943006, "test_median": 0.6787564766839378, "test_std": 0.054990670099156896}
{"alpha": 0.9, "train_mean": 0.7064748201438849, "train_median": 0.697841726618705, "train_std": 0.02054465374230446, "test_mean": 0.6974093264248705, "test_median": 0.6994818652849741, "test_std": 0.01782865340319714}
{"alpha": 0.9, "train_mean": 0.6751398880895284, "train_median": 0.6922462030375699, "train_std": 0.02736849767805256, "test_mean": 0.6735751295336788, "test_median": 0.6735751295336787, "test_std": 0.018824769041020695}