{"alpha": 0.9, "train_mean": 0.6831168831168831, "train_median": 0.6822510822510822, "train_std": 0.00498869620463652, "test_mean": 0.6775086505190311, "test_median": 0.6816608996539792, "test_std": 0.019253187187880362}
{"alpha": 0.9, "train_mean": 0.6794805194805195, "train_median": 0.6813852813852814, "train_std": 0.005805386879390573, "test_mean": 0.6878892733564014, "test_median": 0.6955017301038062, "test_std": 0.011662491035538215}

{"alpha": 0.9, "train_mean": 0.6874458874458875, "train_median": 0.6857142857142857, "train_std": 0.0033308024349214555, "test_mean": 0.6608996539792387, "test_median": 0.6678200692041523, "test_std": 0.013311684471744864}
{"alpha": 0.9, "train_mean": 0.6870995670995672, "train_median": 0.6865800865800866, "train_std": 0.0050662299007195955, "test_mean": 0.6657439446366782, "test_median": 0.6747404844290658, "test_std": 0.02538953124961129}
{"alpha": 0.9, "train_mean": 0.6858874458874459, "train_median": 0.6874458874458874, "train_std": 0.003068406086003345, "test_mean": 0.6802768166089965, "test_median": 0.6851211072664359, "test_std": 0.020247389395609404}
{"alpha": 0.9, "train_mean": 0.6836363636363637, "train_median": 0.6831168831168831, "train_std": 0.0015095753917024196, "test_mean": 0.6768166089965397, "test_median": 0.6782006920415224, "test_std": 0.006780594443690453}
{"alpha": 0.9, "train_mean": 0.6817316017316017, "train_median": 0.6796536796536796, "train_std": 0.006352878381937372, "test_mean": 0.6913494809688581, "test_median": 0.6920415224913494, "test_std": 0.016723939063798744}
{"alpha": 0.9, "train_mean": 0.6808658008658008, "train_median": 0.6822510822510822, "train_std": 0.010738723278762737, "test_mean": 0.6955017301038062, "test_median": 0.6851211072664359, "test_std": 0.04305143533562847}
{"alpha": 0.9, "train_mean": 0.6825974025974025, "train_median": 0.6796536796536796, "train_std": 0.005036550501211789, "test_mean": 0.6802768166089965, "test_median": 0.6851211072664359, "test_std": 0.022700649781116574}
{"alpha": 0.8, "train_mean": 0.7113419913419914, "train_median": 0.716017316017316, "train_std": 0.009804597518193627, "test_mean": 0.6906574394463668, "test_median": 0.6885813148788927, "test_std": 0.015720161510865804}