{"alpha": 0.5, "train_mean": 0.8367975365665897, "train_median": 0.8568129330254042, "train_std": 0.04472134629844318, "test_mean": 0.5213793103448275, "test_median": 0.5310344827586206, "test_std": 0.036126347182644944}
{"alpha": 0.4, "train_mean": 0.8361816782140108, "train_median": 0.8614318706697459, "train_std": 0.05360621572036018, "test_mean": 0.5393103448275862, "test_median": 0.5310344827586206, "test_std": 0.035808979271026664}

{"alpha": 0.6, "train_mean": 0.8347959969207082, "train_median": 0.859122401847575, "train_std": 0.04753143935472441, "test_mean": 0.5558620689655173, "test_median": 0.5517241379310345, "test_std": 0.033103448275862056}
{"alpha": 0.5, "train_mean": 0.8592763664357198, "train_median": 0.8583525789068515, "train_std": 0.003490618644728147, "test_mean": 0.5351724137931034, "test_median": 0.5310344827586206, "test_std": 0.023326254517638305}
{"alpha": 0.5, "train_mean": 0.8357197844495767, "train_median": 0.8575827559661278, "train_std": 0.04842082265907007, "test_mean": 0.5213793103448275, "test_median": 0.5172413793103449, "test_std": 0.031634055010150944}
{"alpha": 0.9, "train_mean": 0.7775211701308699, "train_median": 0.850654349499615, "train_std": 0.09460870253559349, "test_mean": 0.503448275862069, "test_median": 0.503448275862069, "test_std": 0.05517241379310343}
{"alpha": 0.5, "train_mean": 0.8320246343341031, "train_median": 0.8568129330254042, "train_std": 0.051525026370900784, "test_mean": 0.5448275862068966, "test_median": 0.5241379310344828, "test_std": 0.03949743741593476}
{"alpha": 0.9, "train_mean": 0.7844495765973827, "train_median": 0.8475750577367206, "train_std": 0.08034089963945658, "test_mean": 0.5337931034482759, "test_median": 0.5241379310344828, "test_std": 0.03559582869121085}
{"alpha": 0.8, "train_mean": 0.8287913779830639, "train_median": 0.8560431100846805, "train_std": 0.05541356430091821, "test_mean": 0.526896551724138, "test_median": 0.5241379310344828, "test_std": 0.02846864474558662}
{"alpha": 0.4, "train_mean": 0.8360277136258661, "train_median": 0.8637413394919169, "train_std": 0.05434099382352894, "test_mean": 0.5324137931034483, "test_median": 0.5241379310344828, "test_std": 0.02840173831996411}