{"alpha": 0.6, "train_mean": 0.7526778577138289, "train_median": 0.7210231814548361, "train_std": 0.1181590038224467, "test_mean": 0.6901554404145077, "test_median": 0.6839378238341969, "test_std": 0.026702795288549484}
{"alpha": 0.9, "train_mean": 0.7360511590727418, "train_median": 0.6930455635491607, "train_std": 0.11498616885343936, "test_mean": 0.667357512953368, "test_median": 0.6683937823834197, "test_std": 0.0418888765417777}

{"alpha": 0.6, "train_mean": 0.6842525979216626, "train_median": 0.6690647482014388, "train_std": 0.02252438497778637, "test_mean": 0.6808290155440414, "test_median": 0.6839378238341969, "test_std": 0.017828653403197135}
{"alpha": 0.9, "train_mean": 0.6837729816147082, "train_median": 0.6930455635491607, "train_std": 0.02216752234755527, "test_mean": 0.6808290155440414, "test_median": 0.694300518134715, "test_std": 0.02284498205704518}
{"alpha": 0.2, "train_mean": 0.70775379696243, "train_median": 0.7202238209432454, "train_std": 0.018648242981296637, "test_mean": 0.6994818652849741, "test_median": 0.6994818652849741, "test_std": 0.017027644274772016}
{"alpha": 0.8, "train_mean": 0.714308553157474, "train_median": 0.662669864108713, "train_std": 0.08311135412028776, "test_mean": 0.6829015544041451, "test_median": 0.6632124352331606, "test_std": 0.048649511271732636}
{"alpha": 0.9, "train_mean": 0.6860111910471623, "train_median": 0.697841726618705, "train_std": 0.021084942394961673, "test_mean": 0.6715025906735751, "test_median": 0.6528497409326425, "test_std": 0.03031862971674156}
{"alpha": 0.8, "train_mean": 0.6804156674660271, "train_median": 0.6602717825739408, "train_std": 0.027071780895290335, "test_mean": 0.6787564766839378, "test_median": 0.6735751295336787, "test_std": 0.021488540262515773}
{"alpha": 0.6, "train_mean": 0.7638689048760992, "train_median": 0.7234212629896083, "train_std": 0.1125420115644023, "test_mean": 0.7036269430051814, "test_median": 0.689119170984456, "test_std": 0.03784866811968843}
{"alpha": 0.6, "train_mean": 0.7171862509992006, "train_median": 0.718625099920064, "train_std": 0.0030501653122844002, "test_mean": 0.7036269430051814, "test_median": 0.694300518134715, "test_std": 0.016837385294582275}