{"alpha": 0.6, "train_mean": 0.7219047619047619, "train_median": 0.7220779220779221, "train_std": 0.006348156806865206, "test_mean": 0.6837370242214533, "test_median": 0.6885813148788927, "test_std": 0.010631343595665877}
{"alpha": 0.9, "train_mean": 0.6841558441558442, "train_median": 0.6822510822510822, "train_std": 0.004290739980385735, "test_mean": 0.6830449826989619, "test_median": 0.6816608996539792, "test_std": 0.015567089106161938}

{"alpha": 0.9, "train_mean": 0.6862337662337663, "train_median": 0.6848484848484848, "train_std": 0.0068305049085077155, "test_mean": 0.6685121107266436, "test_median": 0.671280276816609, "test_std": 0.03128762506700985}
{"alpha": 0.9, "train_mean": 0.6827705627705628, "train_median": 0.6857142857142857, "train_std": 0.004976660731844143, "test_mean": 0.6816608996539792, "test_median": 0.6782006920415224, "test_std": 0.015474518875431085}
{"alpha": 0.9, "train_mean": 0.6813852813852815, "train_median": 0.6831168831168831, "train_std": 0.0032854832832918354, "test_mean": 0.6892733564013841, "test_median": 0.6816608996539792, "test_std": 0.016288722900954785}
{"alpha": 0.8, "train_mean": 0.7125541125541126, "train_median": 0.7125541125541126, "train_std": 0.005637686786528064, "test_mean": 0.6913494809688581, "test_median": 0.6851211072664359, "test_std": 0.02788850059461576}
{"alpha": 0.9, "train_mean": 0.6841558441558442, "train_median": 0.6831168831168831, "train_std": 0.004691330626543398, "test_mean": 0.6775086505190311, "test_median": 0.6782006920415224, "test_std": 0.02701622324698012}
{"alpha": 0.5, "train_mean": 0.7224242424242424, "train_median": 0.7238095238095238, "train_std": 0.009773967647909984, "test_mean": 0.698961937716263, "test_median": 0.698961937716263, "test_std": 0.015318992125383162}
{"alpha": 0.9, "train_mean": 0.6812121212121213, "train_median": 0.6779220779220779, "train_std": 0.005568116083398629, "test_mean": 0.6851211072664359, "test_median": 0.6920415224913494, "test_std": 0.016229812317728142}
{"alpha": 0.9, "train_mean": 0.6813852813852813, "train_median": 0.6805194805194805, "train_std": 0.00394865948086282, "test_mean": 0.6961937716262976, "test_median": 0.698961937716263, "test_std": 0.014080961902682232}