{"alpha": 0.9, "train_mean": 0.5947652040030793, "train_median": 0.596612779060816, "train_std": 0.0033236386674246336, "test_mean": 0.5972413793103449, "test_median": 0.6, "test_std": 0.009354937907758966}
{"alpha": 0.9, "train_mean": 0.5862971516551193, "train_median": 0.5889145496535797, "train_std": 0.011372554465046572, "test_mean": 0.5903448275862069, "test_median": 0.593103448275862, "test_std": 0.010321813480755683}

{"alpha": 0.9, "train_mean": 0.596612779060816, "train_median": 0.596612779060816, "train_std": 0.0015396458814472493, "test_mean": 0.5903448275862069, "test_median": 0.5862068965517241, "test_std": 0.012791197924821647}
{"alpha": 0.9, "train_mean": 0.5958429561200924, "train_median": 0.596612779060816, "train_std": 0.0013771011408774947, "test_mean": 0.6013793103448275, "test_median": 0.6, "test_std": 0.005160906740377861}
{"alpha": 0.9, "train_mean": 0.5953810623556581, "train_median": 0.596612779060816, "train_std": 0.0037270880483172347, "test_mean": 0.6, "test_median": 0.6, "test_std": 0.007554793896622996}
{"alpha": 0.9, "train_mean": 0.5969207082371055, "train_median": 0.596612779060816, "train_std": 0.0006158583525789131, "test_mean": 0.6027586206896551, "test_median": 0.6, "test_std": 0.005517241379310356}
{"alpha": 0.9, "train_mean": 0.5959969207082371, "train_median": 0.596612779060816, "train_std": 0.0007542693588246967, "test_mean": 0.6027586206896551, "test_median": 0.6, "test_std": 0.0033786065417699073}
{"alpha": 0.9, "train_mean": 0.5924557351809084, "train_median": 0.596612779060816, "train_std": 0.009103461431312979, "test_mean": 0.5958620689655173, "test_median": 0.6, "test_std": 0.008275862068965488}
{"alpha": 0.9, "train_mean": 0.5909160892994612, "train_median": 0.596612779060816, "train_std": 0.00701511054650933, "test_mean": 0.5889655172413794, "test_median": 0.6, "test_std": 0.013514426167079577}
{"alpha": 0.9, "train_mean": 0.5842956120092377, "train_median": 0.5873749037721324, "train_std": 0.014703416642110312, "test_mean": 0.5944827586206898, "test_median": 0.6, "test_std": 0.013372909951493298}