{"alpha": 0.5, "train_mean": 0.6506543494996151, "train_median": 0.6274056966897613, "train_std": 0.028474708935223334, "test_mean": 0.6620689655172415, "test_median": 0.6275862068965518, "test_std": 0.04228885439105071}
{"alpha": 0.6, "train_mean": 0.6492686682063125, "train_median": 0.6250962278675904, "train_std": 0.030235916899107255, "test_mean": 0.646896551724138, "test_median": 0.6275862068965518, "test_std": 0.0297112541083283}

{"alpha": 0.5, "train_mean": 0.6387990762124711, "train_median": 0.6274056966897613, "train_std": 0.022786759045419557, "test_mean": 0.6386206896551725, "test_median": 0.6275862068965518, "test_std": 0.045663297537232694}
{"alpha": 0.4, "train_mean": 0.6660508083140877, "train_median": 0.6304849884526559, "train_std": 0.047230754849567555, "test_mean": 0.6662068965517242, "test_median": 0.6275862068965518, "test_std": 0.050415632779302215}
{"alpha": 0.4, "train_mean": 0.6551193225558121, "train_median": 0.6304849884526559, "train_std": 0.030233564794170477, "test_mean": 0.6551724137931034, "test_median": 0.6275862068965518, "test_std": 0.040213461343760686}
{"alpha": 0.4, "train_mean": 0.6429561200923788, "train_median": 0.6304849884526559, "train_std": 0.02417979421635175, "test_mean": 0.6193103448275863, "test_median": 0.6275862068965518, "test_std": 0.0576016910836444}
{"alpha": 0.4, "train_mean": 0.6548113933795227, "train_median": 0.6304849884526559, "train_std": 0.02979363967357522, "test_mean": 0.6524137931034484, "test_median": 0.6275862068965518, "test_std": 0.030407458875929112}
{"alpha": 0.9, "train_mean": 0.6386451116243265, "train_median": 0.6212471131639723, "train_std": 0.037740486248498996, "test_mean": 0.6358620689655172, "test_median": 0.6, "test_std": 0.06190015357880517}
{"alpha": 0.4, "train_mean": 0.6555812163202462, "train_median": 0.6304849884526559, "train_std": 0.030737440402691985, "test_mean": 0.6455172413793104, "test_median": 0.6275862068965518, "test_std": 0.02206896551724137}
{"alpha": 0.6, "train_mean": 0.6397228637413395, "train_median": 0.6289453425712086, "train_std": 0.023936418523042357, "test_mean": 0.6096551724137932, "test_median": 0.5862068965517241, "test_std": 0.03423358247169893}