{"alpha": 0.9, "train_mean": 0.596612779060816, "train_median": 0.596612779060816, "train_std": 0.0, "test_mean": 0.6, "test_median": 0.6, "test_std": 0.0}
{"alpha": 0.9, "train_mean": 0.596612779060816, "train_median": 0.596612779060816, "train_std": 0.0, "test_mean": 0.6, "test_median": 0.6, "test_std": 0.0}

{"alpha": 0.9, "train_mean": 0.5959969207082372, "train_median": 0.596612779060816, "train_std": 0.001231716705157826, "test_mean": 0.5972413793103448, "test_median": 0.6, "test_std": 0.005517241379310356}
{"alpha": 0.9, "train_mean": 0.596612779060816, "train_median": 0.596612779060816, "train_std": 0.0, "test_mean": 0.6, "test_median": 0.6, "test_std": 0.0}
{"alpha": 0.9, "train_mean": 0.596612779060816, "train_median": 0.596612779060816, "train_std": 0.0, "test_mean": 0.6, "test_median": 0.6, "test_std": 0.0}
{"alpha": 0.9, "train_mean": 0.6098537336412624, "train_median": 0.596612779060816, "train_std": 0.02648190916089299, "test_mean": 0.606896551724138, "test_median": 0.6, "test_std": 0.013793103448275891}
{"alpha": 0.9, "train_mean": 0.596612779060816, "train_median": 0.596612779060816, "train_std": 0.0, "test_mean": 0.6, "test_median": 0.6, "test_std": 0.0}
{"alpha": 0.9, "train_mean": 0.596612779060816, "train_median": 0.596612779060816, "train_std": 0.0, "test_mean": 0.6, "test_median": 0.6, "test_std": 0.0}
{"alpha": 0.9, "train_mean": 0.596612779060816, "train_median": 0.596612779060816, "train_std": 0.0, "test_mean": 0.6, "test_median": 0.6, "test_std": 0.0}
{"alpha": 0.9, "train_mean": 0.596612779060816, "train_median": 0.596612779060816, "train_std": 0.0, "test_mean": 0.6, "test_median": 0.6, "test_std": 0.0}