{"alpha": 0.9, "train_mean": 0.6874458874458875, "train_median": 0.6865800865800866, "train_std": 0.003871979181817806, "test_mean": 0.6865051903114188, "test_median": 0.6782006920415224, "test_std": 0.02442818352210768}
{"alpha": 0.9, "train_mean": 0.6903896103896103, "train_median": 0.6891774891774892, "train_std": 0.004155844155844156, "test_mean": 0.6698961937716262, "test_median": 0.6608996539792388, "test_std": 0.035055848143706395}

{"alpha": 0.8, "train_mean": 0.7018181818181819, "train_median": 0.7004329004329004, "train_std": 0.004633450445111579, "test_mean": 0.7121107266435986, "test_median": 0.6920415224913494, "test_std": 0.030824993012207754}
{"alpha": 0.9, "train_mean": 0.6851948051948054, "train_median": 0.6857142857142857, "train_std": 0.003738014397389262, "test_mean": 0.6823529411764705, "test_median": 0.6816608996539792, "test_std": 0.021708494313298438}
{"alpha": 0.9, "train_mean": 0.6798268398268398, "train_median": 0.6796536796536796, "train_std": 0.003565586196012804, "test_mean": 0.6996539792387544, "test_median": 0.698961937716263, "test_std": 0.01584155452215863}
{"alpha": 0.9, "train_mean": 0.6853679653679654, "train_median": 0.683982683982684, "train_std": 0.0033577003341411873, "test_mean": 0.6941176470588235, "test_median": 0.6920415224913494, "test_std": 0.017859498824309945}
{"alpha": 0.9, "train_mean": 0.6851948051948051, "train_median": 0.6848484848484848, "train_std": 0.0008829471019208361, "test_mean": 0.6802768166089965, "test_median": 0.6816608996539792, "test_std": 0.009932664425195378}
{"alpha": 0.9, "train_mean": 0.6829437229437231, "train_median": 0.6822510822510822, "train_std": 0.002148861237401028, "test_mean": 0.6996539792387544, "test_median": 0.6955017301038062, "test_std": 0.011244343812644967}
{"alpha": 0.9, "train_mean": 0.6843290043290043, "train_median": 0.6848484848484848, "train_std": 0.004976660731844113, "test_mean": 0.6802768166089965, "test_median": 0.6851211072664359, "test_std": 0.026224630202763204}
{"alpha": 0.9, "train_mean": 0.6857142857142857, "train_median": 0.6848484848484848, "train_std": 0.001816119217610635, "test_mean": 0.6830449826989617, "test_median": 0.6747404844290658, "test_std": 0.02059913642371933}