{"alpha": 0.9, "train_mean": 0.6370562770562771, "train_median": 0.6502164502164502, "train_std": 0.02235309376707174, "test_mean": 0.6325259515570935, "test_median": 0.643598615916955, "test_std": 0.024310267225259936}
{"alpha": 0.9, "train_mean": 0.6457142857142857, "train_median": 0.6562770562770562, "train_std": 0.024855573147702988, "test_mean": 0.6339100346020762, "test_median": 0.629757785467128, "test_std": 0.023304440471256394}

{"alpha": 0.9, "train_mean": 0.6173160173160173, "train_median": 0.5965367965367966, "train_std": 0.02628386626633454, "test_mean": 0.6145328719723183, "test_median": 0.5986159169550173, "test_std": 0.01976866000980722}
{"alpha": 0.9, "train_mean": 0.6368831168831168, "train_median": 0.6424242424242425, "train_std": 0.022300717795737654, "test_mean": 0.6332179930795848, "test_median": 0.643598615916955, "test_std": 0.03008590327928605}
{"alpha": 0.9, "train_mean": 0.6264935064935064, "train_median": 0.6363636363636364, "train_std": 0.025505735258212214, "test_mean": 0.6193771626297578, "test_median": 0.5986159169550173, "test_std": 0.033261217552104955}
{"alpha": 0.8, "train_mean": 0.6405194805194805, "train_median": 0.6311688311688312, "train_std": 0.024987918971494306, "test_mean": 0.643598615916955, "test_median": 0.6332179930795848, "test_std": 0.028110859531612305}
{"alpha": 0.9, "train_mean": 0.6322077922077922, "train_median": 0.638961038961039, "train_std": 0.01866117227927422, "test_mean": 0.6283737024221454, "test_median": 0.6366782006920415, "test_std": 0.01785949882430995}
{"alpha": 0.8, "train_mean": 0.6455411255411255, "train_median": 0.6493506493506493, "train_std": 0.020064176190602235, "test_mean": 0.6359861591695501, "test_median": 0.629757785467128, "test_std": 0.027888500594615756}
{"alpha": 0.9, "train_mean": 0.6296103896103896, "train_median": 0.6303030303030303, "train_std": 0.01900349079593966, "test_mean": 0.6207612456747404, "test_median": 0.6124567474048442, "test_std": 0.028834140700345578}
{"alpha": 0.9, "train_mean": 0.6197402597402597, "train_median": 0.6095238095238096, "train_std": 0.02230609535014322, "test_mean": 0.6235294117647059, "test_median": 0.6262975778546713, "test_std": 0.018749089528227094}