{"alpha": 0.5, "train_mean": 0.8386451116243263, "train_median": 0.8398768283294842, "train_std": 0.0022628080764740387, "test_mean": 0.8165517241379309, "test_median": 0.8068965517241379, "test_std": 0.0486878968130284}
{"alpha": 0.4, "train_mean": 0.8400307929176289, "train_median": 0.8344880677444187, "train_std": 0.01704353915151305, "test_mean": 0.8427586206896551, "test_median": 0.8344827586206897, "test_std": 0.024049097619534762}

{"alpha": 0.6, "train_mean": 0.8254041570438799, "train_median": 0.821401077752117, "train_std": 0.009255820394265828, "test_mean": 0.8275862068965518, "test_median": 0.8206896551724138, "test_std": 0.04021346134376069}
{"alpha": 0.6, "train_mean": 0.8448036951501156, "train_median": 0.8521939953810623, "train_std": 0.014124520327858013, "test_mean": 0.8027586206896553, "test_median": 0.8206896551724138, "test_std": 0.03817476552578771}
{"alpha": 0.8, "train_mean": 0.8441878367975366, "train_median": 0.8468052347959969, "train_std": 0.01977471206528385, "test_mean": 0.8193103448275861, "test_median": 0.8206896551724138, "test_std": 0.028734712628965067}
{"alpha": 0.9, "train_mean": 0.841724403387221, "train_median": 0.8468052347959969, "train_std": 0.011140909940031118, "test_mean": 0.8206896551724137, "test_median": 0.8137931034482758, "test_std": 0.026887708537404024}
{"alpha": 0.6, "train_mean": 0.8443418013856812, "train_median": 0.8468052347959969, "train_std": 0.006484815916444237, "test_mean": 0.8110344827586207, "test_median": 0.8206896551724138, "test_std": 0.04503400749604001}
{"alpha": 0.4, "train_mean": 0.8321785989222479, "train_median": 0.8290993071593533, "train_std": 0.010510268308468651, "test_mean": 0.8193103448275861, "test_median": 0.8137931034482758, "test_std": 0.026674592559743075}
{"alpha": 0.6, "train_mean": 0.8446497305619708, "train_median": 0.8452655889145496, "train_std": 0.007719754356718507, "test_mean": 0.8317241379310344, "test_median": 0.8413793103448276, "test_std": 0.028468644745586604}
{"alpha": 0.9, "train_mean": 0.8367975365665897, "train_median": 0.8352578906851424, "train_std": 0.005311220418987035, "test_mean": 0.8413793103448276, "test_median": 0.8206896551724138, "test_std": 0.034620414891065224}