{"alpha": 0.9, "train_mean": 0.5981524249422632, "train_median": 0.5989222478829869, "train_std": 0.0012881601640247504, "test_mean": 0.5986206896551725, "test_median": 0.6, "test_std": 0.002758620689655178}
{"alpha": 0.9, "train_mean": 0.5981524249422633, "train_median": 0.5981524249422633, "train_std": 0.0013771011408774824, "test_mean": 0.5944827586206896, "test_median": 0.593103448275862, "test_std": 0.005160906740377861}

{"alpha": 0.9, "train_mean": 0.5986143187066973, "train_median": 0.5989222478829869, "train_std": 0.0012508142270417088, "test_mean": 0.5972413793103448, "test_median": 0.6, "test_std": 0.009354937907758966}
{"alpha": 0.9, "train_mean": 0.598922247882987, "train_median": 0.5989222478829869, "train_std": 0.0018856733970617145, "test_mean": 0.5903448275862069, "test_median": 0.6, "test_std": 0.018298619532995292}
{"alpha": 0.9, "train_mean": 0.5990762124711317, "train_median": 0.5996920708237106, "train_std": 0.0021444785646164916, "test_mean": 0.5862068965517242, "test_median": 0.5862068965517241, "test_std": 0.012336926772412608}
{"alpha": 0.9, "train_mean": 0.598306389530408, "train_median": 0.5981524249422633, "train_std": 0.001570136878704476, "test_mean": 0.593103448275862, "test_median": 0.593103448275862, "test_std": 0.006168463386206329}
{"alpha": 0.9, "train_mean": 0.5993841416474212, "train_median": 0.5996920708237106, "train_std": 0.0015851624543475095, "test_mean": 0.5917241379310345, "test_median": 0.593103448275862, "test_std": 0.00804269226875212}
{"alpha": 0.9, "train_mean": 0.5970746728252502, "train_median": 0.596612779060816, "train_std": 0.0009237875288683474, "test_mean": 0.5931034482758621, "test_median": 0.6, "test_std": 0.013793103448275845}
{"alpha": 0.9, "train_mean": 0.5984603541185528, "train_median": 0.5989222478829869, "train_std": 0.001250814227041717, "test_mean": 0.5958620689655172, "test_median": 0.593103448275862, "test_std": 0.011205570213290968}
{"alpha": 0.9, "train_mean": 0.5976905311778291, "train_median": 0.596612779060816, "train_std": 0.0013422321612134517, "test_mean": 0.5986206896551723, "test_median": 0.6, "test_std": 0.002758620689655178}