{"alpha": 0.4, "train_mean": 0.840607513988809, "train_median": 0.8393285371702638, "train_std": 0.0019317419622053725, "test_mean": 0.8341968911917098, "test_median": 0.8290155440414507, "test_std": 0.023171688886008186}
{"alpha": 0.5, "train_mean": 0.8454036770583533, "train_median": 0.8449240607513989, "train_std": 0.0019317419622053853, "test_mean": 0.8259067357512955, "test_median": 0.8238341968911918, "test_std": 0.02421413771098013}

{"alpha": 0.8, "train_mean": 0.8399680255795363, "train_median": 0.8401278976818545, "train_std": 0.006618782268420288, "test_mean": 0.8279792746113989, "test_median": 0.8186528497409327, "test_std": 0.01806797489550536}
{"alpha": 0.2, "train_mean": 0.8430055955235811, "train_median": 0.8449240607513989, "train_std": 0.005574930703169543, "test_mean": 0.8227979274611398, "test_median": 0.8031088082901554, "test_std": 0.025467783891076703}
{"alpha": 0.6, "train_mean": 0.7520383693045564, "train_median": 0.8049560351718625, "train_std": 0.09424646879463222, "test_mean": 0.7564766839378239, "test_median": 0.7875647668393783, "test_std": 0.09134466682295964}
{"alpha": 0.9, "train_mean": 0.8508393285371703, "train_median": 0.8545163868904876, "train_std": 0.00529270834764086, "test_mean": 0.8310880829015543, "test_median": 0.8186528497409327, "test_std": 0.015229988038030122}
{"alpha": 0.9, "train_mean": 0.838689048760991, "train_median": 0.8433253397282174, "train_std": 0.020300609661838488, "test_mean": 0.833160621761658, "test_median": 0.8341968911917098, "test_std": 0.008914326701598573}
{"alpha": 0.9, "train_mean": 0.8049560351718625, "train_median": 0.8193445243804957, "train_std": 0.05732256531809797, "test_mean": 0.7896373056994819, "test_median": 0.8031088082901554, "test_std": 0.040876855799618715}
{"alpha": 0.9, "train_mean": 0.8377298161470822, "train_median": 0.8409272581934453, "train_std": 0.011225253193631967, "test_mean": 0.8124352331606218, "test_median": 0.8186528497409327, "test_std": 0.03267125962784343}
{"alpha": 0.8, "train_mean": 0.8380495603517186, "train_median": 0.8377298161470823, "train_std": 0.006906030716692301, "test_mean": 0.8269430051813472, "test_median": 0.8186528497409327, "test_std": 0.02035946394237149}
{"alpha": 0.6, "train_mean": 0.8393285371702637, "train_median": 0.8401278976818545, "train_std": 0.008337908751658078, "test_mean": 0.8455958549222797, "test_median": 0.8238341968911918, "test_std": 0.02710196234325806}