{"alpha": 0.8, "train_mean": 0.8394805194805196, "train_median": 0.8389610389610389, "train_std": 0.006697516746602141, "test_mean": 0.8318339100346019, "test_median": 0.8304498269896193, "test_std": 0.016608996539792403}
{"alpha": 0.9, "train_mean": 0.8282251082251083, "train_median": 0.8277056277056277, "train_std": 0.0035739857039913565, "test_mean": 0.8131487889273357, "test_median": 0.8131487889273357, "test_std": 0.017643666136999244}

{"alpha": 0.9, "train_mean": 0.8287445887445888, "train_median": 0.832034632034632, "train_std": 0.005568116083398617, "test_mean": 0.820069204152249, "test_median": 0.8166089965397924, "test_std": 0.01981705337477698}
{"alpha": 0.8, "train_mean": 0.8342857142857142, "train_median": 0.8311688311688312, "train_std": 0.008511311326368466, "test_mean": 0.8214532871972319, "test_median": 0.8131487889273357, "test_std": 0.02981406121596955}
{"alpha": 0.9, "train_mean": 0.8277056277056278, "train_median": 0.8285714285714286, "train_std": 0.004448565395208674, "test_mean": 0.8152249134948096, "test_median": 0.8131487889273357, "test_std": 0.019027995965214536}
{"alpha": 0.9, "train_mean": 0.8294372294372293, "train_median": 0.8294372294372294, "train_std": 0.0023868482687602337, "test_mean": 0.8110726643598614, "test_median": 0.8131487889273357, "test_std": 0.01085424715664923}
{"alpha": 0.9, "train_mean": 0.8268398268398268, "train_median": 0.8285714285714286, "train_std": 0.005820861061115702, "test_mean": 0.8249134948096886, "test_median": 0.8200692041522492, "test_std": 0.018901730496536557}
{"alpha": 0.6, "train_mean": 0.8498701298701299, "train_median": 0.8528138528138528, "train_std": 0.0050662299007195695, "test_mean": 0.823529411764706, "test_median": 0.8166089965397924, "test_std": 0.018569422650517312}
{"alpha": 0.9, "train_mean": 0.828051948051948, "train_median": 0.8268398268398268, "train_std": 0.0058105495188095335, "test_mean": 0.8221453287197231, "test_median": 0.8304498269896193, "test_std": 0.022805892115272074}
{"alpha": 0.9, "train_mean": 0.8292640692640691, "train_median": 0.8294372294372294, "train_std": 0.005089848816172842, "test_mean": 0.8152249134948096, "test_median": 0.8131487889273357, "test_std": 0.015871757704054943}