{"alpha": 0.2, "train_mean": 0.6412121212121212, "train_median": 0.6363636363636364, "train_std": 0.008077509118400418, "test_mean": 0.6442906574394464, "test_median": 0.6366782006920415, "test_std": 0.010810034153504016}
{"alpha": 0.9, "train_mean": 0.6244155844155845, "train_median": 0.6233766233766234, "train_std": 0.017197865306230468, "test_mean": 0.62560553633218, "test_median": 0.615916955017301, "test_std": 0.03113417821232388}

{"alpha": 0.6, "train_mean": 0.6382683982683982, "train_median": 0.6415584415584416, "train_std": 0.01062362711700638, "test_mean": 0.6387543252595156, "test_median": 0.6401384083044983, "test_std": 0.010854247156649188}
{"alpha": 0.5, "train_mean": 0.6488311688311688, "train_median": 0.6277056277056277, "train_std": 0.026446496504059985, "test_mean": 0.6484429065743945, "test_median": 0.6262975778546713, "test_std": 0.02747326400177051}
{"alpha": 0.8, "train_mean": 0.6329004329004329, "train_median": 0.6155844155844156, "train_std": 0.024031238454483923, "test_mean": 0.6325259515570935, "test_median": 0.615916955017301, "test_std": 0.024211564961295347}
{"alpha": 0.5, "train_mean": 0.6294372294372295, "train_median": 0.6277056277056277, "train_std": 0.0021903221888612216, "test_mean": 0.6283737024221454, "test_median": 0.6262975778546713, "test_std": 0.0027681660899653905}
{"alpha": 0.6, "train_mean": 0.6358441558441559, "train_median": 0.6242424242424243, "train_std": 0.023638742090502537, "test_mean": 0.6325259515570935, "test_median": 0.6262975778546713, "test_std": 0.014250007115552939}
{"alpha": 0.9, "train_mean": 0.641038961038961, "train_median": 0.6467532467532467, "train_std": 0.007256217087361716, "test_mean": 0.6325259515570935, "test_median": 0.629757785467128, "test_std": 0.012456747404844284}
{"alpha": 0.6, "train_mean": 0.6470995670995672, "train_median": 0.6441558441558441, "train_std": 0.023229293628029814, "test_mean": 0.6429065743944637, "test_median": 0.6401384083044983, "test_std": 0.017966442886847275}
{"alpha": 0.9, "train_mean": 0.6413852813852814, "train_median": 0.638961038961039, "train_std": 0.011038876156196857, "test_mean": 0.6346020761245675, "test_median": 0.6332179930795848, "test_std": 0.01717601888718459}