{"alpha": 0.9, "train_mean": 0.625866050808314, "train_median": 0.611239414934565, "train_std": 0.03814159990726722, "test_mean": 0.6206896551724138, "test_median": 0.6137931034482759, "test_std": 0.020458478585091474}
{"alpha": 0.5, "train_mean": 0.6688221709006928, "train_median": 0.6581986143187067, "train_std": 0.04836154912878301, "test_mean": 0.6565517241379311, "test_median": 0.6275862068965518, "test_std": 0.0701145656669729}

{"alpha": 0.2, "train_mean": 0.6528098537336413, "train_median": 0.636643571978445, "train_std": 0.0323325635103926, "test_mean": 0.6427586206896552, "test_median": 0.6344827586206897, "test_std": 0.016551724137931025}
{"alpha": 0.4, "train_mean": 0.6625096227867591, "train_median": 0.6820631254811393, "train_std": 0.03025942789270601, "test_mean": 0.6413793103448275, "test_median": 0.6344827586206897, "test_std": 0.021808811449437093}
{"alpha": 0.8, "train_mean": 0.6525019245573518, "train_median": 0.6158583525789069, "train_std": 0.049474167275784596, "test_mean": 0.6565517241379311, "test_median": 0.6206896551724138, "test_std": 0.04980819333866975}
{"alpha": 0.9, "train_mean": 0.5996920708237106, "train_median": 0.5973826020015397, "train_std": 0.012602544683406389, "test_mean": 0.5862068965517242, "test_median": 0.5586206896551724, "test_std": 0.05252257314388904}
{"alpha": 0.8, "train_mean": 0.634949961508853, "train_median": 0.6158583525789069, "train_std": 0.03995788943864601, "test_mean": 0.6427586206896552, "test_median": 0.6137931034482759, "test_std": 0.044137931034482755}
{"alpha": 0.8, "train_mean": 0.6914549653579677, "train_median": 0.6712856043110085, "train_std": 0.07317514293823638, "test_mean": 0.6937931034482758, "test_median": 0.6344827586206897, "test_std": 0.08987770790424776}
{"alpha": 0.9, "train_mean": 0.6441878367975367, "train_median": 0.6728252501924558, "train_std": 0.049712683611389225, "test_mean": 0.6496551724137931, "test_median": 0.6206896551724138, "test_std": 0.06460710857175372}
{"alpha": 0.9, "train_mean": 0.6403387220939184, "train_median": 0.6528098537336413, "train_std": 0.030168417169160175, "test_mean": 0.6303448275862069, "test_median": 0.6413793103448275, "test_std": 0.020271639250619394}