{"alpha": 0.9, "train_mean": 0.6731331793687453, "train_median": 0.6905311778290993, "train_std": 0.027415209704250907, "test_mean": 0.6675862068965518, "test_median": 0.6620689655172414, "test_std": 0.03389849855846761}
{"alpha": 0.6, "train_mean": 0.6969976905311779, "train_median": 0.6682063125481139, "train_std": 0.04044201643588123, "test_mean": 0.6772413793103448, "test_median": 0.6758620689655173, "test_std": 0.0201775708114866}
{"alpha": 0.9, "train_mean": 0.6695919938414165, "train_median": 0.6836027713625866, "train_std": 0.025709781257751124, "test_mean": 0.6882758620689655, "test_median": 0.6896551724137931, "test_std": 0.044991741876689924}

{"alpha": 0.9, "train_mean": 0.6979214780600462, "train_median": 0.6928406466512702, "train_std": 0.012418749702895008, "test_mean": 0.6841379310344828, "test_median": 0.6689655172413793, "test_std": 0.02520781638965112}
{"alpha": 0.9, "train_mean": 0.6792917628945343, "train_median": 0.6905311778290993, "train_std": 0.024307883146802222, "test_mean": 0.6606896551724138, "test_median": 0.6827586206896552, "test_std": 0.03685624611279279}
{"alpha": 0.9, "train_mean": 0.6688221709006928, "train_median": 0.6889915319476521, "train_std": 0.02685082384508762, "test_mean": 0.6551724137931034, "test_median": 0.6620689655172414, "test_std": 0.04160856035585753}
{"alpha": 0.9, "train_mean": 0.6626635873749038, "train_median": 0.642802155504234, "train_std": 0.027813522803371092, "test_mean": 0.6537931034482758, "test_median": 0.6413793103448275, "test_std": 0.038866214630635505}
{"alpha": 0.9, "train_mean": 0.6694380292532718, "train_median": 0.6913010007698229, "train_std": 0.03376215587669478, "test_mean": 0.6620689655172415, "test_median": 0.6689655172413793, "test_std": 0.021808811449437106}
{"alpha": 0.5, "train_mean": 0.7122401847575057, "train_median": 0.7213240954580447, "train_std": 0.0197974753656162, "test_mean": 0.6786206896551724, "test_median": 0.6758620689655173, "test_std": 0.024904096669334897}
{"alpha": 0.4, "train_mean": 0.7702848344880678, "train_median": 0.7259430331023865, "train_std": 0.11656715807688968, "test_mean": 0.6993103448275862, "test_median": 0.6896551724137931, "test_std": 0.03163405501015095}
{"alpha": 0.6, "train_mean": 0.707621247113164, "train_median": 0.6682063125481139, "train_std": 0.05891716043519678, "test_mean": 0.6882758620689655, "test_median": 0.6758620689655173, "test_std": 0.04215367390327207}
{"alpha": 0.4, "train_mean": 0.77752117013087, "train_median": 0.7259430331023865, "train_std": 0.11496939000828, "test_mean": 0.6717241379310345, "test_median": 0.6689655172413793, "test_std": 0.01829861953299531}
{"alpha": 0.9, "train_mean": 0.6960739030023095, "train_median": 0.6874518860662048, "train_std": 0.06156158105927206, "test_mean": 0.6731034482758621, "test_median": 0.6689655172413793, "test_std": 0.03586206896551723}