{"alpha": 0.9, "train_mean": 0.5508225108225109, "train_median": 0.5558441558441558, "train_std": 0.013395033493204318, "test_mean": 0.5335640138408304, "test_median": 0.5259515570934256, "test_std": 0.021262687191331814}
{"alpha": 0.9, "train_mean": 0.5452813852813853, "train_median": 0.5463203463203463, "train_std": 0.010176751691716099, "test_mean": 0.5487889273356402, "test_median": 0.5536332179930796, "test_std": 0.012301999193516393}

{"alpha": 0.9, "train_mean": 0.5435497835497836, "train_median": 0.5532467532467532, "train_std": 0.01420968882350037, "test_mean": 0.5418685121107267, "test_median": 0.5501730103806228, "test_std": 0.017859498824309962}
{"alpha": 0.9, "train_mean": 0.5312554112554112, "train_median": 0.5272727272727272, "train_std": 0.017655545761428065, "test_mean": 0.5446366782006921, "test_median": 0.5397923875432526, "test_std": 0.019278046058386344}
{"alpha": 0.9, "train_mean": 0.5442424242424243, "train_median": 0.5437229437229437, "train_std": 0.015091780827359952, "test_mean": 0.5619377162629758, "test_median": 0.5536332179930796, "test_std": 0.023014933077253785}
{"alpha": 0.9, "train_mean": 0.5407792207792207, "train_median": 0.5385281385281385, "train_std": 0.006852418679622294, "test_mean": 0.5612456747404844, "test_median": 0.5605536332179931, "test_std": 0.00912865464240338}
{"alpha": 0.9, "train_mean": 0.5471861471861471, "train_median": 0.5437229437229437, "train_std": 0.00937306916206014, "test_mean": 0.5356401384083045, "test_median": 0.5432525951557093, "test_std": 0.01912840825063702}
{"alpha": 0.9, "train_mean": 0.5423376623376622, "train_median": 0.5428571428571428, "train_std": 0.012637134054039073, "test_mean": 0.532871972318339, "test_median": 0.5363321799307958, "test_std": 0.015780974741856576}
{"alpha": 0.9, "train_mean": 0.5387012987012987, "train_median": 0.5411255411255411, "train_std": 0.008257398453725622, "test_mean": 0.5224913494809689, "test_median": 0.5224913494809689, "test_std": 0.005790034785702954}
{"alpha": 0.9, "train_mean": 0.5404329004329005, "train_median": 0.5376623376623376, "train_std": 0.012236924498046597, "test_mean": 0.5453287197231834, "test_median": 0.5501730103806228, "test_std": 0.015871757704055}