{"alpha": 0.5, "train_mean": 0.6802557953637091, "train_median": 0.6562749800159872, "train_std": 0.03317105343124927, "test_mean": 0.6880829015544042, "test_median": 0.6683937823834197, "test_std": 0.04864951127173263}
{"alpha": 0.9, "train_mean": 0.6706634692246205, "train_median": 0.6738609112709832, "train_std": 0.019703871787627985, "test_mean": 0.6590673575129534, "test_median": 0.6632124352331606, "test_std": 0.045098559890132534}

{"alpha": 0.8, "train_mean": 0.6821742605915269, "train_median": 0.6906474820143885, "train_std": 0.031639331277317745, "test_mean": 0.6787564766839378, "test_median": 0.6528497409326425, "test_std": 0.043965188467557356}
{"alpha": 0.2, "train_mean": 0.691286970423661, "train_median": 0.7002398081534772, "train_std": 0.03872206609854796, "test_mean": 0.6683937823834197, "test_median": 0.6735751295336787, "test_std": 0.018824769041020657}
{"alpha": 0.4, "train_mean": 0.660431654676259, "train_median": 0.6578737010391686, "train_std": 0.03388534371541021, "test_mean": 0.661139896373057, "test_median": 0.6424870466321243, "test_std": 0.03716149446018884}
{"alpha": 0.6, "train_mean": 0.6847322142286171, "train_median": 0.6922462030375699, "train_std": 0.054723452316593625, "test_mean": 0.689119170984456, "test_median": 0.6787564766839378, "test_std": 0.059619274046186624}
{"alpha": 0.2, "train_mean": 0.689048760991207, "train_median": 0.6650679456434853, "train_std": 0.05613309633542046, "test_mean": 0.6839378238341969, "test_median": 0.6683937823834197, "test_std": 0.0481614509372943}
{"alpha": 0.5, "train_mean": 0.6709832134292567, "train_median": 0.6554756195043965, "train_std": 0.043190921233809375, "test_mean": 0.6694300518134715, "test_median": 0.6424870466321243, "test_std": 0.050063719499196545}
{"alpha": 0.8, "train_mean": 0.6589928057553956, "train_median": 0.64828137490008, "train_std": 0.016991629423611706, "test_mean": 0.6549222797927462, "test_median": 0.6476683937823834, "test_std": 0.02399137181925436}
{"alpha": 0.8, "train_mean": 0.6810551558752997, "train_median": 0.6155075939248601, "train_std": 0.09035107895055144, "test_mean": 0.6818652849740932, "test_median": 0.616580310880829, "test_std": 0.08274596799037154}