{"alpha": 0.8, "train_mean": 0.679445727482679, "train_median": 0.6751347190146266, "train_std": 0.02100135677651129, "test_mean": 0.6717241379310344, "test_median": 0.6482758620689655, "test_std": 0.05334918511948611}
{"alpha": 0.4, "train_mean": 0.7045419553502694, "train_median": 0.7143956889915319, "train_std": 0.05201952851027757, "test_mean": 0.7062068965517241, "test_median": 0.696551724137931, "test_std": 0.05405770466831839}

{"alpha": 0.9, "train_mean": 0.7157813702848345, "train_median": 0.7105465742879138, "train_std": 0.04635689407165952, "test_mean": 0.713103448275862, "test_median": 0.6896551724137931, "test_std": 0.04059017646775766}
{"alpha": 0.8, "train_mean": 0.6902232486528099, "train_median": 0.6612779060816012, "train_std": 0.07201462166128361, "test_mean": 0.6924137931034483, "test_median": 0.6758620689655173, "test_std": 0.06751579724425055}
{"alpha": 0.9, "train_mean": 0.6620477290223249, "train_median": 0.625866050808314, "train_std": 0.06129647186264629, "test_mean": 0.6427586206896552, "test_median": 0.6206896551724138, "test_std": 0.05506886835221275}
{"alpha": 0.8, "train_mean": 0.659122401847575, "train_median": 0.6651270207852193, "train_std": 0.05097227841581994, "test_mean": 0.6593103448275862, "test_median": 0.6413793103448275, "test_std": 0.05527576526762448}
{"alpha": 0.6, "train_mean": 0.664203233256351, "train_median": 0.6243264049268669, "train_std": 0.07492303500865037, "test_mean": 0.6855172413793105, "test_median": 0.6482758620689655, "test_std": 0.10122672072777254}
{"alpha": 0.6, "train_mean": 0.7282525019245573, "train_median": 0.7005388760585065, "train_std": 0.04392445370662683, "test_mean": 0.7117241379310344, "test_median": 0.7172413793103448, "test_std": 0.010135819625309721}
{"alpha": 0.5, "train_mean": 0.7054657428791378, "train_median": 0.6943802925327175, "train_std": 0.07995877807308577, "test_mean": 0.7048275862068965, "test_median": 0.6620689655172414, "test_std": 0.08326283184985693}
{"alpha": 0.2, "train_mean": 0.7045419553502695, "train_median": 0.6789838337182448, "train_std": 0.05524604714103248, "test_mean": 0.696551724137931, "test_median": 0.6827586206896552, "test_std": 0.03925586060898681}