{"alpha": 0.2, "train_mean": 0.6925327174749808, "train_median": 0.6782140107775212, "train_std": 0.025590563455413506, "test_mean": 0.6620689655172414, "test_median": 0.6551724137931034, "test_std": 0.04677468953879495}
{"alpha": 0.2, "train_mean": 0.6948421862971517, "train_median": 0.674364896073903, "train_std": 0.029521881728729372, "test_mean": 0.6855172413793104, "test_median": 0.6620689655172414, "test_std": 0.06680761952172322}

{"alpha": 0.4, "train_mean": 0.6783679753656658, "train_median": 0.6782140107775212, "train_std": 0.0033164987264877517, "test_mean": 0.6537931034482758, "test_median": 0.6620689655172414, "test_std": 0.028401738319964145}
{"alpha": 0.4, "train_mean": 0.6845265588914549, "train_median": 0.6782140107775212, "train_std": 0.010649186430048066, "test_mean": 0.6551724137931034, "test_median": 0.6620689655172414, "test_std": 0.040449319444455664}
{"alpha": 0.6, "train_mean": 0.7071593533487297, "train_median": 0.7020785219399538, "train_std": 0.028558667301101542, "test_mean": 0.6786206896551723, "test_median": 0.6689655172413793, "test_std": 0.03252365826910788}
{"alpha": 0.2, "train_mean": 0.6792917628945342, "train_median": 0.6735950731331793, "train_std": 0.014158046414254227, "test_mean": 0.6565517241379311, "test_median": 0.6482758620689655, "test_std": 0.017116791235849464}
{"alpha": 0.2, "train_mean": 0.6971516551193225, "train_median": 0.6751347190146266, "train_std": 0.047968309260181106, "test_mean": 0.6744827586206897, "test_median": 0.6620689655172414, "test_std": 0.07746273700468398}
{"alpha": 0.2, "train_mean": 0.6709776751347191, "train_median": 0.6705157813702848, "train_std": 0.004233326277095474, "test_mean": 0.6579310344827587, "test_median": 0.6620689655172414, "test_std": 0.03792476437204832}
{"alpha": 0.2, "train_mean": 0.6785219399538105, "train_median": 0.6728252501924558, "train_std": 0.015011349952315466, "test_mean": 0.6620689655172415, "test_median": 0.6551724137931034, "test_std": 0.01798400663504183}
{"alpha": 0.8, "train_mean": 0.6889915319476521, "train_median": 0.6897613548883756, "train_std": 0.005698769984086764, "test_mean": 0.6772413793103448, "test_median": 0.6620689655172414, "test_std": 0.03607364642930216}