{"alpha": 0.8, "train_mean": 0.6492686682063125, "train_median": 0.6389530408006159, "train_std": 0.0335755784672263, "test_mean": 0.6482758620689656, "test_median": 0.6137931034482759, "test_std": 0.045118419955299645}
{"alpha": 0.9, "train_mean": 0.6292532717474982, "train_median": 0.596612779060816, "train_std": 0.04512134459277103, "test_mean": 0.623448275862069, "test_median": 0.6, "test_std": 0.04035514162297322}

{"alpha": 0.9, "train_mean": 0.632640492686682, "train_median": 0.596612779060816, "train_std": 0.06116561794825625, "test_mean": 0.6248275862068966, "test_median": 0.6, "test_std": 0.04011872985447996}
{"alpha": 0.8, "train_mean": 0.6331023864511163, "train_median": 0.6158583525789069, "train_std": 0.09393177506682682, "test_mean": 0.6220689655172414, "test_median": 0.6137931034482759, "test_std": 0.07185664153175782}
{"alpha": 0.9, "train_mean": 0.5950731331793687, "train_median": 0.596612779060816, "train_std": 0.00307929176289452, "test_mean": 0.6, "test_median": 0.6, "test_std": 0.0}
{"alpha": 0.2, "train_mean": 0.6632794457274827, "train_median": 0.636643571978445, "train_std": 0.0455813196826081, "test_mean": 0.646896551724138, "test_median": 0.6344827586206897, "test_std": 0.049038314026568754}
{"alpha": 0.5, "train_mean": 0.6658968437259432, "train_median": 0.6751347190146266, "train_std": 0.020639296170516058, "test_mean": 0.6579310344827587, "test_median": 0.6275862068965518, "test_std": 0.043965179173818536}
{"alpha": 0.6, "train_mean": 0.6260200153964589, "train_median": 0.6243264049268669, "train_std": 0.02564515820003946, "test_mean": 0.6289655172413793, "test_median": 0.6275862068965518, "test_std": 0.02404909761953476}
{"alpha": 0.2, "train_mean": 0.6823710546574288, "train_median": 0.6612779060816012, "train_std": 0.05135498011734517, "test_mean": 0.6731034482758621, "test_median": 0.6344827586206897, "test_std": 0.05388144823344717}
{"alpha": 0.8, "train_mean": 0.6514241724403387, "train_median": 0.6158583525789069, "train_std": 0.0648963935202808, "test_mean": 0.6593103448275863, "test_median": 0.6137931034482759, "test_std": 0.07574913223583989}