{"alpha": 0.6, "train_mean": 0.7122401847575058, "train_median": 0.7213240954580447, "train_std": 0.033440456386644744, "test_mean": 0.6896551724137931, "test_median": 0.6827586206896552, "test_std": 0.04405163978667946}
{"alpha": 0.6, "train_mean": 0.6997690531177829, "train_median": 0.7097767513471901, "train_std": 0.018975784146514685, "test_mean": 0.6772413793103449, "test_median": 0.6689655172413793, "test_std": 0.017116791235849447}

{"alpha": 0.5, "train_mean": 0.7014626635873749, "train_median": 0.7082371054657429, "train_std": 0.039233488245844605, "test_mean": 0.6924137931034483, "test_median": 0.6689655172413793, "test_std": 0.05370461333498423}
{"alpha": 0.4, "train_mean": 0.7088529638183216, "train_median": 0.7167051578137028, "train_std": 0.03428401086304365, "test_mean": 0.7158620689655173, "test_median": 0.6896551724137931, "test_std": 0.04392188504300869}
{"alpha": 0.9, "train_mean": 0.6446497305619708, "train_median": 0.596612779060816, "train_std": 0.06086101569123547, "test_mean": 0.6386206896551724, "test_median": 0.6, "test_std": 0.05041563277930226}
{"alpha": 0.6, "train_mean": 0.6832948421862971, "train_median": 0.6735950731331793, "train_std": 0.0313067218528047, "test_mean": 0.6689655172413793, "test_median": 0.6620689655172414, "test_std": 0.03434455061514132}
{"alpha": 0.2, "train_mean": 0.6714395688991531, "train_median": 0.6782140107775212, "train_std": 0.03135136415386708, "test_mean": 0.6634482758620689, "test_median": 0.6344827586206897, "test_std": 0.03607364642930209}
{"alpha": 0.9, "train_mean": 0.6814472671285604, "train_median": 0.6905311778290993, "train_std": 0.03355721687655186, "test_mean": 0.6662068965517242, "test_median": 0.6413793103448275, "test_std": 0.04059017646775768}
{"alpha": 0.9, "train_mean": 0.6755966127790608, "train_median": 0.6720554272517321, "train_std": 0.017217895068753517, "test_mean": 0.6441379310344827, "test_median": 0.6413793103448275, "test_std": 0.01420086915998206}
{"alpha": 0.9, "train_mean": 0.7077752117013086, "train_median": 0.6920708237105466, "train_std": 0.031510499585793134, "test_mean": 0.6910344827586207, "test_median": 0.6758620689655173, "test_std": 0.030965440442267112}