{"alpha": 0.9, "train_mean": 0.6481215027977617, "train_median": 0.657074340527578, "train_std": 0.016353908044821012, "test_mean": 0.655958549222798, "test_median": 0.6632124352331606, "test_std": 0.02613372064853572}
{"alpha": 0.9, "train_mean": 0.6577138289368505, "train_median": 0.6578737010391686, "train_std": 0.0005981866325777726, "test_mean": 0.6580310880829016, "test_median": 0.6580310880829016, "test_std": 0.00327697166856828}

{"alpha": 0.9, "train_mean": 0.6497202238209432, "train_median": 0.6546762589928058, "train_std": 0.014132187453627237, "test_mean": 0.6466321243523316, "test_median": 0.6632124352331606, "test_std": 0.041631729381555765}
{"alpha": 0.9, "train_mean": 0.6810551558752997, "train_median": 0.6594724220623501, "train_std": 0.04320393821106485, "test_mean": 0.6683937823834197, "test_median": 0.6528497409326425, "test_std": 0.043101832835410206}
{"alpha": 0.9, "train_mean": 0.6572342126298961, "train_median": 0.6578737010391686, "train_std": 0.004025476678501712, "test_mean": 0.6621761658031089, "test_median": 0.6580310880829016, "test_std": 0.026092597537853184}
{"alpha": 0.9, "train_mean": 0.6917665867306155, "train_median": 0.6586730615507594, "train_std": 0.06899662092696632, "test_mean": 0.6797927461139897, "test_median": 0.6683937823834197, "test_std": 0.03669623048627104}
{"alpha": 0.9, "train_mean": 0.658193445243805, "train_median": 0.6594724220623501, "train_std": 0.00297379300363524, "test_mean": 0.6559585492227978, "test_median": 0.6476683937823834, "test_std": 0.019275725634961917}
{"alpha": 0.9, "train_mean": 0.677058353317346, "train_median": 0.6578737010391686, "train_std": 0.03999040141038155, "test_mean": 0.6880829015544041, "test_median": 0.6632124352331606, "test_std": 0.05049089208323248}
{"alpha": 0.9, "train_mean": 0.6565947242206235, "train_median": 0.6562749800159872, "train_std": 0.001794559897733314, "test_mean": 0.6663212435233161, "test_median": 0.6683937823834197, "test_std": 0.011632095502924163}
{"alpha": 0.9, "train_mean": 0.657234212629896, "train_median": 0.6578737010391686, "train_std": 0.0025479420384507006, "test_mean": 0.6621761658031089, "test_median": 0.6580310880829016, "test_std": 0.01651541704715984}
{"alpha": 0.9, "train_mean": 0.6486011191047163, "train_median": 0.657074340527578, "train_std": 0.016261437077475814, "test_mean": 0.6538860103626943, "test_median": 0.6580310880829016, "test_std": 0.026903119141444897}