{"alpha": 0.9, "train_mean": 0.6689761354888376, "train_median": 0.6843725943033102, "train_std": 0.025345770027951228, "test_mean": 0.6675862068965517, "test_median": 0.6620689655172414, "test_std": 0.023244551098417547}
{"alpha": 0.9, "train_mean": 0.6922247882986913, "train_median": 0.6913010007698229, "train_std": 0.030674908593438775, "test_mean": 0.6606896551724138, "test_median": 0.6551724137931034, "test_std": 0.03002971180286514}
{"alpha": 0.9, "train_mean": 0.722247882986913, "train_median": 0.6420323325635104, "train_std": 0.14054900955870048, "test_mean": 0.670344827586207, "test_median": 0.6275862068965518, "test_std": 0.07622483795667916}

{"alpha": 0.9, "train_mean": 0.6620477290223248, "train_median": 0.6420323325635104, "train_std": 0.02710826306644959, "test_mean": 0.6455172413793104, "test_median": 0.6482758620689655, "test_std": 0.023730552460807245}
{"alpha": 0.9, "train_mean": 0.669284064665127, "train_median": 0.6828329484218629, "train_std": 0.02013701429831278, "test_mean": 0.6689655172413792, "test_median": 0.6551724137931034, "test_std": 0.03175410878130023}
{"alpha": 0.9, "train_mean": 0.6708237105465742, "train_median": 0.6889915319476521, "train_std": 0.02748429621133611, "test_mean": 0.666206896551724, "test_median": 0.6620689655172414, "test_std": 0.01829861953299531}
{"alpha": 0.9, "train_mean": 0.6588144726712857, "train_median": 0.6404926866820632, "train_std": 0.023719542798096335, "test_mean": 0.6620689655172414, "test_median": 0.6482758620689655, "test_std": 0.031754108781300215}
{"alpha": 0.9, "train_mean": 0.7337952270977676, "train_median": 0.6913010007698229, "train_std": 0.13580025795927309, "test_mean": 0.6689655172413793, "test_median": 0.6689655172413793, "test_std": 0.01689303270884954}
{"alpha": 0.8, "train_mean": 0.6771362586605081, "train_median": 0.6597382602001539, "train_std": 0.024175872426654987, "test_mean": 0.6855172413793104, "test_median": 0.6689655172413793, "test_std": 0.03338956810182127}
{"alpha": 0.6, "train_mean": 0.6779060816012317, "train_median": 0.6682063125481139, "train_std": 0.01902942516456398, "test_mean": 0.6634482758620688, "test_median": 0.6551724137931034, "test_std": 0.028064813723276984}
{"alpha": 0.9, "train_mean": 0.7202463433410315, "train_median": 0.6389530408006159, "train_std": 0.1412994017686963, "test_mean": 0.670344827586207, "test_median": 0.6551724137931034, "test_std": 0.0312711284103576}
{"alpha": 0.6, "train_mean": 0.7861431870669746, "train_median": 0.7259430331023865, "train_std": 0.11793968845948662, "test_mean": 0.6813793103448276, "test_median": 0.6827586206896552, "test_std": 0.03554234131510382}
{"alpha": 0.8, "train_mean": 0.7071593533487297, "train_median": 0.7120862201693611, "train_std": 0.028182670083806618, "test_mean": 0.7006896551724139, "test_median": 0.6896551724137931, "test_std": 0.02332625451763829}