{"alpha": 0.9, "train_mean": 0.596612779060816, "train_median": 0.596612779060816, "train_std": 0.0, "test_mean": 0.6, "test_median": 0.6, "test_std": 0.0}
{"alpha": 0.9, "train_mean": 0.6053887605850654, "train_median": 0.596612779060816, "train_std": 0.017551963048498865, "test_mean": 0.606896551724138, "test_median": 0.6, "test_std": 0.013793103448275891}

{"alpha": 0.9, "train_mean": 0.596612779060816, "train_median": 0.596612779060816, "train_std": 0.0, "test_mean": 0.6, "test_median": 0.6, "test_std": 0.0}
{"alpha": 0.9, "train_mean": 0.6149345650500384, "train_median": 0.596612779060816, "train_std": 0.02497075896254138, "test_mean": 0.616551724137931, "test_median": 0.6, "test_std": 0.02412807680625642}
{"alpha": 0.9, "train_mean": 0.596612779060816, "train_median": 0.596612779060816, "train_std": 0.0, "test_mean": 0.6, "test_median": 0.6, "test_std": 0.0}
{"alpha": 0.9, "train_mean": 0.6053887605850654, "train_median": 0.596612779060816, "train_std": 0.01755196304849886, "test_mean": 0.6110344827586207, "test_median": 0.6, "test_std": 0.02206896551724138}
{"alpha": 0.9, "train_mean": 0.596612779060816, "train_median": 0.596612779060816, "train_std": 0.0, "test_mean": 0.6, "test_median": 0.6, "test_std": 0.0}
{"alpha": 0.8, "train_mean": 0.6158583525789069, "train_median": 0.6158583525789069, "train_std": 0.0, "test_mean": 0.6137931034482759, "test_median": 0.6137931034482759, "test_std": 0.0}
{"alpha": 0.9, "train_mean": 0.6140107775211702, "train_median": 0.596612779060816, "train_std": 0.021309499956022743, "test_mean": 0.6193103448275863, "test_median": 0.6, "test_std": 0.024049097619534745}
{"alpha": 0.9, "train_mean": 0.596612779060816, "train_median": 0.596612779060816, "train_std": 0.0, "test_mean": 0.6, "test_median": 0.6, "test_std": 0.0}