{"alpha": 0.9, "train_mean": 0.6509992006394885, "train_median": 0.6490807354116707, "train_std": 0.00545911145610355, "test_mean": 0.6683937823834197, "test_median": 0.6632124352331606, "test_std": 0.010868485473265816}
{"alpha": 0.9, "train_mean": 0.6671462829736211, "train_median": 0.662669864108713, "train_std": 0.009784904075523179, "test_mean": 0.6404145077720208, "test_median": 0.6373056994818653, "test_std": 0.015229988038030133}

{"alpha": 0.9, "train_mean": 0.6578737010391686, "train_median": 0.6594724220623501, "train_std": 0.0037493331413456597, "test_mean": 0.6424870466321244, "test_median": 0.6424870466321243, "test_std": 0.0073275314112595386}
{"alpha": 0.9, "train_mean": 0.6842525979216626, "train_median": 0.6602717825739408, "train_std": 0.053791676651396406, "test_mean": 0.6601036269430052, "test_median": 0.6424870466321243, "test_std": 0.04391631108894734}
{"alpha": 0.9, "train_mean": 0.6522781774580335, "train_median": 0.6530775379696243, "train_std": 0.0050555997764482495, "test_mean": 0.6601036269430052, "test_median": 0.6476683937823834, "test_std": 0.020880250445191588}
{"alpha": 0.9, "train_mean": 0.6625099920063949, "train_median": 0.6586730615507594, "train_std": 0.012439241351831757, "test_mean": 0.6601036269430052, "test_median": 0.6528497409326425, "test_std": 0.014507772020725403}
{"alpha": 0.9, "train_mean": 0.6425259792166267, "train_median": 0.6506794564348521, "train_std": 0.02348215893471636, "test_mean": 0.6373056994818653, "test_median": 0.6476683937823834, "test_std": 0.018824769041020654}
{"alpha": 0.9, "train_mean": 0.654996003197442, "train_median": 0.6554756195043965, "train_std": 0.003967921229733269, "test_mean": 0.6549222797927461, "test_median": 0.6528497409326425, "test_std": 0.01066904677822487}
{"alpha": 0.9, "train_mean": 0.6589928057553956, "train_median": 0.6586730615507594, "train_std": 0.0062656811965676774, "test_mean": 0.6383419689119171, "test_median": 0.6424870466321243, "test_std": 0.023032239140821625}
{"alpha": 0.9, "train_mean": 0.6551558752997602, "train_median": 0.6562749800159872, "train_std": 0.0035962340141333245, "test_mean": 0.6590673575129534, "test_median": 0.6632124352331606, "test_std": 0.010047004885836987}