{"alpha": 0.4, "train_mean": 0.6837729816147082, "train_median": 0.6770583533173461, "train_std": 0.014968332407028516, "test_mean": 0.6849740932642487, "test_median": 0.6735751295336787, "test_std": 0.0426510168440553}
{"alpha": 0.2, "train_mean": 0.6908073541167066, "train_median": 0.6730615507593924, "train_std": 0.028671981825473706, "test_mean": 0.6901554404145077, "test_median": 0.6787564766839378, "test_std": 0.031838946105154885}

{"alpha": 0.6, "train_mean": 0.6927258193445244, "train_median": 0.6850519584332534, "train_std": 0.015815221969005592, "test_mean": 0.6632124352331605, "test_median": 0.6580310880829016, "test_std": 0.017647032503550698}
{"alpha": 0.9, "train_mean": 0.7216626698641087, "train_median": 0.701039168665068, "train_std": 0.0541855589731264, "test_mean": 0.6984455958549223, "test_median": 0.6787564766839378, "test_std": 0.0572673653042408}
{"alpha": 0.2, "train_mean": 0.6855315747402078, "train_median": 0.6770583533173461, "train_std": 0.0206637397994243, "test_mean": 0.6694300518134716, "test_median": 0.6683937823834197, "test_std": 0.026297570032019716}
{"alpha": 0.2, "train_mean": 0.6941646682653877, "train_median": 0.7042366107114308, "train_std": 0.017437056056832576, "test_mean": 0.6860103626943005, "test_median": 0.6735751295336787, "test_std": 0.04330068894461384}
{"alpha": 0.2, "train_mean": 0.6839328537170264, "train_median": 0.6770583533173461, "train_std": 0.018613946702257887, "test_mean": 0.6787564766839378, "test_median": 0.689119170984456, "test_std": 0.04053390096499058}
{"alpha": 0.2, "train_mean": 0.6836131095123902, "train_median": 0.6762589928057554, "train_std": 0.025416144827724897, "test_mean": 0.661139896373057, "test_median": 0.6528497409326425, "test_std": 0.037161494460188835}
{"alpha": 0.2, "train_mean": 0.6903277378097522, "train_median": 0.6786570743405276, "train_std": 0.022080878235804388, "test_mean": 0.6694300518134716, "test_median": 0.6632124352331606, "test_std": 0.03855145126992391}
{"alpha": 0.2, "train_mean": 0.6765787370103917, "train_median": 0.6714628297362111, "train_std": 0.013646373993843853, "test_mean": 0.671502590673575, "test_median": 0.6735751295336787, "test_std": 0.024870466321243533}