{"alpha": 0.9, "train_mean": 0.5553246753246753, "train_median": 0.5541125541125541, "train_std": 0.020294490492098492, "test_mean": 0.5529411764705883, "test_median": 0.5432525951557093, "test_std": 0.024112458671535435}
{"alpha": 0.9, "train_mean": 0.5534199134199134, "train_median": 0.554978354978355, "train_std": 0.012467532467532468, "test_mean": 0.5529411764705883, "test_median": 0.5467128027681661, "test_std": 0.02148674698444293}

{"alpha": 0.9, "train_mean": 0.5433766233766233, "train_median": 0.5471861471861472, "train_std": 0.009835131997342296, "test_mean": 0.5370242214532872, "test_median": 0.5397923875432526, "test_std": 0.018231058646808993}
{"alpha": 0.8, "train_mean": 0.5792207792207792, "train_median": 0.5714285714285714, "train_std": 0.022530793671791054, "test_mean": 0.5667820069204152, "test_median": 0.5674740484429066, "test_std": 0.02620636156229961}
{"alpha": 0.9, "train_mean": 0.5511688311688312, "train_median": 0.554978354978355, "train_std": 0.014137761992692786, "test_mean": 0.544636678200692, "test_median": 0.5363321799307958, "test_std": 0.026497148400106085}
{"alpha": 0.9, "train_mean": 0.5385281385281385, "train_median": 0.535064935064935, "train_std": 0.010461511665449837, "test_mean": 0.5432525951557092, "test_median": 0.5432525951557093, "test_std": 0.016809630175074215}
{"alpha": 0.9, "train_mean": 0.5395670995670996, "train_median": 0.5411255411255411, "train_std": 0.00947488416990784, "test_mean": 0.5446366782006921, "test_median": 0.5432525951557093, "test_std": 0.005622171906322482}
{"alpha": 0.9, "train_mean": 0.5404329004329004, "train_median": 0.5333333333333333, "train_std": 0.012985858534547291, "test_mean": 0.5307958477508651, "test_median": 0.5363321799307958, "test_std": 0.01063134359566593}
{"alpha": 0.9, "train_mean": 0.5473593073593073, "train_median": 0.5489177489177489, "train_std": 0.0132033922359884, "test_mean": 0.5280276816608998, "test_median": 0.5224913494809689, "test_std": 0.02949103910403116}
{"alpha": 0.9, "train_mean": 0.5487445887445888, "train_median": 0.5497835497835498, "train_std": 0.011914124614212696, "test_mean": 0.5425605536332181, "test_median": 0.5363321799307958, "test_std": 0.018231058646809004}