{"alpha": 0.4, "train_mean": 0.6631494804156676, "train_median": 0.6298960831334932, "train_std": 0.04196330542995472, "test_mean": 0.6549222797927461, "test_median": 0.6321243523316062, "test_std": 0.028680523322482995}
{"alpha": 0.9, "train_mean": 0.6711430855315748, "train_median": 0.6722621902478018, "train_std": 0.03295692719865739, "test_mean": 0.6414507772020726, "test_median": 0.6321243523316062, "test_std": 0.05080891470313476}

{"alpha": 0.2, "train_mean": 0.6834532374100719, "train_median": 0.6922462030375699, "train_std": 0.03094258356491745, "test_mean": 0.6839378238341969, "test_median": 0.6839378238341969, "test_std": 0.03325763012617867}
{"alpha": 0.5, "train_mean": 0.6943245403677059, "train_median": 0.7266187050359713, "train_std": 0.044905566398876454, "test_mean": 0.6621761658031089, "test_median": 0.6580310880829016, "test_std": 0.025256077941873435}
{"alpha": 0.9, "train_mean": 0.661550759392486, "train_median": 0.6690647482014388, "train_std": 0.03335010226759759, "test_mean": 0.6694300518134715, "test_median": 0.6683937823834197, "test_std": 0.02920000581058108}
{"alpha": 0.4, "train_mean": 0.677857713828937, "train_median": 0.6658673061550759, "train_std": 0.03532413806228856, "test_mean": 0.6860103626943006, "test_median": 0.6528497409326425, "test_std": 0.0650955389618214}
{"alpha": 0.2, "train_mean": 0.6679456434852119, "train_median": 0.6650679456434853, "train_std": 0.03423130144854768, "test_mean": 0.6518134715025907, "test_median": 0.6373056994818653, "test_std": 0.03063574196703518}
{"alpha": 0.2, "train_mean": 0.6671462829736211, "train_median": 0.6650679456434853, "train_std": 0.03445827974830017, "test_mean": 0.6538860103626943, "test_median": 0.6476683937823834, "test_std": 0.017768319377701795}
{"alpha": 0.5, "train_mean": 0.6476418864908073, "train_median": 0.627498001598721, "train_std": 0.02844375865386788, "test_mean": 0.6414507772020726, "test_median": 0.6269430051813472, "test_std": 0.02030665071737348}
{"alpha": 0.6, "train_mean": 0.6645883293365308, "train_median": 0.6498800959232613, "train_std": 0.029911895176023603, "test_mean": 0.6621761658031088, "test_median": 0.6528497409326425, "test_std": 0.017768319377701833}