{"alpha": 0.2, "train_mean": 0.8418783679753655, "train_median": 0.8414164742109315, "train_std": 0.01838958609504683, "test_mean": 0.8303448275862071, "test_median": 0.8275862068965517, "test_std": 0.028132521454304997}
{"alpha": 0.4, "train_mean": 0.8489607390300231, "train_median": 0.8460354118552733, "train_std": 0.004878515632872943, "test_mean": 0.8137931034482758, "test_median": 0.8137931034482758, "test_std": 0.007554793896622996}

{"alpha": 0.4, "train_mean": 0.8406466512702078, "train_median": 0.8391070053887606, "train_std": 0.015761642977145128, "test_mean": 0.8165517241379309, "test_median": 0.8068965517241379, "test_std": 0.023326254517638312}
{"alpha": 0.2, "train_mean": 0.833256351039261, "train_median": 0.8321785989222479, "train_std": 0.002099797028019372, "test_mean": 0.8358620689655172, "test_median": 0.8413793103448276, "test_std": 0.03812489644437311}
{"alpha": 0.6, "train_mean": 0.843418013856813, "train_median": 0.836027713625866, "train_std": 0.014191493298602519, "test_mean": 0.8137931034482759, "test_median": 0.8206896551724138, "test_std": 0.032052275968613125}
{"alpha": 0.4, "train_mean": 0.8391070053887605, "train_median": 0.8398768283294842, "train_std": 0.013378096379509465, "test_mean": 0.8013793103448276, "test_median": 0.8068965517241379, "test_std": 0.023650245792389304}
{"alpha": 0.4, "train_mean": 0.8343341031562741, "train_median": 0.8344880677444187, "train_std": 0.009718080885640962, "test_mean": 0.8179310344827586, "test_median": 0.8137931034482758, "test_std": 0.024904096669334897}
{"alpha": 0.9, "train_mean": 0.8434180138568129, "train_median": 0.844495765973826, "train_std": 0.006470177487128777, "test_mean": 0.8137931034482758, "test_median": 0.8206896551724138, "test_std": 0.01632022009130928}
{"alpha": 0.5, "train_mean": 0.841724403387221, "train_median": 0.8429561200923787, "train_std": 0.014398776185666736, "test_mean": 0.8289655172413793, "test_median": 0.8275862068965517, "test_std": 0.020177570811486585}
{"alpha": 0.8, "train_mean": 0.8406466512702078, "train_median": 0.844495765973826, "train_std": 0.011886225752498102, "test_mean": 0.8124137931034483, "test_median": 0.8, "test_std": 0.03187371036770024}