{"alpha": 0.9, "train_mean": 0.63094688221709, "train_median": 0.596612779060816, "train_std": 0.08433353219939899, "test_mean": 0.6399999999999999, "test_median": 0.6, "test_std": 0.09757097480732353}
{"alpha": 0.2, "train_mean": 0.6939183987682833, "train_median": 0.6635873749037722, "train_std": 0.05892762050732786, "test_mean": 0.6855172413793105, "test_median": 0.6620689655172414, "test_std": 0.0622373195733985}

{"alpha": 0.6, "train_mean": 0.6588144726712857, "train_median": 0.6420323325635104, "train_std": 0.0691991610476444, "test_mean": 0.6648275862068965, "test_median": 0.6482758620689655, "test_std": 0.072279020725925}
{"alpha": 0.6, "train_mean": 0.6905311778290993, "train_median": 0.6474210931485759, "train_std": 0.08630673098965831, "test_mean": 0.663448275862069, "test_median": 0.6137931034482759, "test_std": 0.09122237662778733}
{"alpha": 0.5, "train_mean": 0.7003849114703617, "train_median": 0.6905311778290993, "train_std": 0.10039553729827144, "test_mean": 0.7117241379310345, "test_median": 0.6758620689655173, "test_std": 0.08793035834763713}
{"alpha": 0.2, "train_mean": 0.6623556581986143, "train_median": 0.6558891454965358, "train_std": 0.04720615536567764, "test_mean": 0.6634482758620689, "test_median": 0.6620689655172414, "test_std": 0.047860280201096485}
{"alpha": 0.6, "train_mean": 0.6759045419553503, "train_median": 0.6605080831408776, "train_std": 0.026219224581872837, "test_mean": 0.6524137931034483, "test_median": 0.6551724137931034, "test_std": 0.029129258044059157}
{"alpha": 0.5, "train_mean": 0.6577367205542725, "train_median": 0.6435719784449576, "train_std": 0.04504247117486796, "test_mean": 0.675862068965517, "test_median": 0.6551724137931034, "test_std": 0.044907091299585374}
{"alpha": 0.2, "train_mean": 0.6649730561970747, "train_median": 0.6451116243264049, "train_std": 0.03084829508574152, "test_mean": 0.6565517241379311, "test_median": 0.6344827586206897, "test_std": 0.04541262795352917}
{"alpha": 0.9, "train_mean": 0.6438799076212471, "train_median": 0.6335642802155504, "train_std": 0.06033290541720873, "test_mean": 0.6344827586206897, "test_median": 0.6344827586206897, "test_std": 0.0859167531166755}