{"alpha": 0.9, "train_mean": 0.8271861471861472, "train_median": 0.8285714285714286, "train_std": 0.008458302851476937, "test_mean": 0.8249134948096886, "test_median": 0.8304498269896193, "test_std": 0.01617068712186563}
{"alpha": 0.9, "train_mean": 0.824935064935065, "train_median": 0.825974025974026, "train_std": 0.010438557141542182, "test_mean": 0.8221453287197231, "test_median": 0.8235294117647058, "test_std": 0.02301493307725384}

{"alpha": 0.9, "train_mean": 0.8235497835497837, "train_median": 0.8233766233766234, "train_std": 0.0037699638194073305, "test_mean": 0.8214532871972319, "test_median": 0.8096885813148789, "test_std": 0.027033944615397387}
{"alpha": 0.2, "train_mean": 0.8427705627705627, "train_median": 0.8415584415584415, "train_std": 0.00453534228699871, "test_mean": 0.8422145328719723, "test_median": 0.8304498269896193, "test_std": 0.019278046058386344}
{"alpha": 0.9, "train_mean": 0.828051948051948, "train_median": 0.8337662337662337, "train_std": 0.009188917168084221, "test_mean": 0.8221453287197231, "test_median": 0.8235294117647058, "test_std": 0.008361969531899374}
{"alpha": 0.9, "train_mean": 0.8223376623376624, "train_median": 0.8225108225108225, "train_std": 0.009459047815582794, "test_mean": 0.8262975778546713, "test_median": 0.8166089965397924, "test_std": 0.019002809989959835}
{"alpha": 0.9, "train_mean": 0.8252813852813853, "train_median": 0.8251082251082251, "train_std": 0.005907782548651776, "test_mean": 0.815916955017301, "test_median": 0.8200692041522492, "test_std": 0.012647520333907982}
{"alpha": 0.9, "train_mean": 0.8323809523809524, "train_median": 0.8354978354978355, "train_std": 0.005627039587626607, "test_mean": 0.7923875432525952, "test_median": 0.7854671280276817, "test_std": 0.02724570198620002}
{"alpha": 0.9, "train_mean": 0.8268398268398268, "train_median": 0.8277056277056277, "train_std": 0.005194805194805182, "test_mean": 0.833910034602076, "test_median": 0.8235294117647058, "test_std": 0.024072701911316365}
{"alpha": 0.9, "train_mean": 0.822857142857143, "train_median": 0.8233766233766234, "train_std": 0.0053259070127202515, "test_mean": 0.8242214532871973, "test_median": 0.8304498269896193, "test_std": 0.012835458125253567}