{"alpha": 0.9, "train_mean": 0.6323809523809525, "train_median": 0.6329004329004329, "train_std": 0.02061697117386973, "test_mean": 0.6076124567474048, "test_median": 0.5986159169550173, "test_std": 0.028076765086644695}
{"alpha": 0.4, "train_mean": 0.6344588744588744, "train_median": 0.6303030303030303, "train_std": 0.008311688311688315, "test_mean": 0.6332179930795847, "test_median": 0.629757785467128, "test_std": 0.0069204152249135115}

{"alpha": 0.9, "train_mean": 0.6230303030303029, "train_median": 0.6363636363636364, "train_std": 0.022145554671858907, "test_mean": 0.6076124567474048, "test_median": 0.5986159169550173, "test_std": 0.02024738939560942}
{"alpha": 0.8, "train_mean": 0.6384415584415584, "train_median": 0.6207792207792208, "train_std": 0.026310091417604937, "test_mean": 0.6332179930795848, "test_median": 0.6193771626297578, "test_std": 0.019937522893962542}
{"alpha": 0.9, "train_mean": 0.6138528138528139, "train_median": 0.5965367965367966, "train_std": 0.021235961512389077, "test_mean": 0.6020761245674741, "test_median": 0.5986159169550173, "test_std": 0.01907826816898301}
{"alpha": 0.9, "train_mean": 0.623030303030303, "train_median": 0.6311688311688312, "train_std": 0.023626054234889043, "test_mean": 0.6193771626297578, "test_median": 0.6020761245674741, "test_std": 0.024270834486851484}
{"alpha": 0.6, "train_mean": 0.6413852813852814, "train_median": 0.6268398268398269, "train_std": 0.019965300383225876, "test_mean": 0.6463667820069204, "test_median": 0.6262975778546713, "test_std": 0.026838365992616343}
{"alpha": 0.6, "train_mean": 0.639134199134199, "train_median": 0.6354978354978355, "train_std": 0.015578642509357555, "test_mean": 0.6387543252595156, "test_median": 0.629757785467128, "test_std": 0.014283576083425797}
{"alpha": 0.9, "train_mean": 0.6190476190476191, "train_median": 0.5965367965367966, "train_std": 0.027835194870871126, "test_mean": 0.6186851211072664, "test_median": 0.5986159169550173, "test_std": 0.024603998387032793}
{"alpha": 0.9, "train_mean": 0.6256277056277055, "train_median": 0.6251082251082251, "train_std": 0.017578956056395444, "test_mean": 0.6228373702422145, "test_median": 0.629757785467128, "test_std": 0.015161870103949268}