{"alpha": 0.8, "train_mean": 0.6481385281385281, "train_median": 0.6554112554112554, "train_std": 0.01813310315715797, "test_mean": 0.6456747404844292, "test_median": 0.6505190311418685, "test_std": 0.01689488666537535}
{"alpha": 0.9, "train_mean": 0.6304761904761905, "train_median": 0.645021645021645, "train_std": 0.028195878950881867, "test_mean": 0.6200692041522491, "test_median": 0.6262975778546713, "test_std": 0.018099234367642963}

{"alpha": 0.9, "train_mean": 0.6358441558441559, "train_median": 0.6441558441558441, "train_std": 0.020667811001022704, "test_mean": 0.6276816608996539, "test_median": 0.629757785467128, "test_std": 0.0232220923675606}
{"alpha": 0.9, "train_mean": 0.6306493506493507, "train_median": 0.6372294372294373, "train_std": 0.027714284361894444, "test_mean": 0.6152249134948097, "test_median": 0.6401384083044983, "test_std": 0.04217480687942585}
{"alpha": 0.8, "train_mean": 0.6401731601731602, "train_median": 0.645021645021645, "train_std": 0.01677599493649575, "test_mean": 0.6401384083044983, "test_median": 0.6470588235294118, "test_std": 0.01764366613699927}
{"alpha": 0.8, "train_mean": 0.6367099567099567, "train_median": 0.6363636363636364, "train_std": 0.021638786980866916, "test_mean": 0.6359861591695501, "test_median": 0.6332179930795848, "test_std": 0.02057587369871072}
{"alpha": 0.9, "train_mean": 0.6323809523809524, "train_median": 0.6441558441558441, "train_std": 0.02568730638249868, "test_mean": 0.6235294117647058, "test_median": 0.6055363321799307, "test_std": 0.02788850059461579}
{"alpha": 0.8, "train_mean": 0.638095238095238, "train_median": 0.6173160173160173, "train_std": 0.027318727097157287, "test_mean": 0.6290657439446367, "test_median": 0.6228373702422145, "test_std": 0.018099234367642922}
{"alpha": 0.5, "train_mean": 0.6481385281385281, "train_median": 0.6329004329004329, "train_std": 0.02321638200809614, "test_mean": 0.6442906574394464, "test_median": 0.629757785467128, "test_std": 0.020691925796160606}
{"alpha": 0.9, "train_mean": 0.6290909090909091, "train_median": 0.6484848484848484, "train_std": 0.026700377859596693, "test_mean": 0.62560553633218, "test_median": 0.6124567474048442, "test_std": 0.027888500594615777}