{"alpha": 0.8, "train_mean": 0.6797761790567547, "train_median": 0.6770583533173461, "train_std": 0.0068128779385012075, "test_mean": 0.6704663212435232, "test_median": 0.6735751295336787, "test_std": 0.01721580075216183}
{"alpha": 0.9, "train_mean": 0.6588329336530775, "train_median": 0.6594724220623501, "train_std": 0.0015500175403409583, "test_mean": 0.6497409326424871, "test_median": 0.6424870466321243, "test_std": 0.011632095502924189}

{"alpha": 0.6, "train_mean": 0.6879296562749799, "train_median": 0.689048760991207, "train_std": 0.0033382275008506817, "test_mean": 0.6766839378238341, "test_median": 0.6735751295336787, "test_std": 0.016580310880828994}
{"alpha": 0.8, "train_mean": 0.6788169464428457, "train_median": 0.6770583533173461, "train_std": 0.004504876995557269, "test_mean": 0.6735751295336787, "test_median": 0.6735751295336787, "test_std": 0.009830915005704793}
{"alpha": 0.9, "train_mean": 0.6786570743405276, "train_median": 0.657074340527578, "train_std": 0.04318618681476212, "test_mean": 0.6808290155440415, "test_median": 0.6683937823834197, "test_std": 0.03628423088085306}
{"alpha": 0.9, "train_mean": 0.6585131894484413, "train_median": 0.6578737010391686, "train_std": 0.0024455729081979617, "test_mean": 0.6538860103626943, "test_median": 0.6580310880829016, "test_std": 0.015851874135521603}
{"alpha": 0.9, "train_mean": 0.6858513189448441, "train_median": 0.6594724220623501, "train_std": 0.05597578702191558, "test_mean": 0.6849740932642487, "test_median": 0.6632124352331606, "test_std": 0.054775441601668466}
{"alpha": 0.2, "train_mean": 0.7000799360511591, "train_median": 0.701039168665068, "train_std": 0.0012789768185451854, "test_mean": 0.6797927461139895, "test_median": 0.6735751295336787, "test_std": 0.008290155440414537}
{"alpha": 0.8, "train_mean": 0.6776978417266187, "train_median": 0.6786570743405276, "train_std": 0.0019184652278177318, "test_mean": 0.6694300518134715, "test_median": 0.6632124352331606, "test_std": 0.012435233160621754}
{"alpha": 0.6, "train_mean": 0.6890487609912069, "train_median": 0.6898481215027977, "train_std": 0.003883279872579092, "test_mean": 0.6694300518134716, "test_median": 0.6580310880829016, "test_std": 0.016515417047159826}
{"alpha": 0.9, "train_mean": 0.6569144684252598, "train_median": 0.657074340527578, "train_std": 0.0017802603877954048, "test_mean": 0.6642487046632125, "test_median": 0.6632124352331606, "test_std": 0.011539408005865334}