{"alpha": 0.9, "train_mean": 0.6938528138528139, "train_median": 0.6943722943722944, "train_std": 0.0019437181229994508, "test_mean": 0.6885813148788926, "test_median": 0.6920415224913494, "test_std": 0.012946911372920216}
{"alpha": 0.9, "train_mean": 0.6917748917748918, "train_median": 0.6926406926406926, "train_std": 0.00189687465802655, "test_mean": 0.6975778546712803, "test_median": 0.6885813148788927, "test_std": 0.014114932909599405}

{"alpha": 0.9, "train_mean": 0.692987012987013, "train_median": 0.6952380952380952, "train_std": 0.0038951417763470183, "test_mean": 0.6927335640138408, "test_median": 0.6885813148788927, "test_std": 0.009128654642403417}
{"alpha": 0.9, "train_mean": 0.6926406926406926, "train_median": 0.6961038961038961, "train_std": 0.00690472797831233, "test_mean": 0.6837370242214533, "test_median": 0.6608996539792388, "test_std": 0.03532802496359923}
{"alpha": 0.9, "train_mean": 0.6962770562770564, "train_median": 0.6943722943722944, "train_std": 0.00540415118071938, "test_mean": 0.671280276816609, "test_median": 0.671280276816609, "test_std": 0.025801179075857796}
{"alpha": 0.9, "train_mean": 0.6928138528138528, "train_median": 0.6935064935064935, "train_std": 0.003068406086003356, "test_mean": 0.6837370242214533, "test_median": 0.6816608996539792, "test_std": 0.02432995962802344}
{"alpha": 0.8, "train_mean": 0.7047619047619048, "train_median": 0.7038961038961039, "train_std": 0.0029992221776084464, "test_mean": 0.6858131487889273, "test_median": 0.6816608996539792, "test_std": 0.010123694697804695}
{"alpha": 0.9, "train_mean": 0.6973160173160174, "train_median": 0.696969696969697, "train_std": 0.0028241569576277327, "test_mean": 0.6782006920415224, "test_median": 0.6816608996539792, "test_std": 0.006189807550172411}
{"alpha": 0.8, "train_mean": 0.7023376623376623, "train_median": 0.7021645021645022, "train_std": 0.0029181471075935606, "test_mean": 0.6920415224913495, "test_median": 0.6851211072664359, "test_std": 0.016522264894551327}
{"alpha": 0.9, "train_mean": 0.6916017316017317, "train_median": 0.6917748917748918, "train_std": 0.0017658942038416548, "test_mean": 0.6927335640138408, "test_median": 0.6885813148788927, "test_std": 0.016866515718967412}