{"alpha": 0.9, "train_mean": 0.6237229437229437, "train_median": 0.6354978354978355, "train_std": 0.023125798822228948, "test_mean": 0.6221453287197232, "test_median": 0.6332179930795848, "test_std": 0.019377162629757826}
{"alpha": 0.9, "train_mean": 0.6303030303030303, "train_median": 0.6484848484848484, "train_std": 0.02778128198882268, "test_mean": 0.6235294117647059, "test_median": 0.6228373702422145, "test_std": 0.02267954271027537}

{"alpha": 0.9, "train_mean": 0.6228571428571429, "train_median": 0.606926406926407, "train_std": 0.028297784424968758, "test_mean": 0.6207612456747406, "test_median": 0.6089965397923875, "test_std": 0.02342741990285228}
{"alpha": 0.9, "train_mean": 0.614025974025974, "train_median": 0.5965367965367966, "train_std": 0.02163047129991643, "test_mean": 0.6131487889273356, "test_median": 0.5986159169550173, "test_std": 0.019377162629757815}
{"alpha": 0.8, "train_mean": 0.6420779220779221, "train_median": 0.6320346320346321, "train_std": 0.02647482577124351, "test_mean": 0.6442906574394464, "test_median": 0.629757785467128, "test_std": 0.029717523257555542}
{"alpha": 0.9, "train_mean": 0.6438095238095237, "train_median": 0.6432900432900432, "train_std": 0.006136812172006702, "test_mean": 0.639446366782007, "test_median": 0.6332179930795848, "test_std": 0.014745519552015572}
{"alpha": 0.9, "train_mean": 0.6427705627705628, "train_median": 0.6467532467532467, "train_std": 0.012601492916820957, "test_mean": 0.6366782006920415, "test_median": 0.629757785467128, "test_std": 0.013666725022928356}
{"alpha": 0.9, "train_mean": 0.6114285714285714, "train_median": 0.5965367965367966, "train_std": 0.020476876881862453, "test_mean": 0.6117647058823529, "test_median": 0.5986159169550173, "test_std": 0.018876376051191527}
{"alpha": 0.9, "train_mean": 0.6303030303030303, "train_median": 0.6398268398268399, "train_std": 0.024168098801548576, "test_mean": 0.629757785467128, "test_median": 0.629757785467128, "test_std": 0.025238176510464325}
{"alpha": 0.8, "train_mean": 0.6361904761904762, "train_median": 0.6155844155844156, "train_std": 0.02588382606553048, "test_mean": 0.6346020761245675, "test_median": 0.615916955017301, "test_std": 0.02352941176470587}