{"alpha": 0.9, "train_mean": 0.6046189376443418, "train_median": 0.605080831408776, "train_std": 0.0026489069336544007, "test_mean": 0.6041379310344828, "test_median": 0.593103448275862, "test_std": 0.019796827716423934}
{"alpha": 0.9, "train_mean": 0.6043110084680524, "train_median": 0.6027713625866051, "train_std": 0.005333489784661671, "test_mean": 0.5889655172413794, "test_median": 0.5862068965517241, "test_std": 0.007033130363576239}
{"alpha": 0.9, "train_mean": 0.6078521939953812, "train_median": 0.6073903002309469, "train_std": 0.006014480364780499, "test_mean": 0.5627586206896552, "test_median": 0.5793103448275863, "test_std": 0.036907829407612835}

{"alpha": 0.9, "train_mean": 0.6044649730561971, "train_median": 0.5996920708237106, "train_std": 0.006521268232347168, "test_mean": 0.5751724137931034, "test_median": 0.5793103448275863, "test_std": 0.01931034482758621}
{"alpha": 0.9, "train_mean": 0.6066204772902233, "train_median": 0.6073903002309469, "train_std": 0.005377751869614479, "test_mean": 0.5944827586206897, "test_median": 0.6, "test_std": 0.014066260727152504}
{"alpha": 0.9, "train_mean": 0.6049268668206313, "train_median": 0.6004618937644342, "train_std": 0.007129075844674489, "test_mean": 0.5834482758620689, "test_median": 0.593103448275862, "test_std": 0.015482720221133532}
{"alpha": 0.9, "train_mean": 0.603387220939184, "train_median": 0.5996920708237106, "train_std": 0.005252878247646503, "test_mean": 0.6, "test_median": 0.6, "test_std": 0.0}
{"alpha": 0.9, "train_mean": 0.606158583525789, "train_median": 0.6035411855273287, "train_std": 0.005189314717891532, "test_mean": 0.5834482758620689, "test_median": 0.5862068965517241, "test_std": 0.014200869159982053}
{"alpha": 0.9, "train_mean": 0.605080831408776, "train_median": 0.6035411855273287, "train_std": 0.0037713467941234424, "test_mean": 0.5848275862068966, "test_median": 0.593103448275862, "test_std": 0.01819435304589367}
{"alpha": 0.9, "train_mean": 0.6020015396458815, "train_median": 0.5996920708237106, "train_std": 0.005129586219848395, "test_mean": 0.5889655172413794, "test_median": 0.6, "test_std": 0.013514426167079577}
{"alpha": 0.9, "train_mean": 0.6064665127020785, "train_median": 0.6089299461123941, "train_std": 0.004654724082472967, "test_mean": 0.576551724137931, "test_median": 0.5793103448275863, "test_std": 0.020735581211548837}
{"alpha": 0.9, "train_mean": 0.6103156274056967, "train_median": 0.6120092378752887, "train_std": 0.004654724082472956, "test_mean": 0.5724137931034482, "test_median": 0.5724137931034483, "test_std": 0.0157265575875743}
{"alpha": 0.9, "train_mean": 0.6080061585835258, "train_median": 0.6073903002309469, "train_std": 0.0028138055246338858, "test_mean": 0.5806896551724139, "test_median": 0.5793103448275863, "test_std": 0.01819435304589367}