{"alpha": 0.9, "train_mean": 0.8258008658008658, "train_median": 0.8242424242424242, "train_std": 0.005568116083398597, "test_mean": 0.8339100346020762, "test_median": 0.8304498269896193, "test_std": 0.01435047844520948}
{"alpha": 0.9, "train_mean": 0.8240692640692642, "train_median": 0.8268398268398268, "train_std": 0.005404151180719384, "test_mean": 0.8207612456747404, "test_median": 0.8235294117647058, "test_std": 0.01474551955201556}

{"alpha": 0.8, "train_mean": 0.8474458874458873, "train_median": 0.8467532467532467, "train_std": 0.0029181471075935515, "test_mean": 0.8380622837370243, "test_median": 0.8339100346020761, "test_std": 0.008588009443592292}
{"alpha": 0.9, "train_mean": 0.8233766233766234, "train_median": 0.8181818181818182, "train_std": 0.008322503785764795, "test_mean": 0.8221453287197231, "test_median": 0.8235294117647058, "test_std": 0.011906332549539959}
{"alpha": 0.9, "train_mean": 0.8232034632034632, "train_median": 0.8181818181818182, "train_std": 0.008699467835207215, "test_mean": 0.8276816608996539, "test_median": 0.8235294117647058, "test_std": 0.010586199682199536}
{"alpha": 0.2, "train_mean": 0.8476190476190476, "train_median": 0.8476190476190476, "train_std": 0.003419639421321473, "test_mean": 0.8283737024221454, "test_median": 0.8235294117647058, "test_std": 0.0142835760834258}
{"alpha": 0.9, "train_mean": 0.8306493506493506, "train_median": 0.8311688311688312, "train_std": 0.004600980175094842, "test_mean": 0.8228373702422145, "test_median": 0.8235294117647058, "test_std": 0.01490703060798479}
{"alpha": 0.9, "train_mean": 0.8226839826839827, "train_median": 0.8207792207792208, "train_std": 0.007516029234358673, "test_mean": 0.8311418685121108, "test_median": 0.8373702422145328, "test_std": 0.015381391536950081}
{"alpha": 0.9, "train_mean": 0.8197402597402597, "train_median": 0.8207792207792208, "train_std": 0.0051192192204656175, "test_mean": 0.8242214532871973, "test_median": 0.8200692041522492, "test_std": 0.015992000011475906}
{"alpha": 0.2, "train_mean": 0.8458874458874458, "train_median": 0.8458874458874459, "train_std": 0.003145610757503876, "test_mean": 0.827681660899654, "test_median": 0.8269896193771626, "test_std": 0.021708494313298438}