membership average RMSE,0.30350242278120632
membership average median,0.0033716471047378843
membership average STDEV,0.18540512119442512
possibility average RMSE,0.48260193203981816
possibility average median,0.056920500712500745
possibility average STDEV,0.39517070647796981
