membership average RMSE,0.42011793262545877
membership average median,0.074369637052707535
membership average STDEV,0.371841344469512
possibility average RMSE,0.69107494276865911
possibility average median,0.11059563087818539
possibility average STDEV,0.81591986197015509
